<?xml version="1.0" encoding="UTF-8" standalone="yes"?>
<gpx xmlns="http://www.topografix.com/GPX/1/1" xmlns:tt="TT" version="1.1" creator="TomTom MyDrive">
    <wpt lat="50.054435" lon="8.590622">
        <type>TT_HARD</type>
    </wpt>
    <wpt lat="48.834237" lon="9.15225">
        <type>TT_HARD</type>
    </wpt>
    <wpt lat="47.506669" lon="10.371405">
        <type>TT_HARD</type>
    </wpt>
    <wpt lat="47.525191" lon="10.431596">
        <type>TT_HARD</type>
    </wpt>
    <wpt lat="47.521519" lon="11.281799">
        <type>TT_HARD</type>
    </wpt>
    <wpt lat="47.558691" lon="11.486293">
        <type>TT_HARD</type>
    </wpt>
    <wpt lat="47.583308" lon="11.617939">
        <type>TT_HARD</type>
    </wpt>
    <wpt lat="47.74819" lon="11.841649">
        <type>TT_HARD</type>
    </wpt>
    <wpt lat="47.674013599457965" lon="12.015892560055931">
        <type>TT_HARD</type>
    </wpt>
    <wpt lat="47.648" lon="12.169">
        <type>TT_HARD</type>
    </wpt>
    <rte>
        <name>2027 Dag 1</name>
        <rtept lat="50.054435" lon="8.590622">
            <type>TT_HARD</type>
        </rtept>
        <rtept lat="48.834237" lon="9.15225">
            <type>TT_HARD</type>
        </rtept>
        <rtept lat="47.506669" lon="10.371405">
            <type>TT_HARD</type>
        </rtept>
        <rtept lat="47.525191" lon="10.431596">
            <type>TT_HARD</type>
        </rtept>
        <rtept lat="47.521519" lon="11.281799">
            <type>TT_HARD</type>
        </rtept>
        <rtept lat="47.558691" lon="11.486293">
            <type>TT_HARD</type>
        </rtept>
        <rtept lat="47.583308" lon="11.617939">
            <type>TT_HARD</type>
        </rtept>
        <rtept lat="47.74819" lon="11.841649">
            <type>TT_HARD</type>
        </rtept>
        <rtept lat="47.674013599457965" lon="12.015892560055931">
            <type>TT_HARD</type>
        </rtept>
        <rtept lat="47.648" lon="12.169">
            <type>TT_HARD</type>
        </rtept>
    </rte>
    <trk>
        <name>2027 Dag 1</name>
        <trkseg>
            <trkpt lat="50.0543" lon="8.5906"/>
            <trkpt lat="50.05434" lon="8.59015"/>
            <trkpt lat="50.05435" lon="8.59005"/>
            <trkpt lat="50.05439" lon="8.59"/>
            <trkpt lat="50.05446" lon="8.58999"/>
            <trkpt lat="50.0547" lon="8.59013"/>
            <trkpt lat="50.05489" lon="8.59024"/>
            <trkpt lat="50.05517" lon="8.59037"/>
            <trkpt lat="50.05517" lon="8.59043"/>
            <trkpt lat="50.05518" lon="8.59048"/>
            <trkpt lat="50.0552" lon="8.59054"/>
            <trkpt lat="50.05523" lon="8.59057"/>
            <trkpt lat="50.05525" lon="8.59058"/>
            <trkpt lat="50.05528" lon="8.59059"/>
            <trkpt lat="50.05532" lon="8.59059"/>
            <trkpt lat="50.05534" lon="8.59058"/>
            <trkpt lat="50.05536" lon="8.59056"/>
            <trkpt lat="50.05538" lon="8.59052"/>
            <trkpt lat="50.05539" lon="8.59047"/>
            <trkpt lat="50.05539" lon="8.59042"/>
            <trkpt lat="50.05538" lon="8.59033"/>
            <trkpt lat="50.05537" lon="8.59029"/>
            <trkpt lat="50.05533" lon="8.59026"/>
            <trkpt lat="50.05535" lon="8.58988"/>
            <trkpt lat="50.05541" lon="8.58903"/>
            <trkpt lat="50.05542" lon="8.58875"/>
            <trkpt lat="50.05549" lon="8.58793"/>
            <trkpt lat="50.05553" lon="8.58764"/>
            <trkpt lat="50.05559" lon="8.58725"/>
            <trkpt lat="50.0558" lon="8.58739"/>
            <trkpt lat="50.05599" lon="8.58752"/>
            <trkpt lat="50.05619" lon="8.58767"/>
            <trkpt lat="50.05623" lon="8.58773"/>
            <trkpt lat="50.05627" lon="8.58776"/>
            <trkpt lat="50.05649" lon="8.58798"/>
            <trkpt lat="50.05658" lon="8.58813"/>
            <trkpt lat="50.05669" lon="8.58832"/>
            <trkpt lat="50.05688" lon="8.5887"/>
            <trkpt lat="50.057" lon="8.58915"/>
            <trkpt lat="50.05706" lon="8.58935"/>
            <trkpt lat="50.05709" lon="8.58948"/>
            <trkpt lat="50.05724" lon="8.5901"/>
            <trkpt lat="50.05735" lon="8.59055"/>
            <trkpt lat="50.05755" lon="8.59131"/>
            <trkpt lat="50.05758" lon="8.59145"/>
            <trkpt lat="50.0577" lon="8.59205"/>
            <trkpt lat="50.05778" lon="8.59251"/>
            <trkpt lat="50.05785" lon="8.59279"/>
            <trkpt lat="50.0579" lon="8.59337"/>
            <trkpt lat="50.05794" lon="8.59448"/>
            <trkpt lat="50.05795" lon="8.59538"/>
            <trkpt lat="50.05794" lon="8.5966"/>
            <trkpt lat="50.0579" lon="8.59782"/>
            <trkpt lat="50.05787" lon="8.59896"/>
            <trkpt lat="50.05779" lon="8.6"/>
            <trkpt lat="50.05777" lon="8.60038"/>
            <trkpt lat="50.05767" lon="8.60154"/>
            <trkpt lat="50.05762" lon="8.60214"/>
            <trkpt lat="50.05755" lon="8.6029"/>
            <trkpt lat="50.05738" lon="8.60364"/>
            <trkpt lat="50.05733" lon="8.60379"/>
            <trkpt lat="50.0573" lon="8.60391"/>
            <trkpt lat="50.05727" lon="8.60397"/>
            <trkpt lat="50.05725" lon="8.604"/>
            <trkpt lat="50.05713" lon="8.60423"/>
            <trkpt lat="50.05706" lon="8.60433"/>
            <trkpt lat="50.057" lon="8.60439"/>
            <trkpt lat="50.05693" lon="8.60445"/>
            <trkpt lat="50.05664" lon="8.6047"/>
            <trkpt lat="50.05649" lon="8.60481"/>
            <trkpt lat="50.05637" lon="8.60488"/>
            <trkpt lat="50.05615" lon="8.60495"/>
            <trkpt lat="50.05599" lon="8.605"/>
            <trkpt lat="50.05575" lon="8.60501"/>
            <trkpt lat="50.05545" lon="8.60498"/>
            <trkpt lat="50.05515" lon="8.60492"/>
            <trkpt lat="50.05477" lon="8.60479"/>
            <trkpt lat="50.05431" lon="8.6046"/>
            <trkpt lat="50.05417" lon="8.60458"/>
            <trkpt lat="50.05391" lon="8.60445"/>
            <trkpt lat="50.05371" lon="8.60435"/>
            <trkpt lat="50.05369" lon="8.60434"/>
            <trkpt lat="50.0536" lon="8.6043"/>
            <trkpt lat="50.05342" lon="8.60421"/>
            <trkpt lat="50.05329" lon="8.60415"/>
            <trkpt lat="50.05317" lon="8.60409"/>
            <trkpt lat="50.05308" lon="8.60405"/>
            <trkpt lat="50.05298" lon="8.60401"/>
            <trkpt lat="50.05284" lon="8.60394"/>
            <trkpt lat="50.05265" lon="8.60386"/>
            <trkpt lat="50.05213" lon="8.60361"/>
            <trkpt lat="50.05171" lon="8.60339"/>
            <trkpt lat="50.05017" lon="8.60262"/>
            <trkpt lat="50.04979" lon="8.60243"/>
            <trkpt lat="50.04803" lon="8.60155"/>
            <trkpt lat="50.04712" lon="8.60109"/>
            <trkpt lat="50.04566" lon="8.60034"/>
            <trkpt lat="50.04282" lon="8.59891"/>
            <trkpt lat="50.04213" lon="8.59858"/>
            <trkpt lat="50.03983" lon="8.59745"/>
            <trkpt lat="50.03928" lon="8.59717"/>
            <trkpt lat="50.03703" lon="8.59604"/>
            <trkpt lat="50.03568" lon="8.59539"/>
            <trkpt lat="50.03381" lon="8.59456"/>
            <trkpt lat="50.03304" lon="8.59424"/>
            <trkpt lat="50.03208" lon="8.59389"/>
            <trkpt lat="50.03174" lon="8.59378"/>
            <trkpt lat="50.03125" lon="8.59363"/>
            <trkpt lat="50.03058" lon="8.59342"/>
            <trkpt lat="50.0302" lon="8.59334"/>
            <trkpt lat="50.02929" lon="8.59313"/>
            <trkpt lat="50.02921" lon="8.59311"/>
            <trkpt lat="50.02869" lon="8.59299"/>
            <trkpt lat="50.02792" lon="8.59284"/>
            <trkpt lat="50.02698" lon="8.59269"/>
            <trkpt lat="50.02691" lon="8.59268"/>
            <trkpt lat="50.0262" lon="8.59259"/>
            <trkpt lat="50.02614" lon="8.59258"/>
            <trkpt lat="50.0261" lon="8.59257"/>
            <trkpt lat="50.02508" lon="8.59248"/>
            <trkpt lat="50.02359" lon="8.59241"/>
            <trkpt lat="50.02261" lon="8.59242"/>
            <trkpt lat="50.02222" lon="8.59244"/>
            <trkpt lat="50.02038" lon="8.59261"/>
            <trkpt lat="50.01956" lon="8.59271"/>
            <trkpt lat="50.0189" lon="8.59281"/>
            <trkpt lat="50.01874" lon="8.59283"/>
            <trkpt lat="50.01853" lon="8.59286"/>
            <trkpt lat="50.01816" lon="8.59292"/>
            <trkpt lat="50.01754" lon="8.59304"/>
            <trkpt lat="50.016" lon="8.59332"/>
            <trkpt lat="50.01266" lon="8.5941"/>
            <trkpt lat="50.00977" lon="8.59479"/>
            <trkpt lat="50.00895" lon="8.59498"/>
            <trkpt lat="50.00787" lon="8.59524"/>
            <trkpt lat="50.00623" lon="8.59563"/>
            <trkpt lat="50.00411" lon="8.59615"/>
            <trkpt lat="50.00157" lon="8.59674"/>
            <trkpt lat="50.00046" lon="8.59702"/>
            <trkpt lat="49.99963" lon="8.59721"/>
            <trkpt lat="49.99948" lon="8.59725"/>
            <trkpt lat="49.99903" lon="8.59735"/>
            <trkpt lat="49.99822" lon="8.59755"/>
            <trkpt lat="49.99759" lon="8.5977"/>
            <trkpt lat="49.98899" lon="8.59974"/>
            <trkpt lat="49.98846" lon="8.59988"/>
            <trkpt lat="49.98779" lon="8.60003"/>
            <trkpt lat="49.98779" lon="8.60003"/>
            <trkpt lat="49.98741" lon="8.60013"/>
            <trkpt lat="49.98714" lon="8.60019"/>
            <trkpt lat="49.98579" lon="8.60052"/>
            <trkpt lat="49.98404" lon="8.60094"/>
            <trkpt lat="49.98328" lon="8.60112"/>
            <trkpt lat="49.98318" lon="8.60114"/>
            <trkpt lat="49.98051" lon="8.6018"/>
            <trkpt lat="49.9796" lon="8.60203"/>
            <trkpt lat="49.97902" lon="8.60216"/>
            <trkpt lat="49.97663" lon="8.60272"/>
            <trkpt lat="49.9758" lon="8.60291"/>
            <trkpt lat="49.97558" lon="8.60297"/>
            <trkpt lat="49.975" lon="8.60312"/>
            <trkpt lat="49.97378" lon="8.60345"/>
            <trkpt lat="49.97309" lon="8.60359"/>
            <trkpt lat="49.9726" lon="8.60371"/>
            <trkpt lat="49.97237" lon="8.60377"/>
            <trkpt lat="49.97123" lon="8.60405"/>
            <trkpt lat="49.97033" lon="8.60426"/>
            <trkpt lat="49.9698" lon="8.60438"/>
            <trkpt lat="49.96676" lon="8.60511"/>
            <trkpt lat="49.96661" lon="8.60515"/>
            <trkpt lat="49.96582" lon="8.60532"/>
            <trkpt lat="49.96499" lon="8.60549"/>
            <trkpt lat="49.95679" lon="8.60744"/>
            <trkpt lat="49.95561" lon="8.6077"/>
            <trkpt lat="49.95416" lon="8.60805"/>
            <trkpt lat="49.95398" lon="8.60809"/>
            <trkpt lat="49.95082" lon="8.60886"/>
            <trkpt lat="49.9493" lon="8.60922"/>
            <trkpt lat="49.9444" lon="8.61042"/>
            <trkpt lat="49.94413" lon="8.61048"/>
            <trkpt lat="49.94385" lon="8.61055"/>
            <trkpt lat="49.94334" lon="8.61067"/>
            <trkpt lat="49.94254" lon="8.61086"/>
            <trkpt lat="49.94015" lon="8.61144"/>
            <trkpt lat="49.9394" lon="8.6116"/>
            <trkpt lat="49.93854" lon="8.61179"/>
            <trkpt lat="49.93845" lon="8.61181"/>
            <trkpt lat="49.93835" lon="8.61184"/>
            <trkpt lat="49.93629" lon="8.61232"/>
            <trkpt lat="49.93614" lon="8.61236"/>
            <trkpt lat="49.93502" lon="8.61258"/>
            <trkpt lat="49.93355" lon="8.61281"/>
            <trkpt lat="49.93318" lon="8.61286"/>
            <trkpt lat="49.9331" lon="8.61287"/>
            <trkpt lat="49.93208" lon="8.61297"/>
            <trkpt lat="49.93084" lon="8.61302"/>
            <trkpt lat="49.93053" lon="8.61302"/>
            <trkpt lat="49.9296" lon="8.61303"/>
            <trkpt lat="49.92831" lon="8.61296"/>
            <trkpt lat="49.92677" lon="8.6128"/>
            <trkpt lat="49.92582" lon="8.61265"/>
            <trkpt lat="49.9246" lon="8.61241"/>
            <trkpt lat="49.92344" lon="8.61214"/>
            <trkpt lat="49.9222" lon="8.61179"/>
            <trkpt lat="49.92188" lon="8.61168"/>
            <trkpt lat="49.92156" lon="8.61158"/>
            <trkpt lat="49.91625" lon="8.60972"/>
            <trkpt lat="49.91488" lon="8.60925"/>
            <trkpt lat="49.91421" lon="8.60905"/>
            <trkpt lat="49.91284" lon="8.60868"/>
            <trkpt lat="49.9114" lon="8.60834"/>
            <trkpt lat="49.91088" lon="8.60824"/>
            <trkpt lat="49.91041" lon="8.60814"/>
            <trkpt lat="49.91015" lon="8.60808"/>
            <trkpt lat="49.9088" lon="8.60784"/>
            <trkpt lat="49.90819" lon="8.60773"/>
            <trkpt lat="49.90732" lon="8.60755"/>
            <trkpt lat="49.90633" lon="8.60736"/>
            <trkpt lat="49.90572" lon="8.60726"/>
            <trkpt lat="49.90402" lon="8.60692"/>
            <trkpt lat="49.90397" lon="8.60691"/>
            <trkpt lat="49.90386" lon="8.60689"/>
            <trkpt lat="49.90348" lon="8.60683"/>
            <trkpt lat="49.90304" lon="8.60673"/>
            <trkpt lat="49.90254" lon="8.6066"/>
            <trkpt lat="49.90113" lon="8.60632"/>
            <trkpt lat="49.90086" lon="8.60626"/>
            <trkpt lat="49.90049" lon="8.60617"/>
            <trkpt lat="49.8999" lon="8.60605"/>
            <trkpt lat="49.89867" lon="8.60581"/>
            <trkpt lat="49.89857" lon="8.6058"/>
            <trkpt lat="49.89654" lon="8.60539"/>
            <trkpt lat="49.89448" lon="8.60503"/>
            <trkpt lat="49.89411" lon="8.60496"/>
            <trkpt lat="49.89379" lon="8.60491"/>
            <trkpt lat="49.89314" lon="8.60477"/>
            <trkpt lat="49.89282" lon="8.60471"/>
            <trkpt lat="49.89126" lon="8.60441"/>
            <trkpt lat="49.891" lon="8.60435"/>
            <trkpt lat="49.89077" lon="8.6043"/>
            <trkpt lat="49.88903" lon="8.60397"/>
            <trkpt lat="49.88777" lon="8.60372"/>
            <trkpt lat="49.88475" lon="8.60318"/>
            <trkpt lat="49.88381" lon="8.60302"/>
            <trkpt lat="49.88285" lon="8.60284"/>
            <trkpt lat="49.88046" lon="8.60245"/>
            <trkpt lat="49.87972" lon="8.60232"/>
            <trkpt lat="49.87793" lon="8.60203"/>
            <trkpt lat="49.87773" lon="8.60199"/>
            <trkpt lat="49.87741" lon="8.60195"/>
            <trkpt lat="49.87719" lon="8.6019"/>
            <trkpt lat="49.87694" lon="8.60186"/>
            <trkpt lat="49.87665" lon="8.60181"/>
            <trkpt lat="49.87518" lon="8.60157"/>
            <trkpt lat="49.87393" lon="8.60137"/>
            <trkpt lat="49.87217" lon="8.60106"/>
            <trkpt lat="49.8718" lon="8.60098"/>
            <trkpt lat="49.87111" lon="8.60085"/>
            <trkpt lat="49.87083" lon="8.60078"/>
            <trkpt lat="49.87071" lon="8.60075"/>
            <trkpt lat="49.8704" lon="8.60069"/>
            <trkpt lat="49.8703" lon="8.60066"/>
            <trkpt lat="49.87026" lon="8.60065"/>
            <trkpt lat="49.86973" lon="8.60056"/>
            <trkpt lat="49.86877" lon="8.60036"/>
            <trkpt lat="49.86767" lon="8.60007"/>
            <trkpt lat="49.86734" lon="8.59997"/>
            <trkpt lat="49.86714" lon="8.59991"/>
            <trkpt lat="49.86683" lon="8.59982"/>
            <trkpt lat="49.86604" lon="8.59961"/>
            <trkpt lat="49.86587" lon="8.59957"/>
            <trkpt lat="49.86583" lon="8.59956"/>
            <trkpt lat="49.86572" lon="8.59953"/>
            <trkpt lat="49.86565" lon="8.59951"/>
            <trkpt lat="49.86522" lon="8.59942"/>
            <trkpt lat="49.86508" lon="8.5994"/>
            <trkpt lat="49.86414" lon="8.59923"/>
            <trkpt lat="49.86381" lon="8.59918"/>
            <trkpt lat="49.86362" lon="8.59916"/>
            <trkpt lat="49.86312" lon="8.59905"/>
            <trkpt lat="49.86264" lon="8.59898"/>
            <trkpt lat="49.86246" lon="8.59894"/>
            <trkpt lat="49.8609" lon="8.59858"/>
            <trkpt lat="49.85853" lon="8.59804"/>
            <trkpt lat="49.85834" lon="8.598"/>
            <trkpt lat="49.85752" lon="8.59781"/>
            <trkpt lat="49.8564" lon="8.59756"/>
            <trkpt lat="49.85601" lon="8.59747"/>
            <trkpt lat="49.85596" lon="8.59746"/>
            <trkpt lat="49.85551" lon="8.59739"/>
            <trkpt lat="49.85522" lon="8.59732"/>
            <trkpt lat="49.85162" lon="8.59649"/>
            <trkpt lat="49.85044" lon="8.59627"/>
            <trkpt lat="49.85004" lon="8.5962"/>
            <trkpt lat="49.84968" lon="8.59612"/>
            <trkpt lat="49.84894" lon="8.59598"/>
            <trkpt lat="49.84696" lon="8.59559"/>
            <trkpt lat="49.84276" lon="8.59476"/>
            <trkpt lat="49.83932" lon="8.59406"/>
            <trkpt lat="49.83795" lon="8.59381"/>
            <trkpt lat="49.8375" lon="8.59371"/>
            <trkpt lat="49.8367" lon="8.59353"/>
            <trkpt lat="49.83608" lon="8.59335"/>
            <trkpt lat="49.83514" lon="8.59302"/>
            <trkpt lat="49.83469" lon="8.59284"/>
            <trkpt lat="49.83398" lon="8.5925"/>
            <trkpt lat="49.83394" lon="8.59248"/>
            <trkpt lat="49.8332" lon="8.59208"/>
            <trkpt lat="49.83246" lon="8.59162"/>
            <trkpt lat="49.832" lon="8.59131"/>
            <trkpt lat="49.83005" lon="8.58999"/>
            <trkpt lat="49.82649" lon="8.5876"/>
            <trkpt lat="49.8251" lon="8.58667"/>
            <trkpt lat="49.8213" lon="8.58412"/>
            <trkpt lat="49.81974" lon="8.58307"/>
            <trkpt lat="49.81947" lon="8.58288"/>
            <trkpt lat="49.81926" lon="8.58274"/>
            <trkpt lat="49.81902" lon="8.58258"/>
            <trkpt lat="49.81649" lon="8.58089"/>
            <trkpt lat="49.81584" lon="8.58044"/>
            <trkpt lat="49.81569" lon="8.58035"/>
            <trkpt lat="49.81453" lon="8.57954"/>
            <trkpt lat="49.81201" lon="8.57785"/>
            <trkpt lat="49.81062" lon="8.57692"/>
            <trkpt lat="49.81008" lon="8.57655"/>
            <trkpt lat="49.80916" lon="8.57592"/>
            <trkpt lat="49.80747" lon="8.5748"/>
            <trkpt lat="49.80601" lon="8.57379"/>
            <trkpt lat="49.80326" lon="8.57197"/>
            <trkpt lat="49.80285" lon="8.5717"/>
            <trkpt lat="49.80274" lon="8.57163"/>
            <trkpt lat="49.80262" lon="8.57154"/>
            <trkpt lat="49.80119" lon="8.57058"/>
            <trkpt lat="49.79931" lon="8.56934"/>
            <trkpt lat="49.79924" lon="8.56928"/>
            <trkpt lat="49.79501" lon="8.56646"/>
            <trkpt lat="49.79229" lon="8.56462"/>
            <trkpt lat="49.79155" lon="8.56411"/>
            <trkpt lat="49.79054" lon="8.56335"/>
            <trkpt lat="49.79004" lon="8.56295"/>
            <trkpt lat="49.78985" lon="8.56281"/>
            <trkpt lat="49.78911" lon="8.5622"/>
            <trkpt lat="49.78892" lon="8.56204"/>
            <trkpt lat="49.78879" lon="8.56193"/>
            <trkpt lat="49.78856" lon="8.56174"/>
            <trkpt lat="49.77936" lon="8.55384"/>
            <trkpt lat="49.77711" lon="8.5519"/>
            <trkpt lat="49.77676" lon="8.5516"/>
            <trkpt lat="49.77668" lon="8.55154"/>
            <trkpt lat="49.77191" lon="8.54745"/>
            <trkpt lat="49.77181" lon="8.54736"/>
            <trkpt lat="49.7713" lon="8.54694"/>
            <trkpt lat="49.77059" lon="8.5464"/>
            <trkpt lat="49.76974" lon="8.54583"/>
            <trkpt lat="49.76896" lon="8.54538"/>
            <trkpt lat="49.76814" lon="8.54497"/>
            <trkpt lat="49.76807" lon="8.54493"/>
            <trkpt lat="49.76723" lon="8.54459"/>
            <trkpt lat="49.76623" lon="8.54427"/>
            <trkpt lat="49.76556" lon="8.5441"/>
            <trkpt lat="49.7652" lon="8.54403"/>
            <trkpt lat="49.76428" lon="8.54388"/>
            <trkpt lat="49.76328" lon="8.54381"/>
            <trkpt lat="49.74806" lon="8.5434"/>
            <trkpt lat="49.74728" lon="8.54339"/>
            <trkpt lat="49.74609" lon="8.54335"/>
            <trkpt lat="49.74555" lon="8.54334"/>
            <trkpt lat="49.74419" lon="8.5433"/>
            <trkpt lat="49.74397" lon="8.54329"/>
            <trkpt lat="49.74248" lon="8.54324"/>
            <trkpt lat="49.74087" lon="8.5432"/>
            <trkpt lat="49.73234" lon="8.54295"/>
            <trkpt lat="49.73079" lon="8.5429"/>
            <trkpt lat="49.72974" lon="8.54291"/>
            <trkpt lat="49.72659" lon="8.54281"/>
            <trkpt lat="49.72499" lon="8.54277"/>
            <trkpt lat="49.72412" lon="8.54279"/>
            <trkpt lat="49.72388" lon="8.54279"/>
            <trkpt lat="49.72268" lon="8.54291"/>
            <trkpt lat="49.72179" lon="8.54304"/>
            <trkpt lat="49.72074" lon="8.54326"/>
            <trkpt lat="49.71985" lon="8.54349"/>
            <trkpt lat="49.71752" lon="8.5441"/>
            <trkpt lat="49.71733" lon="8.54415"/>
            <trkpt lat="49.71691" lon="8.54426"/>
            <trkpt lat="49.71301" lon="8.54529"/>
            <trkpt lat="49.71268" lon="8.54538"/>
            <trkpt lat="49.70849" lon="8.54649"/>
            <trkpt lat="49.7052" lon="8.54736"/>
            <trkpt lat="49.70227" lon="8.54814"/>
            <trkpt lat="49.70215" lon="8.54817"/>
            <trkpt lat="49.70003" lon="8.54873"/>
            <trkpt lat="49.6997" lon="8.54882"/>
            <trkpt lat="49.69862" lon="8.54912"/>
            <trkpt lat="49.69602" lon="8.5498"/>
            <trkpt lat="49.69572" lon="8.54988"/>
            <trkpt lat="49.69431" lon="8.55023"/>
            <trkpt lat="49.69373" lon="8.55038"/>
            <trkpt lat="49.69074" lon="8.55118"/>
            <trkpt lat="49.68432" lon="8.55287"/>
            <trkpt lat="49.68228" lon="8.5534"/>
            <trkpt lat="49.68018" lon="8.55396"/>
            <trkpt lat="49.67932" lon="8.55418"/>
            <trkpt lat="49.67779" lon="8.55452"/>
            <trkpt lat="49.67603" lon="8.55497"/>
            <trkpt lat="49.67474" lon="8.55526"/>
            <trkpt lat="49.67353" lon="8.55547"/>
            <trkpt lat="49.67322" lon="8.5555"/>
            <trkpt lat="49.67303" lon="8.55554"/>
            <trkpt lat="49.67209" lon="8.55563"/>
            <trkpt lat="49.67105" lon="8.55569"/>
            <trkpt lat="49.67085" lon="8.5557"/>
            <trkpt lat="49.67061" lon="8.55571"/>
            <trkpt lat="49.66944" lon="8.5557"/>
            <trkpt lat="49.669" lon="8.55568"/>
            <trkpt lat="49.66841" lon="8.55564"/>
            <trkpt lat="49.66713" lon="8.55551"/>
            <trkpt lat="49.66622" lon="8.55536"/>
            <trkpt lat="49.66497" lon="8.55513"/>
            <trkpt lat="49.66388" lon="8.55486"/>
            <trkpt lat="49.66228" lon="8.5544"/>
            <trkpt lat="49.66052" lon="8.55382"/>
            <trkpt lat="49.66032" lon="8.55374"/>
            <trkpt lat="49.6582" lon="8.55306"/>
            <trkpt lat="49.65783" lon="8.55294"/>
            <trkpt lat="49.65694" lon="8.55268"/>
            <trkpt lat="49.65607" lon="8.55246"/>
            <trkpt lat="49.65598" lon="8.55244"/>
            <trkpt lat="49.6559" lon="8.55241"/>
            <trkpt lat="49.65546" lon="8.55235"/>
            <trkpt lat="49.65492" lon="8.55225"/>
            <trkpt lat="49.65456" lon="8.55218"/>
            <trkpt lat="49.65328" lon="8.55197"/>
            <trkpt lat="49.6526" lon="8.55189"/>
            <trkpt lat="49.65151" lon="8.55182"/>
            <trkpt lat="49.65053" lon="8.5518"/>
            <trkpt lat="49.64959" lon="8.55182"/>
            <trkpt lat="49.64849" lon="8.55189"/>
            <trkpt lat="49.64777" lon="8.55196"/>
            <trkpt lat="49.64644" lon="8.55213"/>
            <trkpt lat="49.64609" lon="8.55218"/>
            <trkpt lat="49.64297" lon="8.55268"/>
            <trkpt lat="49.64116" lon="8.55296"/>
            <trkpt lat="49.63931" lon="8.55325"/>
            <trkpt lat="49.63878" lon="8.55333"/>
            <trkpt lat="49.63623" lon="8.55373"/>
            <trkpt lat="49.62784" lon="8.55504"/>
            <trkpt lat="49.62443" lon="8.55557"/>
            <trkpt lat="49.6206" lon="8.55618"/>
            <trkpt lat="49.61426" lon="8.55716"/>
            <trkpt lat="49.60675" lon="8.55833"/>
            <trkpt lat="49.60444" lon="8.55869"/>
            <trkpt lat="49.5994" lon="8.5595"/>
            <trkpt lat="49.59923" lon="8.55952"/>
            <trkpt lat="49.59764" lon="8.55974"/>
            <trkpt lat="49.59541" lon="8.56012"/>
            <trkpt lat="49.59415" lon="8.56029"/>
            <trkpt lat="49.59328" lon="8.56041"/>
            <trkpt lat="49.59234" lon="8.5605"/>
            <trkpt lat="49.59229" lon="8.5605"/>
            <trkpt lat="49.59172" lon="8.56055"/>
            <trkpt lat="49.59088" lon="8.56062"/>
            <trkpt lat="49.58855" lon="8.56068"/>
            <trkpt lat="49.58713" lon="8.56066"/>
            <trkpt lat="49.58689" lon="8.56066"/>
            <trkpt lat="49.58595" lon="8.56063"/>
            <trkpt lat="49.58435" lon="8.56051"/>
            <trkpt lat="49.582" lon="8.56029"/>
            <trkpt lat="49.57597" lon="8.55974"/>
            <trkpt lat="49.57031" lon="8.55924"/>
            <trkpt lat="49.56736" lon="8.55897"/>
            <trkpt lat="49.56685" lon="8.55893"/>
            <trkpt lat="49.56607" lon="8.55884"/>
            <trkpt lat="49.56393" lon="8.55865"/>
            <trkpt lat="49.56331" lon="8.55862"/>
            <trkpt lat="49.56163" lon="8.55846"/>
            <trkpt lat="49.56003" lon="8.55835"/>
            <trkpt lat="49.55862" lon="8.5583"/>
            <trkpt lat="49.55782" lon="8.55829"/>
            <trkpt lat="49.55673" lon="8.55831"/>
            <trkpt lat="49.55448" lon="8.5584"/>
            <trkpt lat="49.55049" lon="8.5586"/>
            <trkpt lat="49.54857" lon="8.5587"/>
            <trkpt lat="49.54834" lon="8.5587"/>
            <trkpt lat="49.54767" lon="8.55872"/>
            <trkpt lat="49.54672" lon="8.55878"/>
            <trkpt lat="49.54397" lon="8.5589"/>
            <trkpt lat="49.54237" lon="8.55897"/>
            <trkpt lat="49.54044" lon="8.55907"/>
            <trkpt lat="49.53853" lon="8.55915"/>
            <trkpt lat="49.53691" lon="8.55923"/>
            <trkpt lat="49.53651" lon="8.55925"/>
            <trkpt lat="49.53604" lon="8.55927"/>
            <trkpt lat="49.53279" lon="8.55941"/>
            <trkpt lat="49.53123" lon="8.55951"/>
            <trkpt lat="49.53097" lon="8.55953"/>
            <trkpt lat="49.53048" lon="8.55955"/>
            <trkpt lat="49.52792" lon="8.55967"/>
            <trkpt lat="49.52667" lon="8.55974"/>
            <trkpt lat="49.52637" lon="8.55974"/>
            <trkpt lat="49.52636" lon="8.55974"/>
            <trkpt lat="49.52618" lon="8.55975"/>
            <trkpt lat="49.52426" lon="8.55984"/>
            <trkpt lat="49.52314" lon="8.55989"/>
            <trkpt lat="49.52303" lon="8.55989"/>
            <trkpt lat="49.52216" lon="8.55992"/>
            <trkpt lat="49.52071" lon="8.55996"/>
            <trkpt lat="49.51764" lon="8.56008"/>
            <trkpt lat="49.51535" lon="8.56015"/>
            <trkpt lat="49.51351" lon="8.56023"/>
            <trkpt lat="49.51243" lon="8.56034"/>
            <trkpt lat="49.51173" lon="8.56038"/>
            <trkpt lat="49.50998" lon="8.56044"/>
            <trkpt lat="49.50959" lon="8.56047"/>
            <trkpt lat="49.50737" lon="8.56057"/>
            <trkpt lat="49.50597" lon="8.56062"/>
            <trkpt lat="49.50515" lon="8.56064"/>
            <trkpt lat="49.50457" lon="8.56063"/>
            <trkpt lat="49.50439" lon="8.56063"/>
            <trkpt lat="49.50428" lon="8.56062"/>
            <trkpt lat="49.50362" lon="8.56056"/>
            <trkpt lat="49.50331" lon="8.56052"/>
            <trkpt lat="49.50236" lon="8.56034"/>
            <trkpt lat="49.50135" lon="8.56007"/>
            <trkpt lat="49.50088" lon="8.55991"/>
            <trkpt lat="49.50025" lon="8.55967"/>
            <trkpt lat="49.49946" lon="8.55931"/>
            <trkpt lat="49.49922" lon="8.55919"/>
            <trkpt lat="49.49856" lon="8.55882"/>
            <trkpt lat="49.49761" lon="8.55822"/>
            <trkpt lat="49.49697" lon="8.55777"/>
            <trkpt lat="49.49643" lon="8.55735"/>
            <trkpt lat="49.49581" lon="8.55683"/>
            <trkpt lat="49.49497" lon="8.55608"/>
            <trkpt lat="49.49481" lon="8.55594"/>
            <trkpt lat="49.49379" lon="8.55501"/>
            <trkpt lat="49.49289" lon="8.5542"/>
            <trkpt lat="49.49188" lon="8.55333"/>
            <trkpt lat="49.49169" lon="8.55316"/>
            <trkpt lat="49.48935" lon="8.55123"/>
            <trkpt lat="49.48923" lon="8.55112"/>
            <trkpt lat="49.48768" lon="8.54984"/>
            <trkpt lat="49.48629" lon="8.5487"/>
            <trkpt lat="49.48522" lon="8.54785"/>
            <trkpt lat="49.48459" lon="8.54736"/>
            <trkpt lat="49.48441" lon="8.54723"/>
            <trkpt lat="49.4831" lon="8.54626"/>
            <trkpt lat="49.48278" lon="8.54604"/>
            <trkpt lat="49.48255" lon="8.54588"/>
            <trkpt lat="49.48242" lon="8.54579"/>
            <trkpt lat="49.48198" lon="8.54552"/>
            <trkpt lat="49.48192" lon="8.54548"/>
            <trkpt lat="49.48135" lon="8.54515"/>
            <trkpt lat="49.48082" lon="8.54488"/>
            <trkpt lat="49.47998" lon="8.54449"/>
            <trkpt lat="49.47941" lon="8.54427"/>
            <trkpt lat="49.47883" lon="8.54407"/>
            <trkpt lat="49.47855" lon="8.54397"/>
            <trkpt lat="49.4785" lon="8.54396"/>
            <trkpt lat="49.47812" lon="8.54383"/>
            <trkpt lat="49.47764" lon="8.54367"/>
            <trkpt lat="49.47716" lon="8.54351"/>
            <trkpt lat="49.47689" lon="8.54342"/>
            <trkpt lat="49.47526" lon="8.54289"/>
            <trkpt lat="49.47447" lon="8.54263"/>
            <trkpt lat="49.47442" lon="8.54262"/>
            <trkpt lat="49.47431" lon="8.54258"/>
            <trkpt lat="49.47388" lon="8.54243"/>
            <trkpt lat="49.47218" lon="8.54183"/>
            <trkpt lat="49.47049" lon="8.54122"/>
            <trkpt lat="49.47011" lon="8.54108"/>
            <trkpt lat="49.46937" lon="8.54081"/>
            <trkpt lat="49.46856" lon="8.54053"/>
            <trkpt lat="49.46771" lon="8.54027"/>
            <trkpt lat="49.46685" lon="8.53998"/>
            <trkpt lat="49.46658" lon="8.53989"/>
            <trkpt lat="49.46649" lon="8.53987"/>
            <trkpt lat="49.466" lon="8.53976"/>
            <trkpt lat="49.46555" lon="8.53963"/>
            <trkpt lat="49.46486" lon="8.53949"/>
            <trkpt lat="49.46437" lon="8.53943"/>
            <trkpt lat="49.46358" lon="8.53938"/>
            <trkpt lat="49.46292" lon="8.53936"/>
            <trkpt lat="49.46166" lon="8.53943"/>
            <trkpt lat="49.46144" lon="8.53946"/>
            <trkpt lat="49.46133" lon="8.53948"/>
            <trkpt lat="49.46114" lon="8.53951"/>
            <trkpt lat="49.46101" lon="8.53953"/>
            <trkpt lat="49.46083" lon="8.53956"/>
            <trkpt lat="49.46045" lon="8.53963"/>
            <trkpt lat="49.45989" lon="8.53975"/>
            <trkpt lat="49.45899" lon="8.54003"/>
            <trkpt lat="49.45816" lon="8.54036"/>
            <trkpt lat="49.45765" lon="8.54059"/>
            <trkpt lat="49.45743" lon="8.54069"/>
            <trkpt lat="49.45725" lon="8.54077"/>
            <trkpt lat="49.45662" lon="8.54102"/>
            <trkpt lat="49.45639" lon="8.54112"/>
            <trkpt lat="49.45598" lon="8.54131"/>
            <trkpt lat="49.45537" lon="8.54154"/>
            <trkpt lat="49.45504" lon="8.54166"/>
            <trkpt lat="49.45485" lon="8.54172"/>
            <trkpt lat="49.4548" lon="8.54173"/>
            <trkpt lat="49.45476" lon="8.54175"/>
            <trkpt lat="49.45466" lon="8.54178"/>
            <trkpt lat="49.45432" lon="8.54189"/>
            <trkpt lat="49.45373" lon="8.54204"/>
            <trkpt lat="49.45274" lon="8.54222"/>
            <trkpt lat="49.45192" lon="8.5423"/>
            <trkpt lat="49.45176" lon="8.54231"/>
            <trkpt lat="49.4511" lon="8.54233"/>
            <trkpt lat="49.45028" lon="8.54231"/>
            <trkpt lat="49.44953" lon="8.54223"/>
            <trkpt lat="49.44934" lon="8.5422"/>
            <trkpt lat="49.44903" lon="8.54215"/>
            <trkpt lat="49.44874" lon="8.5421"/>
            <trkpt lat="49.44834" lon="8.54201"/>
            <trkpt lat="49.44803" lon="8.54194"/>
            <trkpt lat="49.44774" lon="8.54187"/>
            <trkpt lat="49.44765" lon="8.54184"/>
            <trkpt lat="49.44729" lon="8.54175"/>
            <trkpt lat="49.44716" lon="8.54171"/>
            <trkpt lat="49.44489" lon="8.54108"/>
            <trkpt lat="49.44423" lon="8.5409"/>
            <trkpt lat="49.44384" lon="8.54081"/>
            <trkpt lat="49.44353" lon="8.54074"/>
            <trkpt lat="49.44264" lon="8.54056"/>
            <trkpt lat="49.44146" lon="8.54037"/>
            <trkpt lat="49.44054" lon="8.54026"/>
            <trkpt lat="49.43936" lon="8.54018"/>
            <trkpt lat="49.43856" lon="8.54016"/>
            <trkpt lat="49.43848" lon="8.54016"/>
            <trkpt lat="49.43744" lon="8.54017"/>
            <trkpt lat="49.43659" lon="8.54021"/>
            <trkpt lat="49.43619" lon="8.54025"/>
            <trkpt lat="49.43546" lon="8.54033"/>
            <trkpt lat="49.43438" lon="8.54048"/>
            <trkpt lat="49.43305" lon="8.54074"/>
            <trkpt lat="49.43162" lon="8.54111"/>
            <trkpt lat="49.43035" lon="8.54151"/>
            <trkpt lat="49.43015" lon="8.54158"/>
            <trkpt lat="49.42901" lon="8.54202"/>
            <trkpt lat="49.42862" lon="8.54218"/>
            <trkpt lat="49.42763" lon="8.54263"/>
            <trkpt lat="49.42667" lon="8.54311"/>
            <trkpt lat="49.42522" lon="8.5439"/>
            <trkpt lat="49.42352" lon="8.54486"/>
            <trkpt lat="49.42217" lon="8.54561"/>
            <trkpt lat="49.42132" lon="8.54604"/>
            <trkpt lat="49.42024" lon="8.54655"/>
            <trkpt lat="49.41929" lon="8.54694"/>
            <trkpt lat="49.41834" lon="8.54726"/>
            <trkpt lat="49.41798" lon="8.54736"/>
            <trkpt lat="49.4179" lon="8.54738"/>
            <trkpt lat="49.41754" lon="8.54748"/>
            <trkpt lat="49.41725" lon="8.54755"/>
            <trkpt lat="49.41689" lon="8.54762"/>
            <trkpt lat="49.4165" lon="8.54769"/>
            <trkpt lat="49.41628" lon="8.54773"/>
            <trkpt lat="49.41565" lon="8.54781"/>
            <trkpt lat="49.41532" lon="8.54784"/>
            <trkpt lat="49.41481" lon="8.54787"/>
            <trkpt lat="49.41444" lon="8.54789"/>
            <trkpt lat="49.41412" lon="8.54791"/>
            <trkpt lat="49.41381" lon="8.5479"/>
            <trkpt lat="49.41352" lon="8.5479"/>
            <trkpt lat="49.41261" lon="8.54784"/>
            <trkpt lat="49.41258" lon="8.54784"/>
            <trkpt lat="49.4117" lon="8.54772"/>
            <trkpt lat="49.41076" lon="8.54755"/>
            <trkpt lat="49.41035" lon="8.54746"/>
            <trkpt lat="49.40998" lon="8.54736"/>
            <trkpt lat="49.40945" lon="8.54723"/>
            <trkpt lat="49.40909" lon="8.54713"/>
            <trkpt lat="49.40821" lon="8.54687"/>
            <trkpt lat="49.40801" lon="8.54681"/>
            <trkpt lat="49.40797" lon="8.54679"/>
            <trkpt lat="49.40553" lon="8.546"/>
            <trkpt lat="49.40474" lon="8.54576"/>
            <trkpt lat="49.40462" lon="8.54571"/>
            <trkpt lat="49.40442" lon="8.54566"/>
            <trkpt lat="49.40347" lon="8.54538"/>
            <trkpt lat="49.40309" lon="8.54527"/>
            <trkpt lat="49.40282" lon="8.54521"/>
            <trkpt lat="49.40152" lon="8.54489"/>
            <trkpt lat="49.40112" lon="8.5448"/>
            <trkpt lat="49.39943" lon="8.54449"/>
            <trkpt lat="49.39777" lon="8.54425"/>
            <trkpt lat="49.39567" lon="8.54403"/>
            <trkpt lat="49.39477" lon="8.54396"/>
            <trkpt lat="49.39453" lon="8.54395"/>
            <trkpt lat="49.39217" lon="8.54382"/>
            <trkpt lat="49.39191" lon="8.54381"/>
            <trkpt lat="49.38988" lon="8.54373"/>
            <trkpt lat="49.3877" lon="8.5437"/>
            <trkpt lat="49.38545" lon="8.5437"/>
            <trkpt lat="49.38279" lon="8.54376"/>
            <trkpt lat="49.38216" lon="8.54378"/>
            <trkpt lat="49.3808" lon="8.54384"/>
            <trkpt lat="49.38073" lon="8.54385"/>
            <trkpt lat="49.37802" lon="8.54402"/>
            <trkpt lat="49.37656" lon="8.54413"/>
            <trkpt lat="49.37403" lon="8.54438"/>
            <trkpt lat="49.37332" lon="8.54446"/>
            <trkpt lat="49.37256" lon="8.54455"/>
            <trkpt lat="49.37118" lon="8.54472"/>
            <trkpt lat="49.37042" lon="8.54482"/>
            <trkpt lat="49.36991" lon="8.5449"/>
            <trkpt lat="49.36845" lon="8.54512"/>
            <trkpt lat="49.36711" lon="8.54536"/>
            <trkpt lat="49.36569" lon="8.54564"/>
            <trkpt lat="49.36484" lon="8.54583"/>
            <trkpt lat="49.36413" lon="8.546"/>
            <trkpt lat="49.3636" lon="8.54614"/>
            <trkpt lat="49.36282" lon="8.54635"/>
            <trkpt lat="49.36219" lon="8.54653"/>
            <trkpt lat="49.36104" lon="8.54689"/>
            <trkpt lat="49.3598" lon="8.54729"/>
            <trkpt lat="49.35959" lon="8.54736"/>
            <trkpt lat="49.35804" lon="8.54794"/>
            <trkpt lat="49.35789" lon="8.54801"/>
            <trkpt lat="49.35664" lon="8.54852"/>
            <trkpt lat="49.35576" lon="8.54891"/>
            <trkpt lat="49.35406" lon="8.54973"/>
            <trkpt lat="49.3534" lon="8.55007"/>
            <trkpt lat="49.35241" lon="8.55059"/>
            <trkpt lat="49.35143" lon="8.55111"/>
            <trkpt lat="49.35132" lon="8.55117"/>
            <trkpt lat="49.35059" lon="8.55157"/>
            <trkpt lat="49.35037" lon="8.55169"/>
            <trkpt lat="49.34773" lon="8.55311"/>
            <trkpt lat="49.3468" lon="8.5536"/>
            <trkpt lat="49.34488" lon="8.55455"/>
            <trkpt lat="49.34326" lon="8.5553"/>
            <trkpt lat="49.34237" lon="8.55571"/>
            <trkpt lat="49.3408" lon="8.55638"/>
            <trkpt lat="49.34069" lon="8.55642"/>
            <trkpt lat="49.33986" lon="8.55676"/>
            <trkpt lat="49.33945" lon="8.55692"/>
            <trkpt lat="49.33873" lon="8.5572"/>
            <trkpt lat="49.33528" lon="8.55853"/>
            <trkpt lat="49.33441" lon="8.55888"/>
            <trkpt lat="49.33314" lon="8.55944"/>
            <trkpt lat="49.33217" lon="8.55993"/>
            <trkpt lat="49.33094" lon="8.56062"/>
            <trkpt lat="49.33021" lon="8.56109"/>
            <trkpt lat="49.32861" lon="8.56214"/>
            <trkpt lat="49.32855" lon="8.56218"/>
            <trkpt lat="49.32794" lon="8.56261"/>
            <trkpt lat="49.32778" lon="8.56272"/>
            <trkpt lat="49.32697" lon="8.56328"/>
            <trkpt lat="49.32629" lon="8.56382"/>
            <trkpt lat="49.32603" lon="8.56404"/>
            <trkpt lat="49.32578" lon="8.56428"/>
            <trkpt lat="49.32479" lon="8.56514"/>
            <trkpt lat="49.32358" lon="8.56626"/>
            <trkpt lat="49.32351" lon="8.56633"/>
            <trkpt lat="49.32292" lon="8.56692"/>
            <trkpt lat="49.32248" lon="8.56738"/>
            <trkpt lat="49.32195" lon="8.56793"/>
            <trkpt lat="49.32148" lon="8.56845"/>
            <trkpt lat="49.32093" lon="8.56908"/>
            <trkpt lat="49.32071" lon="8.56934"/>
            <trkpt lat="49.32036" lon="8.56974"/>
            <trkpt lat="49.31919" lon="8.57118"/>
            <trkpt lat="49.31904" lon="8.57139"/>
            <trkpt lat="49.31826" lon="8.57238"/>
            <trkpt lat="49.31786" lon="8.57291"/>
            <trkpt lat="49.31775" lon="8.57308"/>
            <trkpt lat="49.31619" lon="8.57513"/>
            <trkpt lat="49.31469" lon="8.5771"/>
            <trkpt lat="49.31296" lon="8.57927"/>
            <trkpt lat="49.31101" lon="8.58158"/>
            <trkpt lat="49.31043" lon="8.58226"/>
            <trkpt lat="49.30957" lon="8.58322"/>
            <trkpt lat="49.30806" lon="8.58485"/>
            <trkpt lat="49.30699" lon="8.58598"/>
            <trkpt lat="49.30664" lon="8.58634"/>
            <trkpt lat="49.30605" lon="8.58694"/>
            <trkpt lat="49.30465" lon="8.58832"/>
            <trkpt lat="49.30265" lon="8.59021"/>
            <trkpt lat="49.30145" lon="8.59131"/>
            <trkpt lat="49.30111" lon="8.59161"/>
            <trkpt lat="49.30089" lon="8.59182"/>
            <trkpt lat="49.29994" lon="8.5927"/>
            <trkpt lat="49.29969" lon="8.59292"/>
            <trkpt lat="49.29891" lon="8.59366"/>
            <trkpt lat="49.29729" lon="8.59523"/>
            <trkpt lat="49.29709" lon="8.59542"/>
            <trkpt lat="49.29685" lon="8.59569"/>
            <trkpt lat="49.29646" lon="8.59607"/>
            <trkpt lat="49.29583" lon="8.59671"/>
            <trkpt lat="49.2946" lon="8.59806"/>
            <trkpt lat="49.29402" lon="8.59872"/>
            <trkpt lat="49.29309" lon="8.59983"/>
            <trkpt lat="49.29166" lon="8.60162"/>
            <trkpt lat="49.2916" lon="8.6017"/>
            <trkpt lat="49.29097" lon="8.60252"/>
            <trkpt lat="49.28973" lon="8.60425"/>
            <trkpt lat="49.28913" lon="8.6051"/>
            <trkpt lat="49.28864" lon="8.60583"/>
            <trkpt lat="49.28738" lon="8.60781"/>
            <trkpt lat="49.2867" lon="8.60894"/>
            <trkpt lat="49.28577" lon="8.61054"/>
            <trkpt lat="49.28496" lon="8.61194"/>
            <trkpt lat="49.2847" lon="8.61245"/>
            <trkpt lat="49.28467" lon="8.61251"/>
            <trkpt lat="49.28428" lon="8.61328"/>
            <trkpt lat="49.2838" lon="8.61423"/>
            <trkpt lat="49.28314" lon="8.61552"/>
            <trkpt lat="49.28274" lon="8.61636"/>
            <trkpt lat="49.2821" lon="8.61776"/>
            <trkpt lat="49.28117" lon="8.61985"/>
            <trkpt lat="49.28099" lon="8.62027"/>
            <trkpt lat="49.28091" lon="8.62046"/>
            <trkpt lat="49.28083" lon="8.62065"/>
            <trkpt lat="49.28076" lon="8.62082"/>
            <trkpt lat="49.2797" lon="8.62349"/>
            <trkpt lat="49.27919" lon="8.6248"/>
            <trkpt lat="49.27842" lon="8.62693"/>
            <trkpt lat="49.27823" lon="8.62748"/>
            <trkpt lat="49.27816" lon="8.62767"/>
            <trkpt lat="49.27735" lon="8.63001"/>
            <trkpt lat="49.27645" lon="8.6329"/>
            <trkpt lat="49.27578" lon="8.63514"/>
            <trkpt lat="49.27575" lon="8.63525"/>
            <trkpt lat="49.27528" lon="8.63691"/>
            <trkpt lat="49.27445" lon="8.6401"/>
            <trkpt lat="49.27382" lon="8.64287"/>
            <trkpt lat="49.27328" lon="8.64542"/>
            <trkpt lat="49.27324" lon="8.64564"/>
            <trkpt lat="49.27286" lon="8.64781"/>
            <trkpt lat="49.27263" lon="8.6493"/>
            <trkpt lat="49.27245" lon="8.65063"/>
            <trkpt lat="49.27229" lon="8.65189"/>
            <trkpt lat="49.27219" lon="8.65283"/>
            <trkpt lat="49.27216" lon="8.65307"/>
            <trkpt lat="49.27207" lon="8.65414"/>
            <trkpt lat="49.27202" lon="8.65481"/>
            <trkpt lat="49.27195" lon="8.65563"/>
            <trkpt lat="49.27189" lon="8.65668"/>
            <trkpt lat="49.27186" lon="8.65723"/>
            <trkpt lat="49.27181" lon="8.65846"/>
            <trkpt lat="49.27176" lon="8.6599"/>
            <trkpt lat="49.27175" lon="8.66125"/>
            <trkpt lat="49.27177" lon="8.66296"/>
            <trkpt lat="49.2718" lon="8.66419"/>
            <trkpt lat="49.27186" lon="8.66557"/>
            <trkpt lat="49.27192" lon="8.66648"/>
            <trkpt lat="49.27193" lon="8.66671"/>
            <trkpt lat="49.27211" lon="8.66905"/>
            <trkpt lat="49.27235" lon="8.67134"/>
            <trkpt lat="49.27248" lon="8.6723"/>
            <trkpt lat="49.27269" lon="8.6738"/>
            <trkpt lat="49.27292" lon="8.67521"/>
            <trkpt lat="49.27306" lon="8.67604"/>
            <trkpt lat="49.27365" lon="8.6792"/>
            <trkpt lat="49.2741" lon="8.68159"/>
            <trkpt lat="49.27432" lon="8.68269"/>
            <trkpt lat="49.27457" lon="8.68407"/>
            <trkpt lat="49.27485" lon="8.68595"/>
            <trkpt lat="49.27497" lon="8.6868"/>
            <trkpt lat="49.27515" lon="8.6883"/>
            <trkpt lat="49.27525" lon="8.6892"/>
            <trkpt lat="49.27526" lon="8.68925"/>
            <trkpt lat="49.27544" lon="8.691"/>
            <trkpt lat="49.27562" lon="8.69285"/>
            <trkpt lat="49.27567" lon="8.69336"/>
            <trkpt lat="49.27573" lon="8.69386"/>
            <trkpt lat="49.27574" lon="8.69398"/>
            <trkpt lat="49.2758" lon="8.69456"/>
            <trkpt lat="49.2759" lon="8.69556"/>
            <trkpt lat="49.2761" lon="8.69726"/>
            <trkpt lat="49.2762" lon="8.69805"/>
            <trkpt lat="49.27644" lon="8.69957"/>
            <trkpt lat="49.27651" lon="8.7"/>
            <trkpt lat="49.27673" lon="8.70117"/>
            <trkpt lat="49.27674" lon="8.7012"/>
            <trkpt lat="49.277" lon="8.70244"/>
            <trkpt lat="49.27721" lon="8.70332"/>
            <trkpt lat="49.27747" lon="8.70428"/>
            <trkpt lat="49.27752" lon="8.7045"/>
            <trkpt lat="49.27796" lon="8.70596"/>
            <trkpt lat="49.27854" lon="8.70775"/>
            <trkpt lat="49.27888" lon="8.70877"/>
            <trkpt lat="49.27944" lon="8.71049"/>
            <trkpt lat="49.27984" lon="8.71188"/>
            <trkpt lat="49.28017" lon="8.71324"/>
            <trkpt lat="49.28026" lon="8.71367"/>
            <trkpt lat="49.28044" lon="8.71473"/>
            <trkpt lat="49.28051" lon="8.71523"/>
            <trkpt lat="49.28062" lon="8.71635"/>
            <trkpt lat="49.28065" lon="8.71678"/>
            <trkpt lat="49.28069" lon="8.71765"/>
            <trkpt lat="49.28068" lon="8.71917"/>
            <trkpt lat="49.28063" lon="8.72001"/>
            <trkpt lat="49.28054" lon="8.72103"/>
            <trkpt lat="49.28045" lon="8.72185"/>
            <trkpt lat="49.28033" lon="8.72255"/>
            <trkpt lat="49.28022" lon="8.72314"/>
            <trkpt lat="49.28015" lon="8.72349"/>
            <trkpt lat="49.28001" lon="8.7241"/>
            <trkpt lat="49.27978" lon="8.72497"/>
            <trkpt lat="49.27964" lon="8.72545"/>
            <trkpt lat="49.27949" lon="8.72591"/>
            <trkpt lat="49.2794" lon="8.72614"/>
            <trkpt lat="49.27908" lon="8.72701"/>
            <trkpt lat="49.27865" lon="8.72803"/>
            <trkpt lat="49.27792" lon="8.72973"/>
            <trkpt lat="49.27759" lon="8.73053"/>
            <trkpt lat="49.27747" lon="8.73087"/>
            <trkpt lat="49.27717" lon="8.73173"/>
            <trkpt lat="49.27687" lon="8.73269"/>
            <trkpt lat="49.27661" lon="8.73364"/>
            <trkpt lat="49.2763" lon="8.73488"/>
            <trkpt lat="49.27599" lon="8.73621"/>
            <trkpt lat="49.2758" lon="8.73713"/>
            <trkpt lat="49.27549" lon="8.73874"/>
            <trkpt lat="49.27527" lon="8.73998"/>
            <trkpt lat="49.27509" lon="8.74115"/>
            <trkpt lat="49.275" lon="8.74193"/>
            <trkpt lat="49.27496" lon="8.74246"/>
            <trkpt lat="49.2749" lon="8.74331"/>
            <trkpt lat="49.27489" lon="8.74355"/>
            <trkpt lat="49.27488" lon="8.74393"/>
            <trkpt lat="49.27488" lon="8.74456"/>
            <trkpt lat="49.27489" lon="8.74501"/>
            <trkpt lat="49.27489" lon="8.74512"/>
            <trkpt lat="49.27492" lon="8.74584"/>
            <trkpt lat="49.27499" lon="8.74681"/>
            <trkpt lat="49.27508" lon="8.74756"/>
            <trkpt lat="49.27524" lon="8.74878"/>
            <trkpt lat="49.27534" lon="8.74944"/>
            <trkpt lat="49.27557" lon="8.75096"/>
            <trkpt lat="49.2757" lon="8.75194"/>
            <trkpt lat="49.2758" lon="8.75292"/>
            <trkpt lat="49.27584" lon="8.75363"/>
            <trkpt lat="49.27587" lon="8.75462"/>
            <trkpt lat="49.27586" lon="8.75536"/>
            <trkpt lat="49.27584" lon="8.75611"/>
            <trkpt lat="49.27577" lon="8.75707"/>
            <trkpt lat="49.27567" lon="8.75802"/>
            <trkpt lat="49.2756" lon="8.7585"/>
            <trkpt lat="49.27555" lon="8.75886"/>
            <trkpt lat="49.27548" lon="8.75927"/>
            <trkpt lat="49.27528" lon="8.76021"/>
            <trkpt lat="49.27513" lon="8.76081"/>
            <trkpt lat="49.27497" lon="8.76139"/>
            <trkpt lat="49.27484" lon="8.76187"/>
            <trkpt lat="49.27439" lon="8.76322"/>
            <trkpt lat="49.27403" lon="8.76424"/>
            <trkpt lat="49.27373" lon="8.765"/>
            <trkpt lat="49.27365" lon="8.7652"/>
            <trkpt lat="49.27323" lon="8.76627"/>
            <trkpt lat="49.27305" lon="8.76674"/>
            <trkpt lat="49.2729" lon="8.76709"/>
            <trkpt lat="49.27284" lon="8.76725"/>
            <trkpt lat="49.2719" lon="8.76955"/>
            <trkpt lat="49.27156" lon="8.77042"/>
            <trkpt lat="49.27132" lon="8.77104"/>
            <trkpt lat="49.27116" lon="8.77149"/>
            <trkpt lat="49.27077" lon="8.77253"/>
            <trkpt lat="49.27023" lon="8.77415"/>
            <trkpt lat="49.26977" lon="8.77561"/>
            <trkpt lat="49.26969" lon="8.77587"/>
            <trkpt lat="49.26966" lon="8.77601"/>
            <trkpt lat="49.2696" lon="8.7762"/>
            <trkpt lat="49.26956" lon="8.77636"/>
            <trkpt lat="49.26926" lon="8.77739"/>
            <trkpt lat="49.26879" lon="8.77912"/>
            <trkpt lat="49.2682" lon="8.78156"/>
            <trkpt lat="49.26792" lon="8.78285"/>
            <trkpt lat="49.26757" lon="8.78457"/>
            <trkpt lat="49.26753" lon="8.78484"/>
            <trkpt lat="49.26721" lon="8.78662"/>
            <trkpt lat="49.26689" lon="8.78861"/>
            <trkpt lat="49.26682" lon="8.78906"/>
            <trkpt lat="49.26649" lon="8.79119"/>
            <trkpt lat="49.26628" lon="8.79244"/>
            <trkpt lat="49.26608" lon="8.79346"/>
            <trkpt lat="49.26592" lon="8.79422"/>
            <trkpt lat="49.26579" lon="8.79478"/>
            <trkpt lat="49.26569" lon="8.7952"/>
            <trkpt lat="49.26544" lon="8.79612"/>
            <trkpt lat="49.26504" lon="8.79748"/>
            <trkpt lat="49.26465" lon="8.79862"/>
            <trkpt lat="49.26423" lon="8.79973"/>
            <trkpt lat="49.26381" lon="8.80076"/>
            <trkpt lat="49.2627" lon="8.80337"/>
            <trkpt lat="49.26263" lon="8.80353"/>
            <trkpt lat="49.26238" lon="8.80412"/>
            <trkpt lat="49.26185" lon="8.80545"/>
            <trkpt lat="49.26166" lon="8.80593"/>
            <trkpt lat="49.26132" lon="8.80696"/>
            <trkpt lat="49.26092" lon="8.80822"/>
            <trkpt lat="49.26082" lon="8.80857"/>
            <trkpt lat="49.26042" lon="8.81006"/>
            <trkpt lat="49.26019" lon="8.81104"/>
            <trkpt lat="49.26012" lon="8.81131"/>
            <trkpt lat="49.25971" lon="8.81318"/>
            <trkpt lat="49.2593" lon="8.8152"/>
            <trkpt lat="49.25912" lon="8.81618"/>
            <trkpt lat="49.259" lon="8.81686"/>
            <trkpt lat="49.25869" lon="8.81869"/>
            <trkpt lat="49.25844" lon="8.82035"/>
            <trkpt lat="49.25821" lon="8.822"/>
            <trkpt lat="49.25802" lon="8.82356"/>
            <trkpt lat="49.25787" lon="8.82474"/>
            <trkpt lat="49.25775" lon="8.82586"/>
            <trkpt lat="49.2577" lon="8.8263"/>
            <trkpt lat="49.25731" lon="8.82978"/>
            <trkpt lat="49.2571" lon="8.8314"/>
            <trkpt lat="49.25687" lon="8.83288"/>
            <trkpt lat="49.25685" lon="8.83301"/>
            <trkpt lat="49.25667" lon="8.83398"/>
            <trkpt lat="49.25643" lon="8.83507"/>
            <trkpt lat="49.25613" lon="8.83626"/>
            <trkpt lat="49.25591" lon="8.83706"/>
            <trkpt lat="49.25549" lon="8.83844"/>
            <trkpt lat="49.25496" lon="8.84003"/>
            <trkpt lat="49.25422" lon="8.84203"/>
            <trkpt lat="49.25407" lon="8.84243"/>
            <trkpt lat="49.25177" lon="8.8486"/>
            <trkpt lat="49.2512" lon="8.85016"/>
            <trkpt lat="49.25033" lon="8.85251"/>
            <trkpt lat="49.24997" lon="8.85345"/>
            <trkpt lat="49.24979" lon="8.85394"/>
            <trkpt lat="49.2494" lon="8.85498"/>
            <trkpt lat="49.24926" lon="8.85536"/>
            <trkpt lat="49.24882" lon="8.85654"/>
            <trkpt lat="49.2487" lon="8.85686"/>
            <trkpt lat="49.24867" lon="8.85694"/>
            <trkpt lat="49.24862" lon="8.85706"/>
            <trkpt lat="49.24857" lon="8.8572"/>
            <trkpt lat="49.2485" lon="8.85741"/>
            <trkpt lat="49.24769" lon="8.85955"/>
            <trkpt lat="49.24721" lon="8.86091"/>
            <trkpt lat="49.2469" lon="8.86181"/>
            <trkpt lat="49.24647" lon="8.8631"/>
            <trkpt lat="49.24598" lon="8.86473"/>
            <trkpt lat="49.24562" lon="8.86604"/>
            <trkpt lat="49.24525" lon="8.86752"/>
            <trkpt lat="49.24499" lon="8.86866"/>
            <trkpt lat="49.24471" lon="8.8701"/>
            <trkpt lat="49.24447" lon="8.87144"/>
            <trkpt lat="49.24428" lon="8.87256"/>
            <trkpt lat="49.24405" lon="8.87403"/>
            <trkpt lat="49.24369" lon="8.87646"/>
            <trkpt lat="49.24367" lon="8.87664"/>
            <trkpt lat="49.24365" lon="8.87679"/>
            <trkpt lat="49.24362" lon="8.87695"/>
            <trkpt lat="49.24328" lon="8.87912"/>
            <trkpt lat="49.24311" lon="8.88012"/>
            <trkpt lat="49.24277" lon="8.8819"/>
            <trkpt lat="49.24263" lon="8.88256"/>
            <trkpt lat="49.24234" lon="8.88382"/>
            <trkpt lat="49.24189" lon="8.88557"/>
            <trkpt lat="49.24138" lon="8.8873"/>
            <trkpt lat="49.24098" lon="8.88856"/>
            <trkpt lat="49.24096" lon="8.88862"/>
            <trkpt lat="49.24072" lon="8.88928"/>
            <trkpt lat="49.2404" lon="8.89018"/>
            <trkpt lat="49.23985" lon="8.89154"/>
            <trkpt lat="49.23973" lon="8.89182"/>
            <trkpt lat="49.23952" lon="8.89234"/>
            <trkpt lat="49.2393" lon="8.89284"/>
            <trkpt lat="49.23909" lon="8.89331"/>
            <trkpt lat="49.23863" lon="8.89426"/>
            <trkpt lat="49.23846" lon="8.89459"/>
            <trkpt lat="49.23794" lon="8.8956"/>
            <trkpt lat="49.23758" lon="8.89627"/>
            <trkpt lat="49.23721" lon="8.89692"/>
            <trkpt lat="49.23656" lon="8.89797"/>
            <trkpt lat="49.23595" lon="8.89893"/>
            <trkpt lat="49.23587" lon="8.89903"/>
            <trkpt lat="49.23531" lon="8.89984"/>
            <trkpt lat="49.23427" lon="8.90126"/>
            <trkpt lat="49.23394" lon="8.90168"/>
            <trkpt lat="49.23302" lon="8.90272"/>
            <trkpt lat="49.23146" lon="8.90445"/>
            <trkpt lat="49.23128" lon="8.90464"/>
            <trkpt lat="49.23125" lon="8.90468"/>
            <trkpt lat="49.23063" lon="8.90539"/>
            <trkpt lat="49.23033" lon="8.90575"/>
            <trkpt lat="49.22988" lon="8.90638"/>
            <trkpt lat="49.22962" lon="8.90677"/>
            <trkpt lat="49.2294" lon="8.90713"/>
            <trkpt lat="49.22905" lon="8.90776"/>
            <trkpt lat="49.22869" lon="8.90851"/>
            <trkpt lat="49.22852" lon="8.90891"/>
            <trkpt lat="49.2283" lon="8.90945"/>
            <trkpt lat="49.22809" lon="8.91004"/>
            <trkpt lat="49.22785" lon="8.91081"/>
            <trkpt lat="49.22757" lon="8.91187"/>
            <trkpt lat="49.2274" lon="8.91266"/>
            <trkpt lat="49.22731" lon="8.91316"/>
            <trkpt lat="49.22719" lon="8.91411"/>
            <trkpt lat="49.22709" lon="8.91509"/>
            <trkpt lat="49.22706" lon="8.91678"/>
            <trkpt lat="49.22705" lon="8.91758"/>
            <trkpt lat="49.22705" lon="8.91806"/>
            <trkpt lat="49.22706" lon="8.91834"/>
            <trkpt lat="49.22707" lon="8.91911"/>
            <trkpt lat="49.22708" lon="8.91943"/>
            <trkpt lat="49.22708" lon="8.91994"/>
            <trkpt lat="49.22708" lon="8.92039"/>
            <trkpt lat="49.22707" lon="8.9209"/>
            <trkpt lat="49.22707" lon="8.92097"/>
            <trkpt lat="49.22704" lon="8.92178"/>
            <trkpt lat="49.22694" lon="8.92319"/>
            <trkpt lat="49.22687" lon="8.92385"/>
            <trkpt lat="49.22678" lon="8.9246"/>
            <trkpt lat="49.22672" lon="8.925"/>
            <trkpt lat="49.22654" lon="8.92598"/>
            <trkpt lat="49.22618" lon="8.92789"/>
            <trkpt lat="49.22606" lon="8.92867"/>
            <trkpt lat="49.22595" lon="8.92959"/>
            <trkpt lat="49.2259" lon="8.93046"/>
            <trkpt lat="49.22589" lon="8.93128"/>
            <trkpt lat="49.22591" lon="8.93189"/>
            <trkpt lat="49.22594" lon="8.93237"/>
            <trkpt lat="49.22605" lon="8.93335"/>
            <trkpt lat="49.22619" lon="8.9342"/>
            <trkpt lat="49.22651" lon="8.93591"/>
            <trkpt lat="49.22659" lon="8.93643"/>
            <trkpt lat="49.22667" lon="8.93714"/>
            <trkpt lat="49.22674" lon="8.93818"/>
            <trkpt lat="49.22675" lon="8.93888"/>
            <trkpt lat="49.22673" lon="8.93948"/>
            <trkpt lat="49.22668" lon="8.94022"/>
            <trkpt lat="49.22658" lon="8.94109"/>
            <trkpt lat="49.22647" lon="8.94174"/>
            <trkpt lat="49.22635" lon="8.94234"/>
            <trkpt lat="49.22623" lon="8.94287"/>
            <trkpt lat="49.22622" lon="8.94292"/>
            <trkpt lat="49.22602" lon="8.94368"/>
            <trkpt lat="49.22584" lon="8.94435"/>
            <trkpt lat="49.22469" lon="8.9482"/>
            <trkpt lat="49.22456" lon="8.94869"/>
            <trkpt lat="49.22417" lon="8.95013"/>
            <trkpt lat="49.22386" lon="8.95144"/>
            <trkpt lat="49.22365" lon="8.9524"/>
            <trkpt lat="49.2233" lon="8.95422"/>
            <trkpt lat="49.22316" lon="8.955"/>
            <trkpt lat="49.22295" lon="8.95648"/>
            <trkpt lat="49.22279" lon="8.95773"/>
            <trkpt lat="49.22263" lon="8.95929"/>
            <trkpt lat="49.22251" lon="8.96066"/>
            <trkpt lat="49.22239" lon="8.96281"/>
            <trkpt lat="49.22238" lon="8.96298"/>
            <trkpt lat="49.22238" lon="8.9633"/>
            <trkpt lat="49.22236" lon="8.96366"/>
            <trkpt lat="49.22231" lon="8.96484"/>
            <trkpt lat="49.22229" lon="8.96553"/>
            <trkpt lat="49.22226" lon="8.9667"/>
            <trkpt lat="49.22223" lon="8.96769"/>
            <trkpt lat="49.22216" lon="8.96907"/>
            <trkpt lat="49.22215" lon="8.9697"/>
            <trkpt lat="49.22209" lon="8.97092"/>
            <trkpt lat="49.22195" lon="8.97288"/>
            <trkpt lat="49.22186" lon="8.97394"/>
            <trkpt lat="49.22169" lon="8.9756"/>
            <trkpt lat="49.2216" lon="8.97633"/>
            <trkpt lat="49.22149" lon="8.97723"/>
            <trkpt lat="49.22131" lon="8.97852"/>
            <trkpt lat="49.22123" lon="8.97899"/>
            <trkpt lat="49.22111" lon="8.97982"/>
            <trkpt lat="49.22089" lon="8.98114"/>
            <trkpt lat="49.2199" lon="8.98682"/>
            <trkpt lat="49.21966" lon="8.98822"/>
            <trkpt lat="49.21935" lon="8.99003"/>
            <trkpt lat="49.21927" lon="8.99052"/>
            <trkpt lat="49.21915" lon="8.99119"/>
            <trkpt lat="49.21905" lon="8.99177"/>
            <trkpt lat="49.21875" lon="8.99351"/>
            <trkpt lat="49.21705" lon="9.00332"/>
            <trkpt lat="49.21703" lon="9.00342"/>
            <trkpt lat="49.21677" lon="9.00478"/>
            <trkpt lat="49.21614" lon="9.00842"/>
            <trkpt lat="49.21608" lon="9.00879"/>
            <trkpt lat="49.21553" lon="9.01195"/>
            <trkpt lat="49.21541" lon="9.01277"/>
            <trkpt lat="49.21508" lon="9.01485"/>
            <trkpt lat="49.21497" lon="9.0156"/>
            <trkpt lat="49.21484" lon="9.01645"/>
            <trkpt lat="49.21463" lon="9.01802"/>
            <trkpt lat="49.21442" lon="9.01969"/>
            <trkpt lat="49.21439" lon="9.01985"/>
            <trkpt lat="49.2141" lon="9.02244"/>
            <trkpt lat="49.21389" lon="9.02473"/>
            <trkpt lat="49.21372" lon="9.02677"/>
            <trkpt lat="49.21358" lon="9.0289"/>
            <trkpt lat="49.21353" lon="9.02996"/>
            <trkpt lat="49.2135" lon="9.03076"/>
            <trkpt lat="49.21348" lon="9.03127"/>
            <trkpt lat="49.21345" lon="9.03283"/>
            <trkpt lat="49.21344" lon="9.03412"/>
            <trkpt lat="49.21348" lon="9.03635"/>
            <trkpt lat="49.21355" lon="9.03786"/>
            <trkpt lat="49.21362" lon="9.0392"/>
            <trkpt lat="49.2138" lon="9.04136"/>
            <trkpt lat="49.21397" lon="9.04308"/>
            <trkpt lat="49.2141" lon="9.04419"/>
            <trkpt lat="49.21422" lon="9.04506"/>
            <trkpt lat="49.21432" lon="9.0458"/>
            <trkpt lat="49.21465" lon="9.04843"/>
            <trkpt lat="49.21484" lon="9.04994"/>
            <trkpt lat="49.21494" lon="9.05102"/>
            <trkpt lat="49.21503" lon="9.05227"/>
            <trkpt lat="49.21505" lon="9.05273"/>
            <trkpt lat="49.21509" lon="9.05354"/>
            <trkpt lat="49.21512" lon="9.05505"/>
            <trkpt lat="49.2151" lon="9.05654"/>
            <trkpt lat="49.21501" lon="9.05824"/>
            <trkpt lat="49.215" lon="9.0583"/>
            <trkpt lat="49.2149" lon="9.0596"/>
            <trkpt lat="49.21489" lon="9.05969"/>
            <trkpt lat="49.21473" lon="9.06101"/>
            <trkpt lat="49.21468" lon="9.06146"/>
            <trkpt lat="49.21442" lon="9.06307"/>
            <trkpt lat="49.21423" lon="9.06407"/>
            <trkpt lat="49.21412" lon="9.06455"/>
            <trkpt lat="49.21388" lon="9.06561"/>
            <trkpt lat="49.21376" lon="9.06609"/>
            <trkpt lat="49.21343" lon="9.0673"/>
            <trkpt lat="49.21338" lon="9.06743"/>
            <trkpt lat="49.21328" lon="9.06779"/>
            <trkpt lat="49.21293" lon="9.06887"/>
            <trkpt lat="49.2126" lon="9.06981"/>
            <trkpt lat="49.21239" lon="9.0704"/>
            <trkpt lat="49.21215" lon="9.07097"/>
            <trkpt lat="49.21186" lon="9.07165"/>
            <trkpt lat="49.21157" lon="9.07225"/>
            <trkpt lat="49.21083" lon="9.07371"/>
            <trkpt lat="49.21054" lon="9.07432"/>
            <trkpt lat="49.21052" lon="9.07437"/>
            <trkpt lat="49.21045" lon="9.07448"/>
            <trkpt lat="49.21041" lon="9.07455"/>
            <trkpt lat="49.21033" lon="9.07471"/>
            <trkpt lat="49.21002" lon="9.07523"/>
            <trkpt lat="49.20942" lon="9.0762"/>
            <trkpt lat="49.209" lon="9.07684"/>
            <trkpt lat="49.2086" lon="9.07744"/>
            <trkpt lat="49.2082" lon="9.078"/>
            <trkpt lat="49.20728" lon="9.07926"/>
            <trkpt lat="49.20583" lon="9.08116"/>
            <trkpt lat="49.20475" lon="9.08254"/>
            <trkpt lat="49.20454" lon="9.08285"/>
            <trkpt lat="49.20363" lon="9.08408"/>
            <trkpt lat="49.20321" lon="9.08468"/>
            <trkpt lat="49.20267" lon="9.08547"/>
            <trkpt lat="49.20186" lon="9.08676"/>
            <trkpt lat="49.20129" lon="9.08773"/>
            <trkpt lat="49.20053" lon="9.08912"/>
            <trkpt lat="49.20014" lon="9.08988"/>
            <trkpt lat="49.19977" lon="9.09064"/>
            <trkpt lat="49.19953" lon="9.09116"/>
            <trkpt lat="49.19937" lon="9.09149"/>
            <trkpt lat="49.19889" lon="9.09259"/>
            <trkpt lat="49.19829" lon="9.09403"/>
            <trkpt lat="49.19786" lon="9.09513"/>
            <trkpt lat="49.1973" lon="9.09668"/>
            <trkpt lat="49.19723" lon="9.09685"/>
            <trkpt lat="49.19678" lon="9.09814"/>
            <trkpt lat="49.19673" lon="9.09826"/>
            <trkpt lat="49.19648" lon="9.09899"/>
            <trkpt lat="49.19628" lon="9.09964"/>
            <trkpt lat="49.19601" lon="9.10043"/>
            <trkpt lat="49.19597" lon="9.10056"/>
            <trkpt lat="49.19592" lon="9.10072"/>
            <trkpt lat="49.19565" lon="9.10154"/>
            <trkpt lat="49.19529" lon="9.10258"/>
            <trkpt lat="49.19487" lon="9.10383"/>
            <trkpt lat="49.19449" lon="9.10493"/>
            <trkpt lat="49.1937" lon="9.10704"/>
            <trkpt lat="49.19319" lon="9.10836"/>
            <trkpt lat="49.19258" lon="9.10983"/>
            <trkpt lat="49.19233" lon="9.11042"/>
            <trkpt lat="49.19176" lon="9.11175"/>
            <trkpt lat="49.19061" lon="9.11429"/>
            <trkpt lat="49.18923" lon="9.11728"/>
            <trkpt lat="49.18907" lon="9.11763"/>
            <trkpt lat="49.18864" lon="9.11865"/>
            <trkpt lat="49.18859" lon="9.11877"/>
            <trkpt lat="49.18816" lon="9.11984"/>
            <trkpt lat="49.18774" lon="9.12102"/>
            <trkpt lat="49.18737" lon="9.12222"/>
            <trkpt lat="49.1873" lon="9.12247"/>
            <trkpt lat="49.18711" lon="9.12319"/>
            <trkpt lat="49.18692" lon="9.12397"/>
            <trkpt lat="49.18666" lon="9.12523"/>
            <trkpt lat="49.18648" lon="9.1262"/>
            <trkpt lat="49.18631" lon="9.12747"/>
            <trkpt lat="49.18623" lon="9.12833"/>
            <trkpt lat="49.18615" lon="9.1293"/>
            <trkpt lat="49.18609" lon="9.13054"/>
            <trkpt lat="49.18608" lon="9.13091"/>
            <trkpt lat="49.18608" lon="9.13163"/>
            <trkpt lat="49.18609" lon="9.13288"/>
            <trkpt lat="49.18612" lon="9.13351"/>
            <trkpt lat="49.18621" lon="9.13474"/>
            <trkpt lat="49.18632" lon="9.13584"/>
            <trkpt lat="49.18651" lon="9.13719"/>
            <trkpt lat="49.18674" lon="9.13861"/>
            <trkpt lat="49.187" lon="9.14002"/>
            <trkpt lat="49.18703" lon="9.14018"/>
            <trkpt lat="49.18706" lon="9.14033"/>
            <trkpt lat="49.18711" lon="9.14063"/>
            <trkpt lat="49.18747" lon="9.14261"/>
            <trkpt lat="49.18759" lon="9.14337"/>
            <trkpt lat="49.18766" lon="9.14393"/>
            <trkpt lat="49.18771" lon="9.14438"/>
            <trkpt lat="49.18776" lon="9.14472"/>
            <trkpt lat="49.18791" lon="9.14627"/>
            <trkpt lat="49.18794" lon="9.14662"/>
            <trkpt lat="49.18802" lon="9.14819"/>
            <trkpt lat="49.18806" lon="9.14933"/>
            <trkpt lat="49.18807" lon="9.15113"/>
            <trkpt lat="49.18807" lon="9.15351"/>
            <trkpt lat="49.18807" lon="9.15428"/>
            <trkpt lat="49.18808" lon="9.15482"/>
            <trkpt lat="49.18808" lon="9.15493"/>
            <trkpt lat="49.18808" lon="9.15506"/>
            <trkpt lat="49.18814" lon="9.15755"/>
            <trkpt lat="49.18816" lon="9.15811"/>
            <trkpt lat="49.18824" lon="9.15964"/>
            <trkpt lat="49.18831" lon="9.16063"/>
            <trkpt lat="49.18836" lon="9.16137"/>
            <trkpt lat="49.18847" lon="9.1626"/>
            <trkpt lat="49.18847" lon="9.16266"/>
            <trkpt lat="49.18858" lon="9.16384"/>
            <trkpt lat="49.18887" lon="9.16698"/>
            <trkpt lat="49.18899" lon="9.16831"/>
            <trkpt lat="49.189" lon="9.16848"/>
            <trkpt lat="49.18902" lon="9.16876"/>
            <trkpt lat="49.18909" lon="9.16984"/>
            <trkpt lat="49.18911" lon="9.17024"/>
            <trkpt lat="49.18912" lon="9.17043"/>
            <trkpt lat="49.18917" lon="9.17145"/>
            <trkpt lat="49.18922" lon="9.17273"/>
            <trkpt lat="49.18924" lon="9.17442"/>
            <trkpt lat="49.18923" lon="9.17639"/>
            <trkpt lat="49.18918" lon="9.17833"/>
            <trkpt lat="49.18913" lon="9.1793"/>
            <trkpt lat="49.18902" lon="9.18105"/>
            <trkpt lat="49.18892" lon="9.18227"/>
            <trkpt lat="49.18876" lon="9.18395"/>
            <trkpt lat="49.18869" lon="9.18457"/>
            <trkpt lat="49.18853" lon="9.18581"/>
            <trkpt lat="49.18845" lon="9.18644"/>
            <trkpt lat="49.18821" lon="9.18804"/>
            <trkpt lat="49.18802" lon="9.18916"/>
            <trkpt lat="49.18757" lon="9.19154"/>
            <trkpt lat="49.18732" lon="9.19279"/>
            <trkpt lat="49.18723" lon="9.1932"/>
            <trkpt lat="49.18707" lon="9.19408"/>
            <trkpt lat="49.18683" lon="9.19526"/>
            <trkpt lat="49.18649" lon="9.19703"/>
            <trkpt lat="49.18625" lon="9.19847"/>
            <trkpt lat="49.18613" lon="9.19923"/>
            <trkpt lat="49.18611" lon="9.19933"/>
            <trkpt lat="49.18608" lon="9.19949"/>
            <trkpt lat="49.18589" lon="9.20088"/>
            <trkpt lat="49.18584" lon="9.20127"/>
            <trkpt lat="49.18582" lon="9.20141"/>
            <trkpt lat="49.18576" lon="9.20189"/>
            <trkpt lat="49.18575" lon="9.20201"/>
            <trkpt lat="49.18547" lon="9.20449"/>
            <trkpt lat="49.1854" lon="9.20526"/>
            <trkpt lat="49.18537" lon="9.20547"/>
            <trkpt lat="49.18527" lon="9.20654"/>
            <trkpt lat="49.18511" lon="9.20812"/>
            <trkpt lat="49.18478" lon="9.21112"/>
            <trkpt lat="49.18458" lon="9.21265"/>
            <trkpt lat="49.1845" lon="9.21324"/>
            <trkpt lat="49.18439" lon="9.21399"/>
            <trkpt lat="49.18437" lon="9.21411"/>
            <trkpt lat="49.18414" lon="9.21553"/>
            <trkpt lat="49.18409" lon="9.21582"/>
            <trkpt lat="49.18399" lon="9.21631"/>
            <trkpt lat="49.18394" lon="9.21661"/>
            <trkpt lat="49.18386" lon="9.21713"/>
            <trkpt lat="49.18377" lon="9.21759"/>
            <trkpt lat="49.18344" lon="9.21923"/>
            <trkpt lat="49.18336" lon="9.21961"/>
            <trkpt lat="49.18331" lon="9.21979"/>
            <trkpt lat="49.18285" lon="9.22176"/>
            <trkpt lat="49.18259" lon="9.2228"/>
            <trkpt lat="49.18231" lon="9.22387"/>
            <trkpt lat="49.18219" lon="9.2243"/>
            <trkpt lat="49.18216" lon="9.2244"/>
            <trkpt lat="49.18212" lon="9.22453"/>
            <trkpt lat="49.18205" lon="9.22477"/>
            <trkpt lat="49.18203" lon="9.22485"/>
            <trkpt lat="49.18159" lon="9.22634"/>
            <trkpt lat="49.18109" lon="9.22787"/>
            <trkpt lat="49.18087" lon="9.22852"/>
            <trkpt lat="49.1808" lon="9.22873"/>
            <trkpt lat="49.18066" lon="9.22914"/>
            <trkpt lat="49.18055" lon="9.22943"/>
            <trkpt lat="49.1805" lon="9.2296"/>
            <trkpt lat="49.18038" lon="9.22993"/>
            <trkpt lat="49.17944" lon="9.23243"/>
            <trkpt lat="49.17942" lon="9.2325"/>
            <trkpt lat="49.17891" lon="9.23377"/>
            <trkpt lat="49.17888" lon="9.23383"/>
            <trkpt lat="49.17802" lon="9.23582"/>
            <trkpt lat="49.17756" lon="9.23686"/>
            <trkpt lat="49.17718" lon="9.23773"/>
            <trkpt lat="49.17666" lon="9.23884"/>
            <trkpt lat="49.17653" lon="9.23912"/>
            <trkpt lat="49.17627" lon="9.23961"/>
            <trkpt lat="49.17561" lon="9.24093"/>
            <trkpt lat="49.17502" lon="9.24207"/>
            <trkpt lat="49.1748" lon="9.24249"/>
            <trkpt lat="49.17441" lon="9.24325"/>
            <trkpt lat="49.17314" lon="9.24563"/>
            <trkpt lat="49.17218" lon="9.24748"/>
            <trkpt lat="49.17178" lon="9.24826"/>
            <trkpt lat="49.1713" lon="9.24925"/>
            <trkpt lat="49.17103" lon="9.24983"/>
            <trkpt lat="49.17074" lon="9.25049"/>
            <trkpt lat="49.17051" lon="9.25098"/>
            <trkpt lat="49.17033" lon="9.25144"/>
            <trkpt lat="49.17015" lon="9.25187"/>
            <trkpt lat="49.16945" lon="9.25359"/>
            <trkpt lat="49.16925" lon="9.25413"/>
            <trkpt lat="49.16909" lon="9.25453"/>
            <trkpt lat="49.16886" lon="9.2552"/>
            <trkpt lat="49.16829" lon="9.25685"/>
            <trkpt lat="49.16818" lon="9.25719"/>
            <trkpt lat="49.16808" lon="9.2575"/>
            <trkpt lat="49.1675" lon="9.2594"/>
            <trkpt lat="49.16709" lon="9.26092"/>
            <trkpt lat="49.1669" lon="9.26163"/>
            <trkpt lat="49.16683" lon="9.26193"/>
            <trkpt lat="49.1663" lon="9.26406"/>
            <trkpt lat="49.16622" lon="9.26439"/>
            <trkpt lat="49.16611" lon="9.26486"/>
            <trkpt lat="49.16607" lon="9.26503"/>
            <trkpt lat="49.16597" lon="9.26541"/>
            <trkpt lat="49.16541" lon="9.2677"/>
            <trkpt lat="49.1653" lon="9.26815"/>
            <trkpt lat="49.16455" lon="9.27105"/>
            <trkpt lat="49.16416" lon="9.27246"/>
            <trkpt lat="49.16392" lon="9.27331"/>
            <trkpt lat="49.16357" lon="9.27452"/>
            <trkpt lat="49.16309" lon="9.2761"/>
            <trkpt lat="49.16258" lon="9.27778"/>
            <trkpt lat="49.16205" lon="9.27947"/>
            <trkpt lat="49.16196" lon="9.27976"/>
            <trkpt lat="49.16156" lon="9.28105"/>
            <trkpt lat="49.16145" lon="9.28143"/>
            <trkpt lat="49.16129" lon="9.28197"/>
            <trkpt lat="49.16117" lon="9.28233"/>
            <trkpt lat="49.16037" lon="9.28499"/>
            <trkpt lat="49.16008" lon="9.28593"/>
            <trkpt lat="49.15963" lon="9.28741"/>
            <trkpt lat="49.15858" lon="9.29082"/>
            <trkpt lat="49.15838" lon="9.29144"/>
            <trkpt lat="49.15817" lon="9.29204"/>
            <trkpt lat="49.15806" lon="9.29238"/>
            <trkpt lat="49.15801" lon="9.29249"/>
            <trkpt lat="49.15787" lon="9.29293"/>
            <trkpt lat="49.15754" lon="9.29379"/>
            <trkpt lat="49.15734" lon="9.29428"/>
            <trkpt lat="49.15727" lon="9.29443"/>
            <trkpt lat="49.15705" lon="9.29492"/>
            <trkpt lat="49.15634" lon="9.29626"/>
            <trkpt lat="49.15618" lon="9.29654"/>
            <trkpt lat="49.15595" lon="9.2969"/>
            <trkpt lat="49.15548" lon="9.29754"/>
            <trkpt lat="49.155" lon="9.29813"/>
            <trkpt lat="49.15456" lon="9.2986"/>
            <trkpt lat="49.15418" lon="9.29897"/>
            <trkpt lat="49.15413" lon="9.29903"/>
            <trkpt lat="49.15377" lon="9.29939"/>
            <trkpt lat="49.15361" lon="9.29951"/>
            <trkpt lat="49.15292" lon="9.30011"/>
            <trkpt lat="49.15283" lon="9.30018"/>
            <trkpt lat="49.15205" lon="9.30079"/>
            <trkpt lat="49.15081" lon="9.30166"/>
            <trkpt lat="49.15065" lon="9.30177"/>
            <trkpt lat="49.15032" lon="9.30199"/>
            <trkpt lat="49.14923" lon="9.30267"/>
            <trkpt lat="49.14859" lon="9.30304"/>
            <trkpt lat="49.14845" lon="9.30311"/>
            <trkpt lat="49.14822" lon="9.30324"/>
            <trkpt lat="49.14784" lon="9.30341"/>
            <trkpt lat="49.14714" lon="9.3038"/>
            <trkpt lat="49.14704" lon="9.30385"/>
            <trkpt lat="49.14655" lon="9.3041"/>
            <trkpt lat="49.14592" lon="9.30441"/>
            <trkpt lat="49.1452" lon="9.30474"/>
            <trkpt lat="49.14418" lon="9.30517"/>
            <trkpt lat="49.14362" lon="9.3054"/>
            <trkpt lat="49.14251" lon="9.30577"/>
            <trkpt lat="49.14203" lon="9.30591"/>
            <trkpt lat="49.14143" lon="9.30601"/>
            <trkpt lat="49.14089" lon="9.30607"/>
            <trkpt lat="49.14036" lon="9.30609"/>
            <trkpt lat="49.13964" lon="9.30605"/>
            <trkpt lat="49.13893" lon="9.30594"/>
            <trkpt lat="49.13859" lon="9.30586"/>
            <trkpt lat="49.13813" lon="9.30573"/>
            <trkpt lat="49.13736" lon="9.30543"/>
            <trkpt lat="49.13718" lon="9.30535"/>
            <trkpt lat="49.13706" lon="9.30528"/>
            <trkpt lat="49.1367" lon="9.3051"/>
            <trkpt lat="49.1363" lon="9.30486"/>
            <trkpt lat="49.13575" lon="9.30451"/>
            <trkpt lat="49.13492" lon="9.30391"/>
            <trkpt lat="49.13442" lon="9.3035"/>
            <trkpt lat="49.13425" lon="9.30339"/>
            <trkpt lat="49.13392" lon="9.30315"/>
            <trkpt lat="49.13335" lon="9.30276"/>
            <trkpt lat="49.13242" lon="9.30219"/>
            <trkpt lat="49.13172" lon="9.30183"/>
            <trkpt lat="49.13112" lon="9.30155"/>
            <trkpt lat="49.13086" lon="9.30144"/>
            <trkpt lat="49.13014" lon="9.30116"/>
            <trkpt lat="49.13005" lon="9.30113"/>
            <trkpt lat="49.12905" lon="9.30084"/>
            <trkpt lat="49.12887" lon="9.3008"/>
            <trkpt lat="49.12775" lon="9.30055"/>
            <trkpt lat="49.12692" lon="9.30041"/>
            <trkpt lat="49.12606" lon="9.30029"/>
            <trkpt lat="49.1249" lon="9.30019"/>
            <trkpt lat="49.1236" lon="9.30013"/>
            <trkpt lat="49.12316" lon="9.30013"/>
            <trkpt lat="49.1221" lon="9.30017"/>
            <trkpt lat="49.12128" lon="9.30029"/>
            <trkpt lat="49.12032" lon="9.3005"/>
            <trkpt lat="49.11993" lon="9.3006"/>
            <trkpt lat="49.11945" lon="9.30077"/>
            <trkpt lat="49.11884" lon="9.30101"/>
            <trkpt lat="49.11745" lon="9.3017"/>
            <trkpt lat="49.11661" lon="9.3021"/>
            <trkpt lat="49.11627" lon="9.30224"/>
            <trkpt lat="49.11615" lon="9.30229"/>
            <trkpt lat="49.11578" lon="9.30244"/>
            <trkpt lat="49.11508" lon="9.30268"/>
            <trkpt lat="49.11455" lon="9.30282"/>
            <trkpt lat="49.11368" lon="9.30296"/>
            <trkpt lat="49.11317" lon="9.30301"/>
            <trkpt lat="49.11204" lon="9.30306"/>
            <trkpt lat="49.11143" lon="9.30307"/>
            <trkpt lat="49.11074" lon="9.30302"/>
            <trkpt lat="49.1097" lon="9.30292"/>
            <trkpt lat="49.10889" lon="9.30277"/>
            <trkpt lat="49.1086" lon="9.30272"/>
            <trkpt lat="49.10829" lon="9.30266"/>
            <trkpt lat="49.10739" lon="9.30243"/>
            <trkpt lat="49.10671" lon="9.30216"/>
            <trkpt lat="49.10643" lon="9.30203"/>
            <trkpt lat="49.10565" lon="9.30158"/>
            <trkpt lat="49.10527" lon="9.30133"/>
            <trkpt lat="49.1048" lon="9.30095"/>
            <trkpt lat="49.10454" lon="9.30072"/>
            <trkpt lat="49.10424" lon="9.30043"/>
            <trkpt lat="49.10283" lon="9.299"/>
            <trkpt lat="49.10112" lon="9.29725"/>
            <trkpt lat="49.10034" lon="9.29643"/>
            <trkpt lat="49.10003" lon="9.29614"/>
            <trkpt lat="49.09971" lon="9.29579"/>
            <trkpt lat="49.09894" lon="9.295"/>
            <trkpt lat="49.09833" lon="9.29446"/>
            <trkpt lat="49.09828" lon="9.29443"/>
            <trkpt lat="49.09788" lon="9.29413"/>
            <trkpt lat="49.09747" lon="9.29385"/>
            <trkpt lat="49.09699" lon="9.29358"/>
            <trkpt lat="49.09642" lon="9.29332"/>
            <trkpt lat="49.09618" lon="9.29322"/>
            <trkpt lat="49.0957" lon="9.29306"/>
            <trkpt lat="49.09474" lon="9.29281"/>
            <trkpt lat="49.09441" lon="9.29271"/>
            <trkpt lat="49.09415" lon="9.29264"/>
            <trkpt lat="49.09328" lon="9.29241"/>
            <trkpt lat="49.09082" lon="9.29176"/>
            <trkpt lat="49.08876" lon="9.29122"/>
            <trkpt lat="49.08843" lon="9.29113"/>
            <trkpt lat="49.08691" lon="9.29073"/>
            <trkpt lat="49.08674" lon="9.29068"/>
            <trkpt lat="49.08537" lon="9.29034"/>
            <trkpt lat="49.08521" lon="9.2903"/>
            <trkpt lat="49.08517" lon="9.29029"/>
            <trkpt lat="49.08493" lon="9.29023"/>
            <trkpt lat="49.08422" lon="9.29003"/>
            <trkpt lat="49.08342" lon="9.28983"/>
            <trkpt lat="49.08263" lon="9.28955"/>
            <trkpt lat="49.08216" lon="9.28935"/>
            <trkpt lat="49.08159" lon="9.28907"/>
            <trkpt lat="49.08085" lon="9.28862"/>
            <trkpt lat="49.08052" lon="9.28839"/>
            <trkpt lat="49.07985" lon="9.2879"/>
            <trkpt lat="49.07914" lon="9.28734"/>
            <trkpt lat="49.0754" lon="9.2844"/>
            <trkpt lat="49.06997" lon="9.28013"/>
            <trkpt lat="49.06935" lon="9.27968"/>
            <trkpt lat="49.06832" lon="9.27886"/>
            <trkpt lat="49.06755" lon="9.27823"/>
            <trkpt lat="49.06687" lon="9.27761"/>
            <trkpt lat="49.06616" lon="9.2769"/>
            <trkpt lat="49.06521" lon="9.27582"/>
            <trkpt lat="49.06494" lon="9.2755"/>
            <trkpt lat="49.06321" lon="9.27343"/>
            <trkpt lat="49.06303" lon="9.2732"/>
            <trkpt lat="49.06243" lon="9.27246"/>
            <trkpt lat="49.06242" lon="9.27246"/>
            <trkpt lat="49.06222" lon="9.27222"/>
            <trkpt lat="49.06195" lon="9.2719"/>
            <trkpt lat="49.06159" lon="9.27146"/>
            <trkpt lat="49.0612" lon="9.27102"/>
            <trkpt lat="49.06105" lon="9.27087"/>
            <trkpt lat="49.06063" lon="9.27044"/>
            <trkpt lat="49.06007" lon="9.26996"/>
            <trkpt lat="49.05967" lon="9.26968"/>
            <trkpt lat="49.0592" lon="9.26936"/>
            <trkpt lat="49.05847" lon="9.26902"/>
            <trkpt lat="49.05813" lon="9.26889"/>
            <trkpt lat="49.05758" lon="9.26871"/>
            <trkpt lat="49.05746" lon="9.26868"/>
            <trkpt lat="49.05706" lon="9.26859"/>
            <trkpt lat="49.05585" lon="9.26838"/>
            <trkpt lat="49.05528" lon="9.26828"/>
            <trkpt lat="49.05458" lon="9.26817"/>
            <trkpt lat="49.05343" lon="9.26797"/>
            <trkpt lat="49.05252" lon="9.26783"/>
            <trkpt lat="49.05005" lon="9.26741"/>
            <trkpt lat="49.04948" lon="9.26728"/>
            <trkpt lat="49.0486" lon="9.26695"/>
            <trkpt lat="49.04795" lon="9.26661"/>
            <trkpt lat="49.04758" lon="9.26638"/>
            <trkpt lat="49.0474" lon="9.26625"/>
            <trkpt lat="49.04691" lon="9.26587"/>
            <trkpt lat="49.04672" lon="9.26571"/>
            <trkpt lat="49.04642" lon="9.26543"/>
            <trkpt lat="49.04533" lon="9.26433"/>
            <trkpt lat="49.04397" lon="9.26288"/>
            <trkpt lat="49.04297" lon="9.26186"/>
            <trkpt lat="49.04256" lon="9.26144"/>
            <trkpt lat="49.04237" lon="9.26125"/>
            <trkpt lat="49.04158" lon="9.26044"/>
            <trkpt lat="49.04109" lon="9.25992"/>
            <trkpt lat="49.039" lon="9.25777"/>
            <trkpt lat="49.0385" lon="9.25724"/>
            <trkpt lat="49.03767" lon="9.25643"/>
            <trkpt lat="49.03706" lon="9.25591"/>
            <trkpt lat="49.0367" lon="9.25563"/>
            <trkpt lat="49.03635" lon="9.25537"/>
            <trkpt lat="49.03572" lon="9.25496"/>
            <trkpt lat="49.03536" lon="9.25475"/>
            <trkpt lat="49.03493" lon="9.25452"/>
            <trkpt lat="49.0346" lon="9.25436"/>
            <trkpt lat="49.03416" lon="9.25418"/>
            <trkpt lat="49.03383" lon="9.25404"/>
            <trkpt lat="49.03301" lon="9.25379"/>
            <trkpt lat="49.0324" lon="9.25365"/>
            <trkpt lat="49.03135" lon="9.25348"/>
            <trkpt lat="49.03031" lon="9.25336"/>
            <trkpt lat="49.02922" lon="9.25316"/>
            <trkpt lat="49.02918" lon="9.25315"/>
            <trkpt lat="49.02843" lon="9.25294"/>
            <trkpt lat="49.02801" lon="9.25279"/>
            <trkpt lat="49.02742" lon="9.25254"/>
            <trkpt lat="49.02678" lon="9.25224"/>
            <trkpt lat="49.02574" lon="9.25158"/>
            <trkpt lat="49.02545" lon="9.25138"/>
            <trkpt lat="49.02438" lon="9.25049"/>
            <trkpt lat="49.02409" lon="9.25025"/>
            <trkpt lat="49.02339" lon="9.24966"/>
            <trkpt lat="49.02297" lon="9.24932"/>
            <trkpt lat="49.02224" lon="9.24879"/>
            <trkpt lat="49.02134" lon="9.24825"/>
            <trkpt lat="49.021" lon="9.24808"/>
            <trkpt lat="49.02071" lon="9.24793"/>
            <trkpt lat="49.02006" lon="9.24766"/>
            <trkpt lat="49.01935" lon="9.24741"/>
            <trkpt lat="49.01899" lon="9.24732"/>
            <trkpt lat="49.01843" lon="9.24719"/>
            <trkpt lat="49.01731" lon="9.247"/>
            <trkpt lat="49.01683" lon="9.24693"/>
            <trkpt lat="49.01622" lon="9.24681"/>
            <trkpt lat="49.01573" lon="9.24669"/>
            <trkpt lat="49.01533" lon="9.24658"/>
            <trkpt lat="49.01461" lon="9.24631"/>
            <trkpt lat="49.01382" lon="9.24596"/>
            <trkpt lat="49.01303" lon="9.24551"/>
            <trkpt lat="49.01247" lon="9.24514"/>
            <trkpt lat="49.0118" lon="9.24464"/>
            <trkpt lat="49.0115" lon="9.2444"/>
            <trkpt lat="49.01068" lon="9.24366"/>
            <trkpt lat="49.00996" lon="9.24295"/>
            <trkpt lat="49.00916" lon="9.24211"/>
            <trkpt lat="49.00867" lon="9.24154"/>
            <trkpt lat="49.0077" lon="9.24044"/>
            <trkpt lat="49.00731" lon="9.24001"/>
            <trkpt lat="49.00677" lon="9.23941"/>
            <trkpt lat="49.00571" lon="9.23828"/>
            <trkpt lat="49.00543" lon="9.23799"/>
            <trkpt lat="49.00537" lon="9.23794"/>
            <trkpt lat="49.0053" lon="9.23786"/>
            <trkpt lat="49.00488" lon="9.23746"/>
            <trkpt lat="49.0042" lon="9.23682"/>
            <trkpt lat="49.00382" lon="9.23648"/>
            <trkpt lat="49.00352" lon="9.23623"/>
            <trkpt lat="49.00326" lon="9.23601"/>
            <trkpt lat="49.00267" lon="9.23554"/>
            <trkpt lat="49.00211" lon="9.2351"/>
            <trkpt lat="49.00198" lon="9.23499"/>
            <trkpt lat="49.00193" lon="9.23494"/>
            <trkpt lat="49.00143" lon="9.23459"/>
            <trkpt lat="49.00088" lon="9.23423"/>
            <trkpt lat="49.00009" lon="9.23381"/>
            <trkpt lat="48.99946" lon="9.23353"/>
            <trkpt lat="48.99902" lon="9.23336"/>
            <trkpt lat="48.99884" lon="9.23329"/>
            <trkpt lat="48.99817" lon="9.23309"/>
            <trkpt lat="48.99732" lon="9.23293"/>
            <trkpt lat="48.99658" lon="9.23284"/>
            <trkpt lat="48.99408" lon="9.23273"/>
            <trkpt lat="48.9937" lon="9.23271"/>
            <trkpt lat="48.9936" lon="9.23271"/>
            <trkpt lat="48.99214" lon="9.2326"/>
            <trkpt lat="48.99175" lon="9.23255"/>
            <trkpt lat="48.99099" lon="9.23237"/>
            <trkpt lat="48.99047" lon="9.23223"/>
            <trkpt lat="48.98989" lon="9.23203"/>
            <trkpt lat="48.98912" lon="9.23172"/>
            <trkpt lat="48.98906" lon="9.2317"/>
            <trkpt lat="48.98781" lon="9.23119"/>
            <trkpt lat="48.98725" lon="9.23095"/>
            <trkpt lat="48.98585" lon="9.23038"/>
            <trkpt lat="48.98513" lon="9.23016"/>
            <trkpt lat="48.98431" lon="9.22998"/>
            <trkpt lat="48.98345" lon="9.22988"/>
            <trkpt lat="48.98281" lon="9.22983"/>
            <trkpt lat="48.98247" lon="9.22982"/>
            <trkpt lat="48.97889" lon="9.22963"/>
            <trkpt lat="48.97705" lon="9.22953"/>
            <trkpt lat="48.97673" lon="9.22951"/>
            <trkpt lat="48.97561" lon="9.22946"/>
            <trkpt lat="48.9752" lon="9.22942"/>
            <trkpt lat="48.97467" lon="9.22934"/>
            <trkpt lat="48.97441" lon="9.22929"/>
            <trkpt lat="48.97381" lon="9.22915"/>
            <trkpt lat="48.97336" lon="9.22901"/>
            <trkpt lat="48.97289" lon="9.22885"/>
            <trkpt lat="48.97227" lon="9.22859"/>
            <trkpt lat="48.97213" lon="9.22852"/>
            <trkpt lat="48.97166" lon="9.22828"/>
            <trkpt lat="48.97135" lon="9.22811"/>
            <trkpt lat="48.97109" lon="9.22794"/>
            <trkpt lat="48.97095" lon="9.22787"/>
            <trkpt lat="48.9705" lon="9.22757"/>
            <trkpt lat="48.97006" lon="9.22724"/>
            <trkpt lat="48.96954" lon="9.22682"/>
            <trkpt lat="48.96833" lon="9.22574"/>
            <trkpt lat="48.96594" lon="9.22364"/>
            <trkpt lat="48.96535" lon="9.22312"/>
            <trkpt lat="48.96529" lon="9.22307"/>
            <trkpt lat="48.9632" lon="9.22121"/>
            <trkpt lat="48.96281" lon="9.22086"/>
            <trkpt lat="48.96231" lon="9.22041"/>
            <trkpt lat="48.96161" lon="9.2198"/>
            <trkpt lat="48.96143" lon="9.21965"/>
            <trkpt lat="48.9599" lon="9.21829"/>
            <trkpt lat="48.95928" lon="9.21773"/>
            <trkpt lat="48.95917" lon="9.21763"/>
            <trkpt lat="48.95871" lon="9.21718"/>
            <trkpt lat="48.95817" lon="9.21659"/>
            <trkpt lat="48.95772" lon="9.21608"/>
            <trkpt lat="48.95692" lon="9.21505"/>
            <trkpt lat="48.95631" lon="9.21418"/>
            <trkpt lat="48.95575" lon="9.21332"/>
            <trkpt lat="48.95526" lon="9.21249"/>
            <trkpt lat="48.95508" lon="9.21216"/>
            <trkpt lat="48.9548" lon="9.21167"/>
            <trkpt lat="48.95268" lon="9.20798"/>
            <trkpt lat="48.95212" lon="9.20697"/>
            <trkpt lat="48.95187" lon="9.20654"/>
            <trkpt lat="48.95055" lon="9.20427"/>
            <trkpt lat="48.94991" lon="9.20315"/>
            <trkpt lat="48.94905" lon="9.20183"/>
            <trkpt lat="48.94823" lon="9.20075"/>
            <trkpt lat="48.94753" lon="9.19992"/>
            <trkpt lat="48.9472" lon="9.19957"/>
            <trkpt lat="48.94678" lon="9.19913"/>
            <trkpt lat="48.9463" lon="9.19866"/>
            <trkpt lat="48.94596" lon="9.19835"/>
            <trkpt lat="48.94512" lon="9.1976"/>
            <trkpt lat="48.94398" lon="9.19663"/>
            <trkpt lat="48.94377" lon="9.19645"/>
            <trkpt lat="48.94355" lon="9.19626"/>
            <trkpt lat="48.94331" lon="9.19606"/>
            <trkpt lat="48.9428" lon="9.19562"/>
            <trkpt lat="48.94264" lon="9.19547"/>
            <trkpt lat="48.94254" lon="9.19539"/>
            <trkpt lat="48.94203" lon="9.19496"/>
            <trkpt lat="48.94133" lon="9.19438"/>
            <trkpt lat="48.93957" lon="9.19291"/>
            <trkpt lat="48.93819" lon="9.1917"/>
            <trkpt lat="48.9377" lon="9.19126"/>
            <trkpt lat="48.93695" lon="9.19057"/>
            <trkpt lat="48.93675" lon="9.19039"/>
            <trkpt lat="48.93655" lon="9.1902"/>
            <trkpt lat="48.93597" lon="9.18961"/>
            <trkpt lat="48.93566" lon="9.18927"/>
            <trkpt lat="48.93515" lon="9.18866"/>
            <trkpt lat="48.93476" lon="9.18816"/>
            <trkpt lat="48.93422" lon="9.1874"/>
            <trkpt lat="48.93412" lon="9.18725"/>
            <trkpt lat="48.93402" lon="9.18709"/>
            <trkpt lat="48.93388" lon="9.18687"/>
            <trkpt lat="48.93335" lon="9.18597"/>
            <trkpt lat="48.93311" lon="9.18549"/>
            <trkpt lat="48.93294" lon="9.18517"/>
            <trkpt lat="48.93266" lon="9.18457"/>
            <trkpt lat="48.93252" lon="9.18428"/>
            <trkpt lat="48.93223" lon="9.18359"/>
            <trkpt lat="48.93194" lon="9.18283"/>
            <trkpt lat="48.93156" lon="9.18173"/>
            <trkpt lat="48.93138" lon="9.18116"/>
            <trkpt lat="48.93085" lon="9.17943"/>
            <trkpt lat="48.92959" lon="9.1754"/>
            <trkpt lat="48.9273" lon="9.16802"/>
            <trkpt lat="48.92707" lon="9.16736"/>
            <trkpt lat="48.92686" lon="9.16678"/>
            <trkpt lat="48.92632" lon="9.16547"/>
            <trkpt lat="48.92613" lon="9.16501"/>
            <trkpt lat="48.92558" lon="9.16389"/>
            <trkpt lat="48.92514" lon="9.16306"/>
            <trkpt lat="48.92488" lon="9.1626"/>
            <trkpt lat="48.92488" lon="9.1626"/>
            <trkpt lat="48.92435" lon="9.16176"/>
            <trkpt lat="48.92414" lon="9.16143"/>
            <trkpt lat="48.9237" lon="9.16079"/>
            <trkpt lat="48.92326" lon="9.16022"/>
            <trkpt lat="48.9226" lon="9.15941"/>
            <trkpt lat="48.92219" lon="9.15896"/>
            <trkpt lat="48.92186" lon="9.15861"/>
            <trkpt lat="48.9218" lon="9.15854"/>
            <trkpt lat="48.92111" lon="9.15789"/>
            <trkpt lat="48.92063" lon="9.15746"/>
            <trkpt lat="48.92056" lon="9.15741"/>
            <trkpt lat="48.92051" lon="9.15736"/>
            <trkpt lat="48.92042" lon="9.15729"/>
            <trkpt lat="48.92027" lon="9.15717"/>
            <trkpt lat="48.92022" lon="9.15713"/>
            <trkpt lat="48.91981" lon="9.15681"/>
            <trkpt lat="48.91893" lon="9.15621"/>
            <trkpt lat="48.91798" lon="9.15567"/>
            <trkpt lat="48.91722" lon="9.1553"/>
            <trkpt lat="48.91609" lon="9.15489"/>
            <trkpt lat="48.91576" lon="9.15479"/>
            <trkpt lat="48.91556" lon="9.15474"/>
            <trkpt lat="48.915" lon="9.15461"/>
            <trkpt lat="48.91453" lon="9.15452"/>
            <trkpt lat="48.91394" lon="9.15443"/>
            <trkpt lat="48.91349" lon="9.1544"/>
            <trkpt lat="48.91267" lon="9.15437"/>
            <trkpt lat="48.91207" lon="9.15437"/>
            <trkpt lat="48.91113" lon="9.15438"/>
            <trkpt lat="48.90973" lon="9.15439"/>
            <trkpt lat="48.90924" lon="9.1544"/>
            <trkpt lat="48.90821" lon="9.15442"/>
            <trkpt lat="48.90681" lon="9.15441"/>
            <trkpt lat="48.90488" lon="9.15442"/>
            <trkpt lat="48.90415" lon="9.15442"/>
            <trkpt lat="48.90375" lon="9.15441"/>
            <trkpt lat="48.90335" lon="9.15437"/>
            <trkpt lat="48.90311" lon="9.15434"/>
            <trkpt lat="48.90228" lon="9.15419"/>
            <trkpt lat="48.9019" lon="9.15409"/>
            <trkpt lat="48.9015" lon="9.15397"/>
            <trkpt lat="48.90113" lon="9.15385"/>
            <trkpt lat="48.90056" lon="9.15361"/>
            <trkpt lat="48.89994" lon="9.15331"/>
            <trkpt lat="48.89715" lon="9.15185"/>
            <trkpt lat="48.89557" lon="9.151"/>
            <trkpt lat="48.89245" lon="9.14936"/>
            <trkpt lat="48.89157" lon="9.14889"/>
            <trkpt lat="48.89126" lon="9.14873"/>
            <trkpt lat="48.89112" lon="9.14866"/>
            <trkpt lat="48.89095" lon="9.14857"/>
            <trkpt lat="48.88967" lon="9.1479"/>
            <trkpt lat="48.88916" lon="9.14763"/>
            <trkpt lat="48.88712" lon="9.14656"/>
            <trkpt lat="48.88576" lon="9.14584"/>
            <trkpt lat="48.88563" lon="9.14579"/>
            <trkpt lat="48.88526" lon="9.14561"/>
            <trkpt lat="48.8839" lon="9.14485"/>
            <trkpt lat="48.88274" lon="9.14427"/>
            <trkpt lat="48.88183" lon="9.14376"/>
            <trkpt lat="48.88131" lon="9.14344"/>
            <trkpt lat="48.88034" lon="9.1428"/>
            <trkpt lat="48.87943" lon="9.14216"/>
            <trkpt lat="48.87877" lon="9.14167"/>
            <trkpt lat="48.87855" lon="9.14151"/>
            <trkpt lat="48.87809" lon="9.14116"/>
            <trkpt lat="48.87743" lon="9.14063"/>
            <trkpt lat="48.87717" lon="9.14041"/>
            <trkpt lat="48.87582" lon="9.13924"/>
            <trkpt lat="48.87571" lon="9.13915"/>
            <trkpt lat="48.87381" lon="9.13751"/>
            <trkpt lat="48.87117" lon="9.13524"/>
            <trkpt lat="48.86815" lon="9.13263"/>
            <trkpt lat="48.86732" lon="9.13189"/>
            <trkpt lat="48.86719" lon="9.13177"/>
            <trkpt lat="48.86531" lon="9.13016"/>
            <trkpt lat="48.86444" lon="9.12943"/>
            <trkpt lat="48.86408" lon="9.12913"/>
            <trkpt lat="48.86366" lon="9.12882"/>
            <trkpt lat="48.86308" lon="9.12839"/>
            <trkpt lat="48.86258" lon="9.12806"/>
            <trkpt lat="48.8624" lon="9.12794"/>
            <trkpt lat="48.86219" lon="9.1278"/>
            <trkpt lat="48.85746" lon="9.12477"/>
            <trkpt lat="48.85676" lon="9.12433"/>
            <trkpt lat="48.85581" lon="9.12372"/>
            <trkpt lat="48.85577" lon="9.1237"/>
            <trkpt lat="48.85569" lon="9.12365"/>
            <trkpt lat="48.85542" lon="9.12339"/>
            <trkpt lat="48.8554" lon="9.12337"/>
            <trkpt lat="48.85446" lon="9.12272"/>
            <trkpt lat="48.85413" lon="9.1225"/>
            <trkpt lat="48.85372" lon="9.12223"/>
            <trkpt lat="48.85368" lon="9.1222"/>
            <trkpt lat="48.85334" lon="9.12197"/>
            <trkpt lat="48.85322" lon="9.12188"/>
            <trkpt lat="48.85301" lon="9.12167"/>
            <trkpt lat="48.85271" lon="9.12126"/>
            <trkpt lat="48.85251" lon="9.12104"/>
            <trkpt lat="48.85235" lon="9.12094"/>
            <trkpt lat="48.8522" lon="9.12088"/>
            <trkpt lat="48.85199" lon="9.12083"/>
            <trkpt lat="48.85178" lon="9.12081"/>
            <trkpt lat="48.8515" lon="9.12075"/>
            <trkpt lat="48.85138" lon="9.1207"/>
            <trkpt lat="48.85127" lon="9.12065"/>
            <trkpt lat="48.85116" lon="9.12058"/>
            <trkpt lat="48.85094" lon="9.12042"/>
            <trkpt lat="48.85076" lon="9.12026"/>
            <trkpt lat="48.85066" lon="9.12012"/>
            <trkpt lat="48.85063" lon="9.12006"/>
            <trkpt lat="48.85055" lon="9.11985"/>
            <trkpt lat="48.85054" lon="9.11976"/>
            <trkpt lat="48.85053" lon="9.11965"/>
            <trkpt lat="48.85054" lon="9.11954"/>
            <trkpt lat="48.85056" lon="9.11942"/>
            <trkpt lat="48.85059" lon="9.1193"/>
            <trkpt lat="48.85063" lon="9.11922"/>
            <trkpt lat="48.85068" lon="9.11915"/>
            <trkpt lat="48.85073" lon="9.11908"/>
            <trkpt lat="48.85078" lon="9.11904"/>
            <trkpt lat="48.85085" lon="9.11899"/>
            <trkpt lat="48.85098" lon="9.11897"/>
            <trkpt lat="48.85104" lon="9.11897"/>
            <trkpt lat="48.85111" lon="9.11899"/>
            <trkpt lat="48.85116" lon="9.11902"/>
            <trkpt lat="48.85122" lon="9.11907"/>
            <trkpt lat="48.85126" lon="9.11911"/>
            <trkpt lat="48.8513" lon="9.11916"/>
            <trkpt lat="48.85134" lon="9.11922"/>
            <trkpt lat="48.85139" lon="9.11936"/>
            <trkpt lat="48.85142" lon="9.11943"/>
            <trkpt lat="48.85143" lon="9.1195"/>
            <trkpt lat="48.85144" lon="9.11959"/>
            <trkpt lat="48.85143" lon="9.11974"/>
            <trkpt lat="48.85137" lon="9.12011"/>
            <trkpt lat="48.85121" lon="9.12039"/>
            <trkpt lat="48.8512" lon="9.12044"/>
            <trkpt lat="48.85119" lon="9.12048"/>
            <trkpt lat="48.85119" lon="9.12054"/>
            <trkpt lat="48.85116" lon="9.12058"/>
            <trkpt lat="48.85113" lon="9.12062"/>
            <trkpt lat="48.85105" lon="9.12072"/>
            <trkpt lat="48.85095" lon="9.12088"/>
            <trkpt lat="48.85088" lon="9.12098"/>
            <trkpt lat="48.85084" lon="9.12103"/>
            <trkpt lat="48.85056" lon="9.12144"/>
            <trkpt lat="48.85007" lon="9.12217"/>
            <trkpt lat="48.84968" lon="9.12275"/>
            <trkpt lat="48.84921" lon="9.12351"/>
            <trkpt lat="48.84893" lon="9.12395"/>
            <trkpt lat="48.84865" lon="9.12444"/>
            <trkpt lat="48.84841" lon="9.12488"/>
            <trkpt lat="48.84833" lon="9.12502"/>
            <trkpt lat="48.84822" lon="9.12522"/>
            <trkpt lat="48.84768" lon="9.12624"/>
            <trkpt lat="48.8471" lon="9.12744"/>
            <trkpt lat="48.84606" lon="9.12961"/>
            <trkpt lat="48.84546" lon="9.13079"/>
            <trkpt lat="48.84521" lon="9.13124"/>
            <trkpt lat="48.84498" lon="9.13166"/>
            <trkpt lat="48.8448" lon="9.13198"/>
            <trkpt lat="48.84438" lon="9.1327"/>
            <trkpt lat="48.84387" lon="9.1335"/>
            <trkpt lat="48.84365" lon="9.13385"/>
            <trkpt lat="48.84329" lon="9.13442"/>
            <trkpt lat="48.84254" lon="9.1356"/>
            <trkpt lat="48.84229" lon="9.13589"/>
            <trkpt lat="48.84165" lon="9.1367"/>
            <trkpt lat="48.84145" lon="9.13697"/>
            <trkpt lat="48.84131" lon="9.13719"/>
            <trkpt lat="48.84121" lon="9.13734"/>
            <trkpt lat="48.84101" lon="9.13767"/>
            <trkpt lat="48.8408" lon="9.13807"/>
            <trkpt lat="48.8406" lon="9.13848"/>
            <trkpt lat="48.84045" lon="9.13885"/>
            <trkpt lat="48.84025" lon="9.13937"/>
            <trkpt lat="48.84023" lon="9.13944"/>
            <trkpt lat="48.83985" lon="9.14063"/>
            <trkpt lat="48.83982" lon="9.14068"/>
            <trkpt lat="48.83979" lon="9.14081"/>
            <trkpt lat="48.83959" lon="9.14138"/>
            <trkpt lat="48.83954" lon="9.14155"/>
            <trkpt lat="48.83952" lon="9.1416"/>
            <trkpt lat="48.83947" lon="9.14176"/>
            <trkpt lat="48.83936" lon="9.1421"/>
            <trkpt lat="48.83893" lon="9.14336"/>
            <trkpt lat="48.83852" lon="9.14445"/>
            <trkpt lat="48.83825" lon="9.14511"/>
            <trkpt lat="48.83798" lon="9.1457"/>
            <trkpt lat="48.83775" lon="9.1462"/>
            <trkpt lat="48.83764" lon="9.14644"/>
            <trkpt lat="48.83744" lon="9.14684"/>
            <trkpt lat="48.83736" lon="9.147"/>
            <trkpt lat="48.83722" lon="9.14729"/>
            <trkpt lat="48.83703" lon="9.1477"/>
            <trkpt lat="48.83687" lon="9.14801"/>
            <trkpt lat="48.83682" lon="9.14812"/>
            <trkpt lat="48.83666" lon="9.14845"/>
            <trkpt lat="48.83652" lon="9.14873"/>
            <trkpt lat="48.83642" lon="9.14893"/>
            <trkpt lat="48.83584" lon="9.1501"/>
            <trkpt lat="48.83572" lon="9.15035"/>
            <trkpt lat="48.83565" lon="9.15049"/>
            <trkpt lat="48.83525" lon="9.15129"/>
            <trkpt lat="48.83508" lon="9.15162"/>
            <trkpt lat="48.83487" lon="9.15191"/>
            <trkpt lat="48.83485" lon="9.15192"/>
            <trkpt lat="48.83479" lon="9.15195"/>
            <trkpt lat="48.83469" lon="9.15186"/>
            <trkpt lat="48.83464" lon="9.15182"/>
            <trkpt lat="48.83449" lon="9.15174"/>
            <trkpt lat="48.83444" lon="9.15175"/>
            <trkpt lat="48.83427" lon="9.15164"/>
            <trkpt lat="48.83417" lon="9.15159"/>
            <trkpt lat="48.83404" lon="9.15161"/>
            <trkpt lat="48.83402" lon="9.15163"/>
            <trkpt lat="48.83399" lon="9.15166"/>
            <trkpt lat="48.83398" lon="9.1517"/>
            <trkpt lat="48.83398" lon="9.15182"/>
            <trkpt lat="48.83397" lon="9.1521"/>
            <trkpt lat="48.83398" lon="9.15225"/>
            <trkpt lat="48.83398" lon="9.15233"/>
            <trkpt lat="48.834" lon="9.15239"/>
            <trkpt lat="48.83404" lon="9.15243"/>
            <trkpt lat="48.8341" lon="9.15244"/>
            <trkpt lat="48.8341" lon="9.15244"/>
            <trkpt lat="48.83404" lon="9.15243"/>
            <trkpt lat="48.834" lon="9.15239"/>
            <trkpt lat="48.83398" lon="9.15233"/>
            <trkpt lat="48.83398" lon="9.15225"/>
            <trkpt lat="48.83397" lon="9.1521"/>
            <trkpt lat="48.83398" lon="9.15182"/>
            <trkpt lat="48.83398" lon="9.1517"/>
            <trkpt lat="48.83399" lon="9.15166"/>
            <trkpt lat="48.83402" lon="9.15163"/>
            <trkpt lat="48.83404" lon="9.15161"/>
            <trkpt lat="48.83417" lon="9.15159"/>
            <trkpt lat="48.83427" lon="9.15164"/>
            <trkpt lat="48.83444" lon="9.15175"/>
            <trkpt lat="48.83448" lon="9.15182"/>
            <trkpt lat="48.83459" lon="9.15192"/>
            <trkpt lat="48.83474" lon="9.15206"/>
            <trkpt lat="48.83473" lon="9.1521"/>
            <trkpt lat="48.83472" lon="9.15219"/>
            <trkpt lat="48.83473" lon="9.15227"/>
            <trkpt lat="48.83476" lon="9.15235"/>
            <trkpt lat="48.83476" lon="9.15235"/>
            <trkpt lat="48.8348" lon="9.15241"/>
            <trkpt lat="48.83483" lon="9.15243"/>
            <trkpt lat="48.83485" lon="9.15245"/>
            <trkpt lat="48.8349" lon="9.15246"/>
            <trkpt lat="48.83492" lon="9.15245"/>
            <trkpt lat="48.83496" lon="9.15244"/>
            <trkpt lat="48.83501" lon="9.1524"/>
            <trkpt lat="48.83505" lon="9.15234"/>
            <trkpt lat="48.83508" lon="9.15226"/>
            <trkpt lat="48.83508" lon="9.15221"/>
            <trkpt lat="48.83509" lon="9.15217"/>
            <trkpt lat="48.83508" lon="9.15209"/>
            <trkpt lat="48.83508" lon="9.15206"/>
            <trkpt lat="48.83507" lon="9.15204"/>
            <trkpt lat="48.83517" lon="9.15176"/>
            <trkpt lat="48.83543" lon="9.15121"/>
            <trkpt lat="48.83593" lon="9.15023"/>
            <trkpt lat="48.83652" lon="9.14906"/>
            <trkpt lat="48.83659" lon="9.14891"/>
            <trkpt lat="48.83674" lon="9.14862"/>
            <trkpt lat="48.83692" lon="9.14822"/>
            <trkpt lat="48.83698" lon="9.1481"/>
            <trkpt lat="48.83713" lon="9.14781"/>
            <trkpt lat="48.83721" lon="9.14764"/>
            <trkpt lat="48.83731" lon="9.14744"/>
            <trkpt lat="48.83746" lon="9.14715"/>
            <trkpt lat="48.83777" lon="9.14654"/>
            <trkpt lat="48.83781" lon="9.14646"/>
            <trkpt lat="48.8383" lon="9.14542"/>
            <trkpt lat="48.8385" lon="9.14498"/>
            <trkpt lat="48.83867" lon="9.14459"/>
            <trkpt lat="48.8395" lon="9.14273"/>
            <trkpt lat="48.83961" lon="9.14249"/>
            <trkpt lat="48.83967" lon="9.14235"/>
            <trkpt lat="48.83975" lon="9.14218"/>
            <trkpt lat="48.83991" lon="9.14186"/>
            <trkpt lat="48.83997" lon="9.14173"/>
            <trkpt lat="48.83999" lon="9.14168"/>
            <trkpt lat="48.84003" lon="9.14157"/>
            <trkpt lat="48.84008" lon="9.14142"/>
            <trkpt lat="48.84014" lon="9.14126"/>
            <trkpt lat="48.8402" lon="9.1411"/>
            <trkpt lat="48.84027" lon="9.14089"/>
            <trkpt lat="48.84038" lon="9.14063"/>
            <trkpt lat="48.84052" lon="9.14027"/>
            <trkpt lat="48.84082" lon="9.13954"/>
            <trkpt lat="48.84106" lon="9.13897"/>
            <trkpt lat="48.8414" lon="9.13817"/>
            <trkpt lat="48.84159" lon="9.13775"/>
            <trkpt lat="48.84186" lon="9.1372"/>
            <trkpt lat="48.84255" lon="9.13592"/>
            <trkpt lat="48.84268" lon="9.13561"/>
            <trkpt lat="48.84346" lon="9.13439"/>
            <trkpt lat="48.84353" lon="9.13429"/>
            <trkpt lat="48.84374" lon="9.13394"/>
            <trkpt lat="48.84388" lon="9.13372"/>
            <trkpt lat="48.84398" lon="9.13358"/>
            <trkpt lat="48.84449" lon="9.13277"/>
            <trkpt lat="48.84499" lon="9.13192"/>
            <trkpt lat="48.84521" lon="9.13152"/>
            <trkpt lat="48.8456" lon="9.13082"/>
            <trkpt lat="48.84637" lon="9.1293"/>
            <trkpt lat="48.84719" lon="9.12757"/>
            <trkpt lat="48.84745" lon="9.12699"/>
            <trkpt lat="48.84768" lon="9.12652"/>
            <trkpt lat="48.84831" lon="9.12533"/>
            <trkpt lat="48.84894" lon="9.12422"/>
            <trkpt lat="48.84923" lon="9.12372"/>
            <trkpt lat="48.84948" lon="9.12331"/>
            <trkpt lat="48.85016" lon="9.12228"/>
            <trkpt lat="48.85063" lon="9.12157"/>
            <trkpt lat="48.85099" lon="9.12105"/>
            <trkpt lat="48.85106" lon="9.12095"/>
            <trkpt lat="48.85117" lon="9.12079"/>
            <trkpt lat="48.85124" lon="9.12069"/>
            <trkpt lat="48.85127" lon="9.12065"/>
            <trkpt lat="48.85142" lon="9.12043"/>
            <trkpt lat="48.8516" lon="9.12017"/>
            <trkpt lat="48.85163" lon="9.12016"/>
            <trkpt lat="48.85166" lon="9.12014"/>
            <trkpt lat="48.85168" lon="9.12013"/>
            <trkpt lat="48.85172" lon="9.12009"/>
            <trkpt lat="48.85176" lon="9.12002"/>
            <trkpt lat="48.85192" lon="9.11982"/>
            <trkpt lat="48.85201" lon="9.11974"/>
            <trkpt lat="48.85209" lon="9.1197"/>
            <trkpt lat="48.85217" lon="9.11968"/>
            <trkpt lat="48.85225" lon="9.11968"/>
            <trkpt lat="48.85234" lon="9.11973"/>
            <trkpt lat="48.85242" lon="9.11979"/>
            <trkpt lat="48.85247" lon="9.11986"/>
            <trkpt lat="48.85257" lon="9.11999"/>
            <trkpt lat="48.85264" lon="9.12017"/>
            <trkpt lat="48.85266" lon="9.12029"/>
            <trkpt lat="48.85267" lon="9.12053"/>
            <trkpt lat="48.85267" lon="9.12063"/>
            <trkpt lat="48.85265" lon="9.12073"/>
            <trkpt lat="48.85263" lon="9.12081"/>
            <trkpt lat="48.85261" lon="9.12086"/>
            <trkpt lat="48.85255" lon="9.121"/>
            <trkpt lat="48.85251" lon="9.12104"/>
            <trkpt lat="48.85246" lon="9.1211"/>
            <trkpt lat="48.85238" lon="9.12116"/>
            <trkpt lat="48.85231" lon="9.12118"/>
            <trkpt lat="48.85219" lon="9.1212"/>
            <trkpt lat="48.8521" lon="9.12118"/>
            <trkpt lat="48.85202" lon="9.12114"/>
            <trkpt lat="48.85192" lon="9.12108"/>
            <trkpt lat="48.85139" lon="9.12077"/>
            <trkpt lat="48.85124" lon="9.12069"/>
            <trkpt lat="48.85113" lon="9.12062"/>
            <trkpt lat="48.84969" lon="9.11963"/>
            <trkpt lat="48.84936" lon="9.11938"/>
            <trkpt lat="48.84918" lon="9.11922"/>
            <trkpt lat="48.8485" lon="9.11865"/>
            <trkpt lat="48.84817" lon="9.11837"/>
            <trkpt lat="48.84791" lon="9.11815"/>
            <trkpt lat="48.84776" lon="9.11801"/>
            <trkpt lat="48.84763" lon="9.11788"/>
            <trkpt lat="48.84695" lon="9.11718"/>
            <trkpt lat="48.84685" lon="9.11715"/>
            <trkpt lat="48.84667" lon="9.11695"/>
            <trkpt lat="48.84619" lon="9.11642"/>
            <trkpt lat="48.8458" lon="9.11594"/>
            <trkpt lat="48.8457" lon="9.11582"/>
            <trkpt lat="48.84558" lon="9.11566"/>
            <trkpt lat="48.84546" lon="9.11551"/>
            <trkpt lat="48.84521" lon="9.11515"/>
            <trkpt lat="48.84485" lon="9.11462"/>
            <trkpt lat="48.8445" lon="9.11408"/>
            <trkpt lat="48.84398" lon="9.11321"/>
            <trkpt lat="48.84342" lon="9.1122"/>
            <trkpt lat="48.84311" lon="9.11161"/>
            <trkpt lat="48.8426" lon="9.11051"/>
            <trkpt lat="48.8424" lon="9.11006"/>
            <trkpt lat="48.8392" lon="9.10258"/>
            <trkpt lat="48.83872" lon="9.10146"/>
            <trkpt lat="48.83797" lon="9.09971"/>
            <trkpt lat="48.83709" lon="9.09766"/>
            <trkpt lat="48.837" lon="9.09744"/>
            <trkpt lat="48.8369" lon="9.0972"/>
            <trkpt lat="48.83667" lon="9.09668"/>
            <trkpt lat="48.83614" lon="9.09544"/>
            <trkpt lat="48.83546" lon="9.09382"/>
            <trkpt lat="48.83525" lon="9.09334"/>
            <trkpt lat="48.83472" lon="9.09213"/>
            <trkpt lat="48.83422" lon="9.09105"/>
            <trkpt lat="48.83371" lon="9.09008"/>
            <trkpt lat="48.83343" lon="9.08957"/>
            <trkpt lat="48.83284" lon="9.08859"/>
            <trkpt lat="48.83218" lon="9.0876"/>
            <trkpt lat="48.83152" lon="9.0867"/>
            <trkpt lat="48.83093" lon="9.08597"/>
            <trkpt lat="48.83044" lon="9.08541"/>
            <trkpt lat="48.82974" lon="9.08466"/>
            <trkpt lat="48.82889" lon="9.08385"/>
            <trkpt lat="48.82823" lon="9.08326"/>
            <trkpt lat="48.82622" lon="9.08146"/>
            <trkpt lat="48.82611" lon="9.08136"/>
            <trkpt lat="48.82572" lon="9.08101"/>
            <trkpt lat="48.82532" lon="9.08069"/>
            <trkpt lat="48.82475" lon="9.0802"/>
            <trkpt lat="48.82375" lon="9.0793"/>
            <trkpt lat="48.82353" lon="9.07911"/>
            <trkpt lat="48.82331" lon="9.07891"/>
            <trkpt lat="48.82324" lon="9.07885"/>
            <trkpt lat="48.82318" lon="9.07879"/>
            <trkpt lat="48.823" lon="9.07863"/>
            <trkpt lat="48.82291" lon="9.07855"/>
            <trkpt lat="48.82272" lon="9.07837"/>
            <trkpt lat="48.82224" lon="9.07792"/>
            <trkpt lat="48.82183" lon="9.07753"/>
            <trkpt lat="48.82136" lon="9.07705"/>
            <trkpt lat="48.82028" lon="9.07582"/>
            <trkpt lat="48.82016" lon="9.07569"/>
            <trkpt lat="48.81999" lon="9.0755"/>
            <trkpt lat="48.81966" lon="9.07508"/>
            <trkpt lat="48.81936" lon="9.07471"/>
            <trkpt lat="48.81929" lon="9.07461"/>
            <trkpt lat="48.8189" lon="9.07409"/>
            <trkpt lat="48.81884" lon="9.07401"/>
            <trkpt lat="48.81851" lon="9.07357"/>
            <trkpt lat="48.81795" lon="9.07268"/>
            <trkpt lat="48.81738" lon="9.07168"/>
            <trkpt lat="48.81723" lon="9.07139"/>
            <trkpt lat="48.81681" lon="9.07054"/>
            <trkpt lat="48.81645" lon="9.06978"/>
            <trkpt lat="48.81599" lon="9.06867"/>
            <trkpt lat="48.81565" lon="9.06772"/>
            <trkpt lat="48.81559" lon="9.06756"/>
            <trkpt lat="48.81528" lon="9.06669"/>
            <trkpt lat="48.81508" lon="9.06618"/>
            <trkpt lat="48.81297" lon="9.06036"/>
            <trkpt lat="48.81258" lon="9.05927"/>
            <trkpt lat="48.81168" lon="9.05681"/>
            <trkpt lat="48.81045" lon="9.05342"/>
            <trkpt lat="48.81021" lon="9.05273"/>
            <trkpt lat="48.81011" lon="9.05244"/>
            <trkpt lat="48.80979" lon="9.05159"/>
            <trkpt lat="48.80973" lon="9.0514"/>
            <trkpt lat="48.80931" lon="9.05025"/>
            <trkpt lat="48.80927" lon="9.05015"/>
            <trkpt lat="48.80821" lon="9.04724"/>
            <trkpt lat="48.80781" lon="9.0462"/>
            <trkpt lat="48.80748" lon="9.04541"/>
            <trkpt lat="48.80743" lon="9.04527"/>
            <trkpt lat="48.80693" lon="9.04409"/>
            <trkpt lat="48.80666" lon="9.04352"/>
            <trkpt lat="48.8065" lon="9.04317"/>
            <trkpt lat="48.80624" lon="9.04262"/>
            <trkpt lat="48.80582" lon="9.0418"/>
            <trkpt lat="48.80511" lon="9.04048"/>
            <trkpt lat="48.80498" lon="9.04027"/>
            <trkpt lat="48.80486" lon="9.04005"/>
            <trkpt lat="48.80421" lon="9.03899"/>
            <trkpt lat="48.80359" lon="9.03801"/>
            <trkpt lat="48.80316" lon="9.03739"/>
            <trkpt lat="48.80286" lon="9.03697"/>
            <trkpt lat="48.80151" lon="9.03513"/>
            <trkpt lat="48.80127" lon="9.03483"/>
            <trkpt lat="48.80074" lon="9.03415"/>
            <trkpt lat="48.79991" lon="9.03312"/>
            <trkpt lat="48.79973" lon="9.03293"/>
            <trkpt lat="48.7996" lon="9.03273"/>
            <trkpt lat="48.79937" lon="9.03245"/>
            <trkpt lat="48.79835" lon="9.03112"/>
            <trkpt lat="48.79814" lon="9.03082"/>
            <trkpt lat="48.79809" lon="9.03076"/>
            <trkpt lat="48.79806" lon="9.03073"/>
            <trkpt lat="48.79801" lon="9.03066"/>
            <trkpt lat="48.79735" lon="9.02973"/>
            <trkpt lat="48.79654" lon="9.02853"/>
            <trkpt lat="48.79579" lon="9.02733"/>
            <trkpt lat="48.79534" lon="9.02657"/>
            <trkpt lat="48.79518" lon="9.02632"/>
            <trkpt lat="48.79436" lon="9.02491"/>
            <trkpt lat="48.79334" lon="9.02319"/>
            <trkpt lat="48.79269" lon="9.02214"/>
            <trkpt lat="48.7926" lon="9.022"/>
            <trkpt lat="48.7919" lon="9.02097"/>
            <trkpt lat="48.79154" lon="9.02049"/>
            <trkpt lat="48.79121" lon="9.02009"/>
            <trkpt lat="48.79068" lon="9.0195"/>
            <trkpt lat="48.79014" lon="9.01897"/>
            <trkpt lat="48.78972" lon="9.01861"/>
            <trkpt lat="48.78879" lon="9.01795"/>
            <trkpt lat="48.7881" lon="9.01755"/>
            <trkpt lat="48.78785" lon="9.01739"/>
            <trkpt lat="48.78753" lon="9.01717"/>
            <trkpt lat="48.78711" lon="9.01687"/>
            <trkpt lat="48.7866" lon="9.01645"/>
            <trkpt lat="48.78653" lon="9.01638"/>
            <trkpt lat="48.78636" lon="9.0162"/>
            <trkpt lat="48.78602" lon="9.01585"/>
            <trkpt lat="48.78569" lon="9.01548"/>
            <trkpt lat="48.78554" lon="9.01529"/>
            <trkpt lat="48.78539" lon="9.01511"/>
            <trkpt lat="48.78512" lon="9.01477"/>
            <trkpt lat="48.78499" lon="9.0146"/>
            <trkpt lat="48.78482" lon="9.01441"/>
            <trkpt lat="48.78469" lon="9.01427"/>
            <trkpt lat="48.78442" lon="9.01403"/>
            <trkpt lat="48.78406" lon="9.01377"/>
            <trkpt lat="48.78393" lon="9.0137"/>
            <trkpt lat="48.78354" lon="9.01352"/>
            <trkpt lat="48.78315" lon="9.01342"/>
            <trkpt lat="48.78305" lon="9.01341"/>
            <trkpt lat="48.78297" lon="9.01339"/>
            <trkpt lat="48.78293" lon="9.01339"/>
            <trkpt lat="48.7828" lon="9.01338"/>
            <trkpt lat="48.78275" lon="9.01338"/>
            <trkpt lat="48.78268" lon="9.01338"/>
            <trkpt lat="48.78241" lon="9.01339"/>
            <trkpt lat="48.78199" lon="9.01347"/>
            <trkpt lat="48.78182" lon="9.01352"/>
            <trkpt lat="48.7814" lon="9.01369"/>
            <trkpt lat="48.78128" lon="9.01375"/>
            <trkpt lat="48.781" lon="9.01391"/>
            <trkpt lat="48.78072" lon="9.01409"/>
            <trkpt lat="48.78049" lon="9.01428"/>
            <trkpt lat="48.78011" lon="9.01464"/>
            <trkpt lat="48.7798" lon="9.015"/>
            <trkpt lat="48.77968" lon="9.01516"/>
            <trkpt lat="48.77939" lon="9.01562"/>
            <trkpt lat="48.7793" lon="9.01578"/>
            <trkpt lat="48.77928" lon="9.01582"/>
            <trkpt lat="48.77909" lon="9.01618"/>
            <trkpt lat="48.77883" lon="9.01671"/>
            <trkpt lat="48.77838" lon="9.01786"/>
            <trkpt lat="48.77816" lon="9.01846"/>
            <trkpt lat="48.7781" lon="9.0187"/>
            <trkpt lat="48.77773" lon="9.01971"/>
            <trkpt lat="48.77758" lon="9.02016"/>
            <trkpt lat="48.77751" lon="9.02031"/>
            <trkpt lat="48.77715" lon="9.02117"/>
            <trkpt lat="48.77689" lon="9.02175"/>
            <trkpt lat="48.77679" lon="9.02206"/>
            <trkpt lat="48.77669" lon="9.02226"/>
            <trkpt lat="48.7763" lon="9.02299"/>
            <trkpt lat="48.7758" lon="9.02383"/>
            <trkpt lat="48.77573" lon="9.02394"/>
            <trkpt lat="48.77548" lon="9.02431"/>
            <trkpt lat="48.77545" lon="9.02437"/>
            <trkpt lat="48.77531" lon="9.02456"/>
            <trkpt lat="48.77488" lon="9.02515"/>
            <trkpt lat="48.77441" lon="9.02574"/>
            <trkpt lat="48.77404" lon="9.02618"/>
            <trkpt lat="48.77372" lon="9.0265"/>
            <trkpt lat="48.7732" lon="9.02702"/>
            <trkpt lat="48.7728" lon="9.02738"/>
            <trkpt lat="48.7723" lon="9.02777"/>
            <trkpt lat="48.77174" lon="9.02817"/>
            <trkpt lat="48.77123" lon="9.02851"/>
            <trkpt lat="48.77075" lon="9.02881"/>
            <trkpt lat="48.77062" lon="9.02889"/>
            <trkpt lat="48.77027" lon="9.02911"/>
            <trkpt lat="48.76942" lon="9.02957"/>
            <trkpt lat="48.76835" lon="9.03009"/>
            <trkpt lat="48.76687" lon="9.03076"/>
            <trkpt lat="48.7647" lon="9.03175"/>
            <trkpt lat="48.76391" lon="9.03208"/>
            <trkpt lat="48.76304" lon="9.0324"/>
            <trkpt lat="48.76246" lon="9.03255"/>
            <trkpt lat="48.76152" lon="9.03272"/>
            <trkpt lat="48.76066" lon="9.03283"/>
            <trkpt lat="48.75732" lon="9.0332"/>
            <trkpt lat="48.7543" lon="9.03353"/>
            <trkpt lat="48.75311" lon="9.03366"/>
            <trkpt lat="48.74758" lon="9.03428"/>
            <trkpt lat="48.74703" lon="9.03434"/>
            <trkpt lat="48.74653" lon="9.0344"/>
            <trkpt lat="48.74586" lon="9.03448"/>
            <trkpt lat="48.74533" lon="9.03455"/>
            <trkpt lat="48.74514" lon="9.03457"/>
            <trkpt lat="48.74414" lon="9.03472"/>
            <trkpt lat="48.74346" lon="9.03486"/>
            <trkpt lat="48.74266" lon="9.03509"/>
            <trkpt lat="48.74202" lon="9.03533"/>
            <trkpt lat="48.7415" lon="9.03555"/>
            <trkpt lat="48.74094" lon="9.03584"/>
            <trkpt lat="48.74035" lon="9.03619"/>
            <trkpt lat="48.74001" lon="9.03641"/>
            <trkpt lat="48.7398" lon="9.03656"/>
            <trkpt lat="48.73913" lon="9.03708"/>
            <trkpt lat="48.73863" lon="9.0375"/>
            <trkpt lat="48.73806" lon="9.03808"/>
            <trkpt lat="48.73792" lon="9.03822"/>
            <trkpt lat="48.73764" lon="9.03852"/>
            <trkpt lat="48.73694" lon="9.03936"/>
            <trkpt lat="48.73645" lon="9.04001"/>
            <trkpt lat="48.73586" lon="9.04088"/>
            <trkpt lat="48.73535" lon="9.04172"/>
            <trkpt lat="48.73531" lon="9.04178"/>
            <trkpt lat="48.73511" lon="9.04213"/>
            <trkpt lat="48.73429" lon="9.04371"/>
            <trkpt lat="48.7326" lon="9.04725"/>
            <trkpt lat="48.7325" lon="9.04746"/>
            <trkpt lat="48.73108" lon="9.05047"/>
            <trkpt lat="48.73036" lon="9.05196"/>
            <trkpt lat="48.73001" lon="9.05273"/>
            <trkpt lat="48.72991" lon="9.05295"/>
            <trkpt lat="48.72922" lon="9.05459"/>
            <trkpt lat="48.72912" lon="9.05487"/>
            <trkpt lat="48.72887" lon="9.05552"/>
            <trkpt lat="48.7288" lon="9.05573"/>
            <trkpt lat="48.72876" lon="9.05585"/>
            <trkpt lat="48.72835" lon="9.05713"/>
            <trkpt lat="48.72798" lon="9.05849"/>
            <trkpt lat="48.72793" lon="9.05866"/>
            <trkpt lat="48.72769" lon="9.05959"/>
            <trkpt lat="48.7274" lon="9.06103"/>
            <trkpt lat="48.72707" lon="9.06302"/>
            <trkpt lat="48.72659" lon="9.06599"/>
            <trkpt lat="48.72639" lon="9.06711"/>
            <trkpt lat="48.72627" lon="9.06766"/>
            <trkpt lat="48.72623" lon="9.06784"/>
            <trkpt lat="48.7262" lon="9.06793"/>
            <trkpt lat="48.72614" lon="9.06814"/>
            <trkpt lat="48.72608" lon="9.06835"/>
            <trkpt lat="48.7257" lon="9.06947"/>
            <trkpt lat="48.72533" lon="9.0704"/>
            <trkpt lat="48.72526" lon="9.07056"/>
            <trkpt lat="48.72486" lon="9.07136"/>
            <trkpt lat="48.72459" lon="9.07187"/>
            <trkpt lat="48.72437" lon="9.07223"/>
            <trkpt lat="48.7236" lon="9.07346"/>
            <trkpt lat="48.72336" lon="9.07382"/>
            <trkpt lat="48.72323" lon="9.07402"/>
            <trkpt lat="48.72314" lon="9.07416"/>
            <trkpt lat="48.72283" lon="9.07464"/>
            <trkpt lat="48.72279" lon="9.07471"/>
            <trkpt lat="48.72275" lon="9.07477"/>
            <trkpt lat="48.72262" lon="9.07497"/>
            <trkpt lat="48.7225" lon="9.07517"/>
            <trkpt lat="48.72239" lon="9.07533"/>
            <trkpt lat="48.72217" lon="9.07567"/>
            <trkpt lat="48.72185" lon="9.07619"/>
            <trkpt lat="48.72147" lon="9.07679"/>
            <trkpt lat="48.72129" lon="9.07711"/>
            <trkpt lat="48.72065" lon="9.07812"/>
            <trkpt lat="48.72044" lon="9.07844"/>
            <trkpt lat="48.72016" lon="9.0789"/>
            <trkpt lat="48.71974" lon="9.07962"/>
            <trkpt lat="48.71928" lon="9.08034"/>
            <trkpt lat="48.71806" lon="9.08229"/>
            <trkpt lat="48.71723" lon="9.08363"/>
            <trkpt lat="48.71676" lon="9.08441"/>
            <trkpt lat="48.71646" lon="9.08493"/>
            <trkpt lat="48.71607" lon="9.0857"/>
            <trkpt lat="48.71603" lon="9.08577"/>
            <trkpt lat="48.71571" lon="9.08645"/>
            <trkpt lat="48.71538" lon="9.08724"/>
            <trkpt lat="48.715" lon="9.08818"/>
            <trkpt lat="48.71455" lon="9.08955"/>
            <trkpt lat="48.7139" lon="9.09212"/>
            <trkpt lat="48.71338" lon="9.09425"/>
            <trkpt lat="48.71278" lon="9.09668"/>
            <trkpt lat="48.71226" lon="9.09877"/>
            <trkpt lat="48.7118" lon="9.10071"/>
            <trkpt lat="48.71132" lon="9.10307"/>
            <trkpt lat="48.71089" lon="9.10531"/>
            <trkpt lat="48.71081" lon="9.10567"/>
            <trkpt lat="48.71069" lon="9.10628"/>
            <trkpt lat="48.71055" lon="9.10701"/>
            <trkpt lat="48.71039" lon="9.10783"/>
            <trkpt lat="48.70982" lon="9.11068"/>
            <trkpt lat="48.70894" lon="9.11529"/>
            <trkpt lat="48.70884" lon="9.11586"/>
            <trkpt lat="48.70867" lon="9.11702"/>
            <trkpt lat="48.70859" lon="9.11763"/>
            <trkpt lat="48.70848" lon="9.11861"/>
            <trkpt lat="48.70848" lon="9.11865"/>
            <trkpt lat="48.70841" lon="9.11958"/>
            <trkpt lat="48.70833" lon="9.12107"/>
            <trkpt lat="48.70831" lon="9.12209"/>
            <trkpt lat="48.70831" lon="9.12271"/>
            <trkpt lat="48.70833" lon="9.12377"/>
            <trkpt lat="48.70841" lon="9.12522"/>
            <trkpt lat="48.70847" lon="9.12602"/>
            <trkpt lat="48.70854" lon="9.12677"/>
            <trkpt lat="48.70869" lon="9.12806"/>
            <trkpt lat="48.709" lon="9.13096"/>
            <trkpt lat="48.70933" lon="9.13386"/>
            <trkpt lat="48.70937" lon="9.13427"/>
            <trkpt lat="48.70949" lon="9.13567"/>
            <trkpt lat="48.70953" lon="9.1364"/>
            <trkpt lat="48.70956" lon="9.13729"/>
            <trkpt lat="48.70957" lon="9.13849"/>
            <trkpt lat="48.70956" lon="9.13892"/>
            <trkpt lat="48.70956" lon="9.13961"/>
            <trkpt lat="48.70954" lon="9.13986"/>
            <trkpt lat="48.70948" lon="9.14063"/>
            <trkpt lat="48.70939" lon="9.14192"/>
            <trkpt lat="48.70936" lon="9.1422"/>
            <trkpt lat="48.70928" lon="9.14298"/>
            <trkpt lat="48.70924" lon="9.14327"/>
            <trkpt lat="48.70907" lon="9.14454"/>
            <trkpt lat="48.70889" lon="9.14596"/>
            <trkpt lat="48.70835" lon="9.14976"/>
            <trkpt lat="48.70811" lon="9.1515"/>
            <trkpt lat="48.70679" lon="9.16092"/>
            <trkpt lat="48.70676" lon="9.16113"/>
            <trkpt lat="48.70669" lon="9.16165"/>
            <trkpt lat="48.70656" lon="9.1626"/>
            <trkpt lat="48.70655" lon="9.1627"/>
            <trkpt lat="48.70647" lon="9.16319"/>
            <trkpt lat="48.70616" lon="9.16545"/>
            <trkpt lat="48.70612" lon="9.16569"/>
            <trkpt lat="48.70606" lon="9.16616"/>
            <trkpt lat="48.70599" lon="9.16661"/>
            <trkpt lat="48.70598" lon="9.16669"/>
            <trkpt lat="48.70595" lon="9.16691"/>
            <trkpt lat="48.70594" lon="9.167"/>
            <trkpt lat="48.70588" lon="9.16735"/>
            <trkpt lat="48.7058" lon="9.16777"/>
            <trkpt lat="48.7057" lon="9.16832"/>
            <trkpt lat="48.70549" lon="9.16927"/>
            <trkpt lat="48.70513" lon="9.17069"/>
            <trkpt lat="48.7048" lon="9.17182"/>
            <trkpt lat="48.70459" lon="9.17248"/>
            <trkpt lat="48.70453" lon="9.17266"/>
            <trkpt lat="48.70447" lon="9.17283"/>
            <trkpt lat="48.70441" lon="9.173"/>
            <trkpt lat="48.70399" lon="9.17418"/>
            <trkpt lat="48.70394" lon="9.17436"/>
            <trkpt lat="48.70387" lon="9.17452"/>
            <trkpt lat="48.7034" lon="9.17568"/>
            <trkpt lat="48.70288" lon="9.17682"/>
            <trkpt lat="48.70048" lon="9.18183"/>
            <trkpt lat="48.69947" lon="9.18395"/>
            <trkpt lat="48.69922" lon="9.18448"/>
            <trkpt lat="48.69921" lon="9.1845"/>
            <trkpt lat="48.69918" lon="9.18457"/>
            <trkpt lat="48.69797" lon="9.18708"/>
            <trkpt lat="48.69741" lon="9.18827"/>
            <trkpt lat="48.69674" lon="9.18973"/>
            <trkpt lat="48.69608" lon="9.19123"/>
            <trkpt lat="48.6959" lon="9.19168"/>
            <trkpt lat="48.69534" lon="9.19319"/>
            <trkpt lat="48.69508" lon="9.19394"/>
            <trkpt lat="48.69489" lon="9.19451"/>
            <trkpt lat="48.69478" lon="9.1949"/>
            <trkpt lat="48.69436" lon="9.19634"/>
            <trkpt lat="48.6939" lon="9.19827"/>
            <trkpt lat="48.6937" lon="9.1993"/>
            <trkpt lat="48.69363" lon="9.19974"/>
            <trkpt lat="48.6936" lon="9.19986"/>
            <trkpt lat="48.69356" lon="9.20011"/>
            <trkpt lat="48.6935" lon="9.20043"/>
            <trkpt lat="48.69344" lon="9.20085"/>
            <trkpt lat="48.69326" lon="9.20208"/>
            <trkpt lat="48.69312" lon="9.20332"/>
            <trkpt lat="48.693" lon="9.20458"/>
            <trkpt lat="48.69293" lon="9.20571"/>
            <trkpt lat="48.6929" lon="9.20654"/>
            <trkpt lat="48.69285" lon="9.2078"/>
            <trkpt lat="48.6928" lon="9.21062"/>
            <trkpt lat="48.69284" lon="9.21273"/>
            <trkpt lat="48.69287" lon="9.21376"/>
            <trkpt lat="48.69287" lon="9.21413"/>
            <trkpt lat="48.69293" lon="9.21546"/>
            <trkpt lat="48.69312" lon="9.21823"/>
            <trkpt lat="48.69325" lon="9.21969"/>
            <trkpt lat="48.69327" lon="9.21989"/>
            <trkpt lat="48.6933" lon="9.22016"/>
            <trkpt lat="48.69335" lon="9.22072"/>
            <trkpt lat="48.69347" lon="9.22182"/>
            <trkpt lat="48.69359" lon="9.22287"/>
            <trkpt lat="48.69368" lon="9.22357"/>
            <trkpt lat="48.69416" lon="9.22665"/>
            <trkpt lat="48.69447" lon="9.22852"/>
            <trkpt lat="48.69468" lon="9.22969"/>
            <trkpt lat="48.69497" lon="9.23136"/>
            <trkpt lat="48.6958" lon="9.23567"/>
            <trkpt lat="48.69669" lon="9.24041"/>
            <trkpt lat="48.69696" lon="9.24186"/>
            <trkpt lat="48.69719" lon="9.24329"/>
            <trkpt lat="48.69726" lon="9.24372"/>
            <trkpt lat="48.69737" lon="9.24465"/>
            <trkpt lat="48.69747" lon="9.24558"/>
            <trkpt lat="48.69753" lon="9.24636"/>
            <trkpt lat="48.69759" lon="9.24771"/>
            <trkpt lat="48.69763" lon="9.24895"/>
            <trkpt lat="48.69762" lon="9.25016"/>
            <trkpt lat="48.6976" lon="9.25049"/>
            <trkpt lat="48.69755" lon="9.25175"/>
            <trkpt lat="48.69745" lon="9.25295"/>
            <trkpt lat="48.69734" lon="9.25401"/>
            <trkpt lat="48.69711" lon="9.25568"/>
            <trkpt lat="48.69678" lon="9.25744"/>
            <trkpt lat="48.69646" lon="9.25899"/>
            <trkpt lat="48.69596" lon="9.26149"/>
            <trkpt lat="48.69593" lon="9.26162"/>
            <trkpt lat="48.69569" lon="9.26314"/>
            <trkpt lat="48.69556" lon="9.26418"/>
            <trkpt lat="48.69549" lon="9.26476"/>
            <trkpt lat="48.69546" lon="9.26519"/>
            <trkpt lat="48.69544" lon="9.26537"/>
            <trkpt lat="48.69539" lon="9.26606"/>
            <trkpt lat="48.69532" lon="9.2673"/>
            <trkpt lat="48.69522" lon="9.26986"/>
            <trkpt lat="48.69513" lon="9.27246"/>
            <trkpt lat="48.69511" lon="9.27307"/>
            <trkpt lat="48.69499" lon="9.27627"/>
            <trkpt lat="48.69494" lon="9.27733"/>
            <trkpt lat="48.69485" lon="9.27971"/>
            <trkpt lat="48.69483" lon="9.28017"/>
            <trkpt lat="48.69483" lon="9.2803"/>
            <trkpt lat="48.6948" lon="9.28116"/>
            <trkpt lat="48.69472" lon="9.28279"/>
            <trkpt lat="48.69472" lon="9.28288"/>
            <trkpt lat="48.69471" lon="9.28299"/>
            <trkpt lat="48.69469" lon="9.28336"/>
            <trkpt lat="48.69465" lon="9.2841"/>
            <trkpt lat="48.6946" lon="9.28501"/>
            <trkpt lat="48.69445" lon="9.28715"/>
            <trkpt lat="48.69433" lon="9.28863"/>
            <trkpt lat="48.69421" lon="9.28986"/>
            <trkpt lat="48.69409" lon="9.29119"/>
            <trkpt lat="48.6939" lon="9.29295"/>
            <trkpt lat="48.69372" lon="9.29443"/>
            <trkpt lat="48.69353" lon="9.29591"/>
            <trkpt lat="48.69311" lon="9.29897"/>
            <trkpt lat="48.69304" lon="9.29946"/>
            <trkpt lat="48.69293" lon="9.30028"/>
            <trkpt lat="48.69266" lon="9.30233"/>
            <trkpt lat="48.69241" lon="9.304"/>
            <trkpt lat="48.6923" lon="9.30462"/>
            <trkpt lat="48.69193" lon="9.30627"/>
            <trkpt lat="48.69163" lon="9.30745"/>
            <trkpt lat="48.69141" lon="9.3082"/>
            <trkpt lat="48.69134" lon="9.30841"/>
            <trkpt lat="48.6912" lon="9.30886"/>
            <trkpt lat="48.69068" lon="9.31032"/>
            <trkpt lat="48.69022" lon="9.31151"/>
            <trkpt lat="48.68946" lon="9.31328"/>
            <trkpt lat="48.6894" lon="9.31342"/>
            <trkpt lat="48.68906" lon="9.31419"/>
            <trkpt lat="48.68873" lon="9.31491"/>
            <trkpt lat="48.68809" lon="9.31641"/>
            <trkpt lat="48.68658" lon="9.31987"/>
            <trkpt lat="48.68592" lon="9.32136"/>
            <trkpt lat="48.6854" lon="9.32255"/>
            <trkpt lat="48.68466" lon="9.32424"/>
            <trkpt lat="48.68385" lon="9.32607"/>
            <trkpt lat="48.68218" lon="9.32988"/>
            <trkpt lat="48.68041" lon="9.33396"/>
            <trkpt lat="48.67956" lon="9.33581"/>
            <trkpt lat="48.67919" lon="9.33671"/>
            <trkpt lat="48.67874" lon="9.33774"/>
            <trkpt lat="48.67846" lon="9.33838"/>
            <trkpt lat="48.67734" lon="9.34094"/>
            <trkpt lat="48.67704" lon="9.34159"/>
            <trkpt lat="48.67689" lon="9.34192"/>
            <trkpt lat="48.67619" lon="9.34352"/>
            <trkpt lat="48.67527" lon="9.34564"/>
            <trkpt lat="48.67497" lon="9.34633"/>
            <trkpt lat="48.67477" lon="9.34679"/>
            <trkpt lat="48.67346" lon="9.34977"/>
            <trkpt lat="48.67337" lon="9.34999"/>
            <trkpt lat="48.67231" lon="9.35241"/>
            <trkpt lat="48.67163" lon="9.35398"/>
            <trkpt lat="48.67121" lon="9.3549"/>
            <trkpt lat="48.67092" lon="9.35558"/>
            <trkpt lat="48.67087" lon="9.3557"/>
            <trkpt lat="48.67015" lon="9.35733"/>
            <trkpt lat="48.66943" lon="9.35897"/>
            <trkpt lat="48.66883" lon="9.36035"/>
            <trkpt lat="48.66793" lon="9.3624"/>
            <trkpt lat="48.66771" lon="9.36289"/>
            <trkpt lat="48.66729" lon="9.36386"/>
            <trkpt lat="48.66719" lon="9.36409"/>
            <trkpt lat="48.66712" lon="9.36425"/>
            <trkpt lat="48.667" lon="9.36452"/>
            <trkpt lat="48.6668" lon="9.36494"/>
            <trkpt lat="48.66675" lon="9.36507"/>
            <trkpt lat="48.66669" lon="9.36519"/>
            <trkpt lat="48.66662" lon="9.36537"/>
            <trkpt lat="48.66655" lon="9.36552"/>
            <trkpt lat="48.66651" lon="9.36561"/>
            <trkpt lat="48.66589" lon="9.36701"/>
            <trkpt lat="48.66572" lon="9.36741"/>
            <trkpt lat="48.66564" lon="9.36761"/>
            <trkpt lat="48.66556" lon="9.36778"/>
            <trkpt lat="48.66551" lon="9.3679"/>
            <trkpt lat="48.66545" lon="9.36803"/>
            <trkpt lat="48.66479" lon="9.36951"/>
            <trkpt lat="48.66443" lon="9.37029"/>
            <trkpt lat="48.66405" lon="9.37104"/>
            <trkpt lat="48.6638" lon="9.37151"/>
            <trkpt lat="48.6637" lon="9.37169"/>
            <trkpt lat="48.6634" lon="9.37223"/>
            <trkpt lat="48.66274" lon="9.37331"/>
            <trkpt lat="48.66229" lon="9.37399"/>
            <trkpt lat="48.65905" lon="9.37856"/>
            <trkpt lat="48.65848" lon="9.37946"/>
            <trkpt lat="48.6579" lon="9.38045"/>
            <trkpt lat="48.65778" lon="9.38067"/>
            <trkpt lat="48.65733" lon="9.38152"/>
            <trkpt lat="48.65695" lon="9.38232"/>
            <trkpt lat="48.65693" lon="9.38235"/>
            <trkpt lat="48.65644" lon="9.38349"/>
            <trkpt lat="48.65605" lon="9.38448"/>
            <trkpt lat="48.65557" lon="9.3858"/>
            <trkpt lat="48.65527" lon="9.38678"/>
            <trkpt lat="48.65486" lon="9.38836"/>
            <trkpt lat="48.65437" lon="9.3905"/>
            <trkpt lat="48.65419" lon="9.39148"/>
            <trkpt lat="48.65383" lon="9.39336"/>
            <trkpt lat="48.65372" lon="9.39398"/>
            <trkpt lat="48.65366" lon="9.39438"/>
            <trkpt lat="48.65332" lon="9.39603"/>
            <trkpt lat="48.65242" lon="9.40061"/>
            <trkpt lat="48.65193" lon="9.40313"/>
            <trkpt lat="48.65185" lon="9.40362"/>
            <trkpt lat="48.65171" lon="9.4043"/>
            <trkpt lat="48.65121" lon="9.40689"/>
            <trkpt lat="48.65083" lon="9.40876"/>
            <trkpt lat="48.65051" lon="9.41013"/>
            <trkpt lat="48.65005" lon="9.41183"/>
            <trkpt lat="48.6495" lon="9.41364"/>
            <trkpt lat="48.64918" lon="9.41459"/>
            <trkpt lat="48.64888" lon="9.41541"/>
            <trkpt lat="48.64843" lon="9.4166"/>
            <trkpt lat="48.64796" lon="9.41775"/>
            <trkpt lat="48.64746" lon="9.41886"/>
            <trkpt lat="48.6473" lon="9.41921"/>
            <trkpt lat="48.64677" lon="9.4203"/>
            <trkpt lat="48.64596" lon="9.42185"/>
            <trkpt lat="48.64492" lon="9.42378"/>
            <trkpt lat="48.64358" lon="9.42627"/>
            <trkpt lat="48.64211" lon="9.42898"/>
            <trkpt lat="48.64128" lon="9.43053"/>
            <trkpt lat="48.64119" lon="9.4307"/>
            <trkpt lat="48.64117" lon="9.43074"/>
            <trkpt lat="48.64106" lon="9.43093"/>
            <trkpt lat="48.64058" lon="9.43181"/>
            <trkpt lat="48.64032" lon="9.43232"/>
            <trkpt lat="48.63971" lon="9.43343"/>
            <trkpt lat="48.63942" lon="9.43398"/>
            <trkpt lat="48.63868" lon="9.43535"/>
            <trkpt lat="48.63799" lon="9.43663"/>
            <trkpt lat="48.63607" lon="9.4402"/>
            <trkpt lat="48.63553" lon="9.44128"/>
            <trkpt lat="48.63486" lon="9.44274"/>
            <trkpt lat="48.63445" lon="9.44368"/>
            <trkpt lat="48.63388" lon="9.44514"/>
            <trkpt lat="48.63349" lon="9.4462"/>
            <trkpt lat="48.63327" lon="9.44686"/>
            <trkpt lat="48.63283" lon="9.44824"/>
            <trkpt lat="48.6328" lon="9.44831"/>
            <trkpt lat="48.63264" lon="9.44886"/>
            <trkpt lat="48.63252" lon="9.44928"/>
            <trkpt lat="48.63236" lon="9.44986"/>
            <trkpt lat="48.63231" lon="9.45002"/>
            <trkpt lat="48.63212" lon="9.45077"/>
            <trkpt lat="48.63176" lon="9.45226"/>
            <trkpt lat="48.6317" lon="9.45257"/>
            <trkpt lat="48.63165" lon="9.45278"/>
            <trkpt lat="48.63148" lon="9.4536"/>
            <trkpt lat="48.63128" lon="9.45468"/>
            <trkpt lat="48.63118" lon="9.45522"/>
            <trkpt lat="48.63115" lon="9.45544"/>
            <trkpt lat="48.63113" lon="9.45553"/>
            <trkpt lat="48.63112" lon="9.45564"/>
            <trkpt lat="48.63109" lon="9.45582"/>
            <trkpt lat="48.63106" lon="9.45596"/>
            <trkpt lat="48.63096" lon="9.45669"/>
            <trkpt lat="48.63077" lon="9.45796"/>
            <trkpt lat="48.6307" lon="9.45861"/>
            <trkpt lat="48.63058" lon="9.45983"/>
            <trkpt lat="48.63043" lon="9.46168"/>
            <trkpt lat="48.63041" lon="9.46217"/>
            <trkpt lat="48.63011" lon="9.46923"/>
            <trkpt lat="48.63007" lon="9.47021"/>
            <trkpt lat="48.63002" lon="9.4714"/>
            <trkpt lat="48.6299" lon="9.47439"/>
            <trkpt lat="48.62979" lon="9.47709"/>
            <trkpt lat="48.62952" lon="9.4837"/>
            <trkpt lat="48.62949" lon="9.48439"/>
            <trkpt lat="48.62943" lon="9.4858"/>
            <trkpt lat="48.62916" lon="9.49219"/>
            <trkpt lat="48.62907" lon="9.49426"/>
            <trkpt lat="48.62893" lon="9.49764"/>
            <trkpt lat="48.62889" lon="9.49868"/>
            <trkpt lat="48.62874" lon="9.50206"/>
            <trkpt lat="48.62857" lon="9.5061"/>
            <trkpt lat="48.62855" lon="9.50664"/>
            <trkpt lat="48.6285" lon="9.50785"/>
            <trkpt lat="48.62846" lon="9.50905"/>
            <trkpt lat="48.62835" lon="9.51152"/>
            <trkpt lat="48.6283" lon="9.51261"/>
            <trkpt lat="48.62828" lon="9.51357"/>
            <trkpt lat="48.62828" lon="9.51416"/>
            <trkpt lat="48.62828" lon="9.51469"/>
            <trkpt lat="48.6283" lon="9.51582"/>
            <trkpt lat="48.62834" lon="9.51676"/>
            <trkpt lat="48.62838" lon="9.51724"/>
            <trkpt lat="48.6284" lon="9.51748"/>
            <trkpt lat="48.62856" lon="9.51911"/>
            <trkpt lat="48.62874" lon="9.52045"/>
            <trkpt lat="48.62901" lon="9.52205"/>
            <trkpt lat="48.62904" lon="9.5222"/>
            <trkpt lat="48.63047" lon="9.53046"/>
            <trkpt lat="48.63082" lon="9.53244"/>
            <trkpt lat="48.63086" lon="9.53271"/>
            <trkpt lat="48.63092" lon="9.53305"/>
            <trkpt lat="48.63123" lon="9.53485"/>
            <trkpt lat="48.63145" lon="9.53613"/>
            <trkpt lat="48.63151" lon="9.53649"/>
            <trkpt lat="48.63191" lon="9.53939"/>
            <trkpt lat="48.63206" lon="9.5406"/>
            <trkpt lat="48.63235" lon="9.54287"/>
            <trkpt lat="48.63246" lon="9.54374"/>
            <trkpt lat="48.63281" lon="9.54658"/>
            <trkpt lat="48.63298" lon="9.54787"/>
            <trkpt lat="48.633" lon="9.54806"/>
            <trkpt lat="48.63315" lon="9.54931"/>
            <trkpt lat="48.63323" lon="9.54995"/>
            <trkpt lat="48.63335" lon="9.55122"/>
            <trkpt lat="48.63337" lon="9.55147"/>
            <trkpt lat="48.63345" lon="9.55317"/>
            <trkpt lat="48.63346" lon="9.55429"/>
            <trkpt lat="48.63344" lon="9.5551"/>
            <trkpt lat="48.63341" lon="9.55598"/>
            <trkpt lat="48.63334" lon="9.55689"/>
            <trkpt lat="48.63328" lon="9.55756"/>
            <trkpt lat="48.63325" lon="9.55778"/>
            <trkpt lat="48.63321" lon="9.55811"/>
            <trkpt lat="48.63315" lon="9.55857"/>
            <trkpt lat="48.63309" lon="9.55904"/>
            <trkpt lat="48.63299" lon="9.55966"/>
            <trkpt lat="48.63281" lon="9.56065"/>
            <trkpt lat="48.63257" lon="9.56173"/>
            <trkpt lat="48.63246" lon="9.56219"/>
            <trkpt lat="48.63204" lon="9.56364"/>
            <trkpt lat="48.63178" lon="9.56444"/>
            <trkpt lat="48.63148" lon="9.5653"/>
            <trkpt lat="48.63118" lon="9.56607"/>
            <trkpt lat="48.63067" lon="9.56725"/>
            <trkpt lat="48.62964" lon="9.56956"/>
            <trkpt lat="48.62939" lon="9.57024"/>
            <trkpt lat="48.62926" lon="9.57064"/>
            <trkpt lat="48.629" lon="9.57152"/>
            <trkpt lat="48.62884" lon="9.57218"/>
            <trkpt lat="48.62831" lon="9.57475"/>
            <trkpt lat="48.62815" lon="9.57535"/>
            <trkpt lat="48.62802" lon="9.57585"/>
            <trkpt lat="48.62796" lon="9.57604"/>
            <trkpt lat="48.62782" lon="9.57649"/>
            <trkpt lat="48.62775" lon="9.57669"/>
            <trkpt lat="48.62748" lon="9.57739"/>
            <trkpt lat="48.62718" lon="9.5781"/>
            <trkpt lat="48.62681" lon="9.57887"/>
            <trkpt lat="48.62649" lon="9.57943"/>
            <trkpt lat="48.62606" lon="9.58008"/>
            <trkpt lat="48.62605" lon="9.58009"/>
            <trkpt lat="48.62573" lon="9.58054"/>
            <trkpt lat="48.62553" lon="9.58081"/>
            <trkpt lat="48.62549" lon="9.58086"/>
            <trkpt lat="48.62514" lon="9.58126"/>
            <trkpt lat="48.62478" lon="9.58164"/>
            <trkpt lat="48.62419" lon="9.58218"/>
            <trkpt lat="48.62314" lon="9.58304"/>
            <trkpt lat="48.62262" lon="9.58347"/>
            <trkpt lat="48.62214" lon="9.58395"/>
            <trkpt lat="48.62175" lon="9.58438"/>
            <trkpt lat="48.6213" lon="9.58493"/>
            <trkpt lat="48.62094" lon="9.58546"/>
            <trkpt lat="48.62055" lon="9.58606"/>
            <trkpt lat="48.62017" lon="9.58675"/>
            <trkpt lat="48.61986" lon="9.58736"/>
            <trkpt lat="48.61964" lon="9.58788"/>
            <trkpt lat="48.61935" lon="9.58864"/>
            <trkpt lat="48.61908" lon="9.58941"/>
            <trkpt lat="48.61897" lon="9.58981"/>
            <trkpt lat="48.61875" lon="9.59065"/>
            <trkpt lat="48.61868" lon="9.59099"/>
            <trkpt lat="48.61845" lon="9.59217"/>
            <trkpt lat="48.61825" lon="9.59322"/>
            <trkpt lat="48.61818" lon="9.59365"/>
            <trkpt lat="48.61812" lon="9.59397"/>
            <trkpt lat="48.61808" lon="9.59417"/>
            <trkpt lat="48.61784" lon="9.59511"/>
            <trkpt lat="48.61772" lon="9.59555"/>
            <trkpt lat="48.61747" lon="9.59627"/>
            <trkpt lat="48.61729" lon="9.59676"/>
            <trkpt lat="48.6171" lon="9.59724"/>
            <trkpt lat="48.61611" lon="9.59938"/>
            <trkpt lat="48.6159" lon="9.59989"/>
            <trkpt lat="48.61558" lon="9.60072"/>
            <trkpt lat="48.61545" lon="9.60109"/>
            <trkpt lat="48.61522" lon="9.6019"/>
            <trkpt lat="48.61519" lon="9.60205"/>
            <trkpt lat="48.61509" lon="9.60243"/>
            <trkpt lat="48.615" lon="9.60286"/>
            <trkpt lat="48.61484" lon="9.60368"/>
            <trkpt lat="48.61474" lon="9.6044"/>
            <trkpt lat="48.61464" lon="9.60536"/>
            <trkpt lat="48.61436" lon="9.60917"/>
            <trkpt lat="48.61417" lon="9.6115"/>
            <trkpt lat="48.61405" lon="9.61304"/>
            <trkpt lat="48.61393" lon="9.6143"/>
            <trkpt lat="48.61381" lon="9.61526"/>
            <trkpt lat="48.61374" lon="9.61571"/>
            <trkpt lat="48.61359" lon="9.61651"/>
            <trkpt lat="48.61343" lon="9.61727"/>
            <trkpt lat="48.61326" lon="9.61795"/>
            <trkpt lat="48.61308" lon="9.61866"/>
            <trkpt lat="48.6128" lon="9.61958"/>
            <trkpt lat="48.6123" lon="9.621"/>
            <trkpt lat="48.61198" lon="9.6218"/>
            <trkpt lat="48.61161" lon="9.62266"/>
            <trkpt lat="48.61116" lon="9.62364"/>
            <trkpt lat="48.61098" lon="9.62402"/>
            <trkpt lat="48.61062" lon="9.62478"/>
            <trkpt lat="48.61024" lon="9.6256"/>
            <trkpt lat="48.6101" lon="9.62592"/>
            <trkpt lat="48.60973" lon="9.62672"/>
            <trkpt lat="48.6096" lon="9.62698"/>
            <trkpt lat="48.60938" lon="9.62745"/>
            <trkpt lat="48.60921" lon="9.62784"/>
            <trkpt lat="48.60903" lon="9.62826"/>
            <trkpt lat="48.60886" lon="9.62863"/>
            <trkpt lat="48.60845" lon="9.6295"/>
            <trkpt lat="48.60831" lon="9.6298"/>
            <trkpt lat="48.60802" lon="9.63047"/>
            <trkpt lat="48.60651" lon="9.63377"/>
            <trkpt lat="48.60609" lon="9.63464"/>
            <trkpt lat="48.60593" lon="9.63492"/>
            <trkpt lat="48.60527" lon="9.63613"/>
            <trkpt lat="48.60511" lon="9.63639"/>
            <trkpt lat="48.6047" lon="9.63705"/>
            <trkpt lat="48.6046" lon="9.6372"/>
            <trkpt lat="48.60439" lon="9.63752"/>
            <trkpt lat="48.60387" lon="9.63826"/>
            <trkpt lat="48.60359" lon="9.63864"/>
            <trkpt lat="48.60352" lon="9.63874"/>
            <trkpt lat="48.60326" lon="9.63906"/>
            <trkpt lat="48.60268" lon="9.63976"/>
            <trkpt lat="48.60188" lon="9.64063"/>
            <trkpt lat="48.60116" lon="9.64134"/>
            <trkpt lat="48.60058" lon="9.64187"/>
            <trkpt lat="48.59939" lon="9.64294"/>
            <trkpt lat="48.59918" lon="9.64312"/>
            <trkpt lat="48.59771" lon="9.64443"/>
            <trkpt lat="48.59595" lon="9.646"/>
            <trkpt lat="48.59544" lon="9.64645"/>
            <trkpt lat="48.59503" lon="9.64682"/>
            <trkpt lat="48.59464" lon="9.64716"/>
            <trkpt lat="48.59387" lon="9.64784"/>
            <trkpt lat="48.59307" lon="9.64851"/>
            <trkpt lat="48.59221" lon="9.6492"/>
            <trkpt lat="48.59188" lon="9.64945"/>
            <trkpt lat="48.59089" lon="9.65013"/>
            <trkpt lat="48.58943" lon="9.65117"/>
            <trkpt lat="48.58889" lon="9.65159"/>
            <trkpt lat="48.58848" lon="9.65197"/>
            <trkpt lat="48.5878" lon="9.65271"/>
            <trkpt lat="48.58751" lon="9.65306"/>
            <trkpt lat="48.58732" lon="9.65334"/>
            <trkpt lat="48.58698" lon="9.65384"/>
            <trkpt lat="48.58667" lon="9.65436"/>
            <trkpt lat="48.58641" lon="9.65486"/>
            <trkpt lat="48.58617" lon="9.6554"/>
            <trkpt lat="48.58601" lon="9.65579"/>
            <trkpt lat="48.58589" lon="9.65611"/>
            <trkpt lat="48.5856" lon="9.65699"/>
            <trkpt lat="48.58509" lon="9.65873"/>
            <trkpt lat="48.58478" lon="9.65975"/>
            <trkpt lat="48.58459" lon="9.66037"/>
            <trkpt lat="48.58445" lon="9.66088"/>
            <trkpt lat="48.58434" lon="9.66124"/>
            <trkpt lat="48.58408" lon="9.66212"/>
            <trkpt lat="48.58404" lon="9.66224"/>
            <trkpt lat="48.58391" lon="9.66268"/>
            <trkpt lat="48.58381" lon="9.66296"/>
            <trkpt lat="48.58352" lon="9.66361"/>
            <trkpt lat="48.58335" lon="9.66391"/>
            <trkpt lat="48.58316" lon="9.66419"/>
            <trkpt lat="48.58311" lon="9.66426"/>
            <trkpt lat="48.58288" lon="9.66456"/>
            <trkpt lat="48.58282" lon="9.66462"/>
            <trkpt lat="48.58258" lon="9.66488"/>
            <trkpt lat="48.58221" lon="9.66517"/>
            <trkpt lat="48.58189" lon="9.66536"/>
            <trkpt lat="48.58157" lon="9.66551"/>
            <trkpt lat="48.58154" lon="9.66552"/>
            <trkpt lat="48.58134" lon="9.66558"/>
            <trkpt lat="48.58101" lon="9.66565"/>
            <trkpt lat="48.58067" lon="9.66568"/>
            <trkpt lat="48.5803" lon="9.66564"/>
            <trkpt lat="48.58014" lon="9.66561"/>
            <trkpt lat="48.58005" lon="9.66559"/>
            <trkpt lat="48.5797" lon="9.66547"/>
            <trkpt lat="48.57938" lon="9.6653"/>
            <trkpt lat="48.57911" lon="9.66512"/>
            <trkpt lat="48.57875" lon="9.66482"/>
            <trkpt lat="48.57842" lon="9.66446"/>
            <trkpt lat="48.57821" lon="9.66417"/>
            <trkpt lat="48.57803" lon="9.66392"/>
            <trkpt lat="48.57672" lon="9.66205"/>
            <trkpt lat="48.5761" lon="9.66122"/>
            <trkpt lat="48.57536" lon="9.66026"/>
            <trkpt lat="48.57514" lon="9.65999"/>
            <trkpt lat="48.57484" lon="9.65954"/>
            <trkpt lat="48.57469" lon="9.65928"/>
            <trkpt lat="48.57462" lon="9.65914"/>
            <trkpt lat="48.57446" lon="9.65871"/>
            <trkpt lat="48.57437" lon="9.65842"/>
            <trkpt lat="48.57401" lon="9.657"/>
            <trkpt lat="48.57388" lon="9.65657"/>
            <trkpt lat="48.57299" lon="9.65398"/>
            <trkpt lat="48.57283" lon="9.65357"/>
            <trkpt lat="48.57258" lon="9.65299"/>
            <trkpt lat="48.5721" lon="9.65207"/>
            <trkpt lat="48.57187" lon="9.6516"/>
            <trkpt lat="48.57127" lon="9.65048"/>
            <trkpt lat="48.57081" lon="9.64962"/>
            <trkpt lat="48.57048" lon="9.64901"/>
            <trkpt lat="48.5701" lon="9.64844"/>
            <trkpt lat="48.57" lon="9.64831"/>
            <trkpt lat="48.56966" lon="9.64789"/>
            <trkpt lat="48.56933" lon="9.64758"/>
            <trkpt lat="48.56894" lon="9.64729"/>
            <trkpt lat="48.56855" lon="9.64707"/>
            <trkpt lat="48.5681" lon="9.64687"/>
            <trkpt lat="48.56768" lon="9.64669"/>
            <trkpt lat="48.56747" lon="9.64658"/>
            <trkpt lat="48.56723" lon="9.64638"/>
            <trkpt lat="48.56711" lon="9.64628"/>
            <trkpt lat="48.56698" lon="9.64612"/>
            <trkpt lat="48.56688" lon="9.646"/>
            <trkpt lat="48.56684" lon="9.64594"/>
            <trkpt lat="48.56668" lon="9.64568"/>
            <trkpt lat="48.56655" lon="9.64544"/>
            <trkpt lat="48.5665" lon="9.64533"/>
            <trkpt lat="48.56639" lon="9.64505"/>
            <trkpt lat="48.56625" lon="9.64458"/>
            <trkpt lat="48.56623" lon="9.64447"/>
            <trkpt lat="48.56616" lon="9.64406"/>
            <trkpt lat="48.56614" lon="9.64371"/>
            <trkpt lat="48.56613" lon="9.64316"/>
            <trkpt lat="48.56614" lon="9.64291"/>
            <trkpt lat="48.56617" lon="9.6422"/>
            <trkpt lat="48.56616" lon="9.64154"/>
            <trkpt lat="48.5661" lon="9.64088"/>
            <trkpt lat="48.566" lon="9.64026"/>
            <trkpt lat="48.56572" lon="9.63887"/>
            <trkpt lat="48.56565" lon="9.63834"/>
            <trkpt lat="48.56565" lon="9.63829"/>
            <trkpt lat="48.5656" lon="9.63763"/>
            <trkpt lat="48.56554" lon="9.63659"/>
            <trkpt lat="48.56548" lon="9.63602"/>
            <trkpt lat="48.5654" lon="9.63555"/>
            <trkpt lat="48.56527" lon="9.63506"/>
            <trkpt lat="48.56517" lon="9.63479"/>
            <trkpt lat="48.56492" lon="9.63425"/>
            <trkpt lat="48.56449" lon="9.63359"/>
            <trkpt lat="48.56406" lon="9.63299"/>
            <trkpt lat="48.56372" lon="9.6326"/>
            <trkpt lat="48.56339" lon="9.6323"/>
            <trkpt lat="48.56315" lon="9.63214"/>
            <trkpt lat="48.56282" lon="9.63197"/>
            <trkpt lat="48.56234" lon="9.63181"/>
            <trkpt lat="48.56154" lon="9.63159"/>
            <trkpt lat="48.56122" lon="9.63147"/>
            <trkpt lat="48.56101" lon="9.63138"/>
            <trkpt lat="48.5609" lon="9.63132"/>
            <trkpt lat="48.56051" lon="9.6311"/>
            <trkpt lat="48.56034" lon="9.63098"/>
            <trkpt lat="48.55985" lon="9.63064"/>
            <trkpt lat="48.55957" lon="9.63046"/>
            <trkpt lat="48.55951" lon="9.63043"/>
            <trkpt lat="48.55917" lon="9.63029"/>
            <trkpt lat="48.55894" lon="9.63022"/>
            <trkpt lat="48.55854" lon="9.63021"/>
            <trkpt lat="48.55804" lon="9.63026"/>
            <trkpt lat="48.55726" lon="9.63043"/>
            <trkpt lat="48.55697" lon="9.6305"/>
            <trkpt lat="48.55643" lon="9.63066"/>
            <trkpt lat="48.55614" lon="9.63078"/>
            <trkpt lat="48.55575" lon="9.63098"/>
            <trkpt lat="48.55485" lon="9.63157"/>
            <trkpt lat="48.55476" lon="9.63163"/>
            <trkpt lat="48.55445" lon="9.63181"/>
            <trkpt lat="48.55366" lon="9.63216"/>
            <trkpt lat="48.55321" lon="9.63239"/>
            <trkpt lat="48.55279" lon="9.63265"/>
            <trkpt lat="48.55247" lon="9.63287"/>
            <trkpt lat="48.55193" lon="9.63336"/>
            <trkpt lat="48.55178" lon="9.6335"/>
            <trkpt lat="48.55148" lon="9.63385"/>
            <trkpt lat="48.55134" lon="9.63405"/>
            <trkpt lat="48.55107" lon="9.63446"/>
            <trkpt lat="48.55083" lon="9.63487"/>
            <trkpt lat="48.55075" lon="9.63504"/>
            <trkpt lat="48.55045" lon="9.63558"/>
            <trkpt lat="48.55029" lon="9.63584"/>
            <trkpt lat="48.55014" lon="9.63619"/>
            <trkpt lat="48.54941" lon="9.63754"/>
            <trkpt lat="48.5491" lon="9.63814"/>
            <trkpt lat="48.54885" lon="9.63861"/>
            <trkpt lat="48.5484" lon="9.63943"/>
            <trkpt lat="48.54831" lon="9.63962"/>
            <trkpt lat="48.54722" lon="9.64161"/>
            <trkpt lat="48.54709" lon="9.64188"/>
            <trkpt lat="48.54633" lon="9.6433"/>
            <trkpt lat="48.54618" lon="9.64357"/>
            <trkpt lat="48.54613" lon="9.64367"/>
            <trkpt lat="48.54605" lon="9.6438"/>
            <trkpt lat="48.54584" lon="9.64419"/>
            <trkpt lat="48.54568" lon="9.64445"/>
            <trkpt lat="48.54549" lon="9.64477"/>
            <trkpt lat="48.54501" lon="9.64545"/>
            <trkpt lat="48.54497" lon="9.64552"/>
            <trkpt lat="48.54468" lon="9.64588"/>
            <trkpt lat="48.54459" lon="9.646"/>
            <trkpt lat="48.54451" lon="9.64609"/>
            <trkpt lat="48.54441" lon="9.64621"/>
            <trkpt lat="48.54398" lon="9.64666"/>
            <trkpt lat="48.5436" lon="9.64702"/>
            <trkpt lat="48.54307" lon="9.64746"/>
            <trkpt lat="48.54257" lon="9.64781"/>
            <trkpt lat="48.54223" lon="9.64801"/>
            <trkpt lat="48.54162" lon="9.64833"/>
            <trkpt lat="48.53849" lon="9.64988"/>
            <trkpt lat="48.53817" lon="9.65005"/>
            <trkpt lat="48.53774" lon="9.65034"/>
            <trkpt lat="48.5376" lon="9.65045"/>
            <trkpt lat="48.5373" lon="9.65067"/>
            <trkpt lat="48.53673" lon="9.6512"/>
            <trkpt lat="48.53622" lon="9.65178"/>
            <trkpt lat="48.53594" lon="9.65215"/>
            <trkpt lat="48.53571" lon="9.65248"/>
            <trkpt lat="48.53544" lon="9.6529"/>
            <trkpt lat="48.53518" lon="9.65337"/>
            <trkpt lat="48.53491" lon="9.6539"/>
            <trkpt lat="48.53475" lon="9.65425"/>
            <trkpt lat="48.53451" lon="9.65483"/>
            <trkpt lat="48.53431" lon="9.65541"/>
            <trkpt lat="48.53418" lon="9.65583"/>
            <trkpt lat="48.53405" lon="9.65632"/>
            <trkpt lat="48.53396" lon="9.65667"/>
            <trkpt lat="48.53386" lon="9.65718"/>
            <trkpt lat="48.53371" lon="9.65811"/>
            <trkpt lat="48.53361" lon="9.65902"/>
            <trkpt lat="48.53336" lon="9.66194"/>
            <trkpt lat="48.53333" lon="9.66231"/>
            <trkpt lat="48.53299" lon="9.66613"/>
            <trkpt lat="48.53293" lon="9.66668"/>
            <trkpt lat="48.53279" lon="9.66797"/>
            <trkpt lat="48.53276" lon="9.66821"/>
            <trkpt lat="48.53262" lon="9.66917"/>
            <trkpt lat="48.5324" lon="9.67054"/>
            <trkpt lat="48.53144" lon="9.67637"/>
            <trkpt lat="48.53127" lon="9.67753"/>
            <trkpt lat="48.53117" lon="9.67838"/>
            <trkpt lat="48.53113" lon="9.67883"/>
            <trkpt lat="48.53107" lon="9.67954"/>
            <trkpt lat="48.531" lon="9.68056"/>
            <trkpt lat="48.53096" lon="9.68192"/>
            <trkpt lat="48.53096" lon="9.68307"/>
            <trkpt lat="48.53099" lon="9.6843"/>
            <trkpt lat="48.53124" lon="9.68946"/>
            <trkpt lat="48.53125" lon="9.68994"/>
            <trkpt lat="48.53126" lon="9.69017"/>
            <trkpt lat="48.53126" lon="9.69159"/>
            <trkpt lat="48.53123" lon="9.69284"/>
            <trkpt lat="48.53117" lon="9.69396"/>
            <trkpt lat="48.53106" lon="9.69521"/>
            <trkpt lat="48.5309" lon="9.69652"/>
            <trkpt lat="48.53082" lon="9.69709"/>
            <trkpt lat="48.53054" lon="9.69888"/>
            <trkpt lat="48.53015" lon="9.70144"/>
            <trkpt lat="48.53001" lon="9.70234"/>
            <trkpt lat="48.52998" lon="9.70253"/>
            <trkpt lat="48.52995" lon="9.70272"/>
            <trkpt lat="48.52858" lon="9.71162"/>
            <trkpt lat="48.52854" lon="9.71191"/>
            <trkpt lat="48.52852" lon="9.71201"/>
            <trkpt lat="48.5285" lon="9.71215"/>
            <trkpt lat="48.52849" lon="9.71223"/>
            <trkpt lat="48.52826" lon="9.71364"/>
            <trkpt lat="48.52822" lon="9.71399"/>
            <trkpt lat="48.5281" lon="9.71473"/>
            <trkpt lat="48.52787" lon="9.71621"/>
            <trkpt lat="48.52774" lon="9.71708"/>
            <trkpt lat="48.52734" lon="9.71964"/>
            <trkpt lat="48.52716" lon="9.72064"/>
            <trkpt lat="48.52701" lon="9.72141"/>
            <trkpt lat="48.52693" lon="9.72181"/>
            <trkpt lat="48.5268" lon="9.72246"/>
            <trkpt lat="48.52675" lon="9.72272"/>
            <trkpt lat="48.52634" lon="9.7244"/>
            <trkpt lat="48.52616" lon="9.72507"/>
            <trkpt lat="48.52578" lon="9.72644"/>
            <trkpt lat="48.52486" lon="9.72956"/>
            <trkpt lat="48.52463" lon="9.73035"/>
            <trkpt lat="48.52454" lon="9.73066"/>
            <trkpt lat="48.52391" lon="9.73287"/>
            <trkpt lat="48.52362" lon="9.73389"/>
            <trkpt lat="48.52282" lon="9.73665"/>
            <trkpt lat="48.52124" lon="9.74209"/>
            <trkpt lat="48.52083" lon="9.74351"/>
            <trkpt lat="48.51984" lon="9.74697"/>
            <trkpt lat="48.51944" lon="9.74842"/>
            <trkpt lat="48.51926" lon="9.7492"/>
            <trkpt lat="48.51897" lon="9.75063"/>
            <trkpt lat="48.51881" lon="9.7516"/>
            <trkpt lat="48.51865" lon="9.75275"/>
            <trkpt lat="48.51852" lon="9.75381"/>
            <trkpt lat="48.51842" lon="9.75512"/>
            <trkpt lat="48.51838" lon="9.75586"/>
            <trkpt lat="48.51838" lon="9.75599"/>
            <trkpt lat="48.51837" lon="9.75627"/>
            <trkpt lat="48.51834" lon="9.75695"/>
            <trkpt lat="48.51832" lon="9.75807"/>
            <trkpt lat="48.51829" lon="9.75891"/>
            <trkpt lat="48.51828" lon="9.7592"/>
            <trkpt lat="48.51825" lon="9.76005"/>
            <trkpt lat="48.51824" lon="9.76047"/>
            <trkpt lat="48.51823" lon="9.76086"/>
            <trkpt lat="48.51822" lon="9.76133"/>
            <trkpt lat="48.51823" lon="9.76167"/>
            <trkpt lat="48.51822" lon="9.76214"/>
            <trkpt lat="48.51818" lon="9.76341"/>
            <trkpt lat="48.51817" lon="9.76379"/>
            <trkpt lat="48.51816" lon="9.76508"/>
            <trkpt lat="48.51811" lon="9.76732"/>
            <trkpt lat="48.51809" lon="9.76902"/>
            <trkpt lat="48.51799" lon="9.77358"/>
            <trkpt lat="48.51798" lon="9.77623"/>
            <trkpt lat="48.51799" lon="9.77724"/>
            <trkpt lat="48.518" lon="9.77783"/>
            <trkpt lat="48.51802" lon="9.77844"/>
            <trkpt lat="48.51809" lon="9.77969"/>
            <trkpt lat="48.51818" lon="9.78098"/>
            <trkpt lat="48.51829" lon="9.78251"/>
            <trkpt lat="48.51841" lon="9.78369"/>
            <trkpt lat="48.51866" lon="9.78564"/>
            <trkpt lat="48.51888" lon="9.78713"/>
            <trkpt lat="48.51901" lon="9.7881"/>
            <trkpt lat="48.51921" lon="9.78961"/>
            <trkpt lat="48.51984" lon="9.79393"/>
            <trkpt lat="48.51998" lon="9.79511"/>
            <trkpt lat="48.52007" lon="9.79624"/>
            <trkpt lat="48.52013" lon="9.79723"/>
            <trkpt lat="48.52016" lon="9.79794"/>
            <trkpt lat="48.52018" lon="9.79834"/>
            <trkpt lat="48.52021" lon="9.79979"/>
            <trkpt lat="48.52021" lon="9.7998"/>
            <trkpt lat="48.5202" lon="9.80099"/>
            <trkpt lat="48.52017" lon="9.80225"/>
            <trkpt lat="48.52002" lon="9.80456"/>
            <trkpt lat="48.5199" lon="9.80576"/>
            <trkpt lat="48.51975" lon="9.80695"/>
            <trkpt lat="48.51955" lon="9.80832"/>
            <trkpt lat="48.51933" lon="9.80952"/>
            <trkpt lat="48.51902" lon="9.81099"/>
            <trkpt lat="48.51888" lon="9.81157"/>
            <trkpt lat="48.51863" lon="9.81255"/>
            <trkpt lat="48.51814" lon="9.81437"/>
            <trkpt lat="48.51783" lon="9.81548"/>
            <trkpt lat="48.51752" lon="9.81652"/>
            <trkpt lat="48.51637" lon="9.82051"/>
            <trkpt lat="48.516" lon="9.82178"/>
            <trkpt lat="48.51563" lon="9.82305"/>
            <trkpt lat="48.5156" lon="9.82313"/>
            <trkpt lat="48.51502" lon="9.8251"/>
            <trkpt lat="48.51466" lon="9.82626"/>
            <trkpt lat="48.51427" lon="9.82746"/>
            <trkpt lat="48.51407" lon="9.82798"/>
            <trkpt lat="48.51388" lon="9.82846"/>
            <trkpt lat="48.51369" lon="9.82893"/>
            <trkpt lat="48.51326" lon="9.82985"/>
            <trkpt lat="48.51289" lon="9.83062"/>
            <trkpt lat="48.51278" lon="9.83085"/>
            <trkpt lat="48.51262" lon="9.83117"/>
            <trkpt lat="48.51204" lon="9.83234"/>
            <trkpt lat="48.51186" lon="9.83268"/>
            <trkpt lat="48.51166" lon="9.83301"/>
            <trkpt lat="48.51132" lon="9.83356"/>
            <trkpt lat="48.51108" lon="9.83392"/>
            <trkpt lat="48.50975" lon="9.8357"/>
            <trkpt lat="48.50928" lon="9.83626"/>
            <trkpt lat="48.50909" lon="9.83647"/>
            <trkpt lat="48.50837" lon="9.83719"/>
            <trkpt lat="48.50809" lon="9.83747"/>
            <trkpt lat="48.50781" lon="9.83774"/>
            <trkpt lat="48.50695" lon="9.83848"/>
            <trkpt lat="48.50623" lon="9.83904"/>
            <trkpt lat="48.50573" lon="9.83939"/>
            <trkpt lat="48.50449" lon="9.84015"/>
            <trkpt lat="48.50345" lon="9.84071"/>
            <trkpt lat="48.50259" lon="9.84114"/>
            <trkpt lat="48.50185" lon="9.8415"/>
            <trkpt lat="48.50085" lon="9.84199"/>
            <trkpt lat="48.49951" lon="9.84266"/>
            <trkpt lat="48.49835" lon="9.8433"/>
            <trkpt lat="48.4979" lon="9.84358"/>
            <trkpt lat="48.49765" lon="9.84375"/>
            <trkpt lat="48.49716" lon="9.84409"/>
            <trkpt lat="48.49657" lon="9.84451"/>
            <trkpt lat="48.4953" lon="9.84555"/>
            <trkpt lat="48.49463" lon="9.84615"/>
            <trkpt lat="48.49389" lon="9.84687"/>
            <trkpt lat="48.49376" lon="9.84699"/>
            <trkpt lat="48.49365" lon="9.84711"/>
            <trkpt lat="48.49355" lon="9.84722"/>
            <trkpt lat="48.49319" lon="9.84761"/>
            <trkpt lat="48.49239" lon="9.84852"/>
            <trkpt lat="48.49168" lon="9.8494"/>
            <trkpt lat="48.49138" lon="9.8498"/>
            <trkpt lat="48.49053" lon="9.85101"/>
            <trkpt lat="48.48992" lon="9.85196"/>
            <trkpt lat="48.48936" lon="9.85291"/>
            <trkpt lat="48.48913" lon="9.85331"/>
            <trkpt lat="48.48841" lon="9.8547"/>
            <trkpt lat="48.48819" lon="9.85513"/>
            <trkpt lat="48.48781" lon="9.85596"/>
            <trkpt lat="48.48655" lon="9.85867"/>
            <trkpt lat="48.48443" lon="9.86341"/>
            <trkpt lat="48.4834" lon="9.86572"/>
            <trkpt lat="48.48327" lon="9.866"/>
            <trkpt lat="48.48021" lon="9.87278"/>
            <trkpt lat="48.47866" lon="9.87622"/>
            <trkpt lat="48.47782" lon="9.87825"/>
            <trkpt lat="48.47723" lon="9.87978"/>
            <trkpt lat="48.47682" lon="9.88084"/>
            <trkpt lat="48.47599" lon="9.88319"/>
            <trkpt lat="48.47536" lon="9.88507"/>
            <trkpt lat="48.47475" lon="9.88697"/>
            <trkpt lat="48.47454" lon="9.8877"/>
            <trkpt lat="48.47316" lon="9.89238"/>
            <trkpt lat="48.473" lon="9.89295"/>
            <trkpt lat="48.47285" lon="9.89349"/>
            <trkpt lat="48.47275" lon="9.89386"/>
            <trkpt lat="48.47246" lon="9.8948"/>
            <trkpt lat="48.47175" lon="9.89722"/>
            <trkpt lat="48.47168" lon="9.89748"/>
            <trkpt lat="48.47152" lon="9.89801"/>
            <trkpt lat="48.47109" lon="9.89938"/>
            <trkpt lat="48.46925" lon="9.90564"/>
            <trkpt lat="48.46807" lon="9.90967"/>
            <trkpt lat="48.46804" lon="9.90977"/>
            <trkpt lat="48.46763" lon="9.9111"/>
            <trkpt lat="48.46707" lon="9.9128"/>
            <trkpt lat="48.46653" lon="9.91436"/>
            <trkpt lat="48.46618" lon="9.91529"/>
            <trkpt lat="48.46405" lon="9.92096"/>
            <trkpt lat="48.46364" lon="9.9221"/>
            <trkpt lat="48.4631" lon="9.92368"/>
            <trkpt lat="48.46273" lon="9.92484"/>
            <trkpt lat="48.4621" lon="9.927"/>
            <trkpt lat="48.46155" lon="9.9291"/>
            <trkpt lat="48.46137" lon="9.92975"/>
            <trkpt lat="48.46092" lon="9.93146"/>
            <trkpt lat="48.46087" lon="9.93164"/>
            <trkpt lat="48.45796" lon="9.94265"/>
            <trkpt lat="48.45733" lon="9.94509"/>
            <trkpt lat="48.45701" lon="9.9466"/>
            <trkpt lat="48.45683" lon="9.9476"/>
            <trkpt lat="48.45666" lon="9.94871"/>
            <trkpt lat="48.45652" lon="9.94989"/>
            <trkpt lat="48.45644" lon="9.95079"/>
            <trkpt lat="48.45642" lon="9.95114"/>
            <trkpt lat="48.45633" lon="9.95264"/>
            <trkpt lat="48.45632" lon="9.95313"/>
            <trkpt lat="48.45631" lon="9.95344"/>
            <trkpt lat="48.45631" lon="9.95355"/>
            <trkpt lat="48.4563" lon="9.95361"/>
            <trkpt lat="48.4563" lon="9.95376"/>
            <trkpt lat="48.45629" lon="9.95434"/>
            <trkpt lat="48.45629" lon="9.95503"/>
            <trkpt lat="48.45629" lon="9.95512"/>
            <trkpt lat="48.45631" lon="9.95664"/>
            <trkpt lat="48.45634" lon="9.96158"/>
            <trkpt lat="48.45633" lon="9.96164"/>
            <trkpt lat="48.45634" lon="9.96186"/>
            <trkpt lat="48.45634" lon="9.96253"/>
            <trkpt lat="48.45636" lon="9.96446"/>
            <trkpt lat="48.45636" lon="9.96621"/>
            <trkpt lat="48.45641" lon="9.96788"/>
            <trkpt lat="48.45643" lon="9.96841"/>
            <trkpt lat="48.45644" lon="9.96861"/>
            <trkpt lat="48.45644" lon="9.96882"/>
            <trkpt lat="48.45647" lon="9.96935"/>
            <trkpt lat="48.45651" lon="9.97007"/>
            <trkpt lat="48.45652" lon="9.97033"/>
            <trkpt lat="48.45658" lon="9.97149"/>
            <trkpt lat="48.45665" lon="9.97232"/>
            <trkpt lat="48.45666" lon="9.97243"/>
            <trkpt lat="48.4567" lon="9.97297"/>
            <trkpt lat="48.45674" lon="9.9735"/>
            <trkpt lat="48.45687" lon="9.97524"/>
            <trkpt lat="48.4569" lon="9.97559"/>
            <trkpt lat="48.4569" lon="9.97561"/>
            <trkpt lat="48.45691" lon="9.97573"/>
            <trkpt lat="48.45697" lon="9.97652"/>
            <trkpt lat="48.45714" lon="9.97864"/>
            <trkpt lat="48.45728" lon="9.98038"/>
            <trkpt lat="48.45736" lon="9.98141"/>
            <trkpt lat="48.45765" lon="9.98523"/>
            <trkpt lat="48.45774" lon="9.98671"/>
            <trkpt lat="48.45783" lon="9.989"/>
            <trkpt lat="48.45787" lon="9.99088"/>
            <trkpt lat="48.45787" lon="9.99162"/>
            <trkpt lat="48.45785" lon="9.9947"/>
            <trkpt lat="48.45782" lon="9.99756"/>
            <trkpt lat="48.45777" lon="10.00272"/>
            <trkpt lat="48.45774" lon="10.00683"/>
            <trkpt lat="48.45768" lon="10.01113"/>
            <trkpt lat="48.45764" lon="10.01292"/>
            <trkpt lat="48.45753" lon="10.01522"/>
            <trkpt lat="48.45735" lon="10.01793"/>
            <trkpt lat="48.45722" lon="10.01953"/>
            <trkpt lat="48.45718" lon="10.01994"/>
            <trkpt lat="48.45698" lon="10.02196"/>
            <trkpt lat="48.45696" lon="10.0221"/>
            <trkpt lat="48.45687" lon="10.02289"/>
            <trkpt lat="48.45661" lon="10.02496"/>
            <trkpt lat="48.45651" lon="10.02559"/>
            <trkpt lat="48.4565" lon="10.02569"/>
            <trkpt lat="48.45621" lon="10.0276"/>
            <trkpt lat="48.45618" lon="10.0278"/>
            <trkpt lat="48.45616" lon="10.02796"/>
            <trkpt lat="48.45596" lon="10.02921"/>
            <trkpt lat="48.45562" lon="10.03154"/>
            <trkpt lat="48.4554" lon="10.03295"/>
            <trkpt lat="48.45532" lon="10.0335"/>
            <trkpt lat="48.45525" lon="10.03404"/>
            <trkpt lat="48.45512" lon="10.0348"/>
            <trkpt lat="48.45498" lon="10.03582"/>
            <trkpt lat="48.45416" lon="10.04107"/>
            <trkpt lat="48.4541" lon="10.0415"/>
            <trkpt lat="48.45405" lon="10.0418"/>
            <trkpt lat="48.45387" lon="10.043"/>
            <trkpt lat="48.45355" lon="10.04512"/>
            <trkpt lat="48.45336" lon="10.04664"/>
            <trkpt lat="48.45324" lon="10.04804"/>
            <trkpt lat="48.45314" lon="10.04967"/>
            <trkpt lat="48.45313" lon="10.04994"/>
            <trkpt lat="48.45312" lon="10.0501"/>
            <trkpt lat="48.4531" lon="10.05097"/>
            <trkpt lat="48.45309" lon="10.05217"/>
            <trkpt lat="48.45309" lon="10.05274"/>
            <trkpt lat="48.45313" lon="10.05415"/>
            <trkpt lat="48.45323" lon="10.05595"/>
            <trkpt lat="48.45339" lon="10.05758"/>
            <trkpt lat="48.45348" lon="10.0583"/>
            <trkpt lat="48.45365" lon="10.05987"/>
            <trkpt lat="48.45368" lon="10.06016"/>
            <trkpt lat="48.45372" lon="10.06049"/>
            <trkpt lat="48.45406" lon="10.06348"/>
            <trkpt lat="48.45407" lon="10.06353"/>
            <trkpt lat="48.45422" lon="10.06475"/>
            <trkpt lat="48.4544" lon="10.0661"/>
            <trkpt lat="48.45462" lon="10.06749"/>
            <trkpt lat="48.45502" lon="10.06968"/>
            <trkpt lat="48.45522" lon="10.0706"/>
            <trkpt lat="48.45548" lon="10.07169"/>
            <trkpt lat="48.45578" lon="10.07286"/>
            <trkpt lat="48.45606" lon="10.07389"/>
            <trkpt lat="48.45627" lon="10.07463"/>
            <trkpt lat="48.45678" lon="10.07619"/>
            <trkpt lat="48.4569" lon="10.07652"/>
            <trkpt lat="48.45717" lon="10.07729"/>
            <trkpt lat="48.45747" lon="10.07809"/>
            <trkpt lat="48.45813" lon="10.07979"/>
            <trkpt lat="48.45834" lon="10.0803"/>
            <trkpt lat="48.45891" lon="10.08167"/>
            <trkpt lat="48.46021" lon="10.08479"/>
            <trkpt lat="48.46047" lon="10.08545"/>
            <trkpt lat="48.46076" lon="10.08615"/>
            <trkpt lat="48.46139" lon="10.08783"/>
            <trkpt lat="48.46176" lon="10.08889"/>
            <trkpt lat="48.46209" lon="10.08993"/>
            <trkpt lat="48.46254" lon="10.09139"/>
            <trkpt lat="48.46284" lon="10.09247"/>
            <trkpt lat="48.46324" lon="10.09403"/>
            <trkpt lat="48.46359" lon="10.09553"/>
            <trkpt lat="48.46398" lon="10.09748"/>
            <trkpt lat="48.46425" lon="10.09903"/>
            <trkpt lat="48.46449" lon="10.10064"/>
            <trkpt lat="48.46461" lon="10.10149"/>
            <trkpt lat="48.46477" lon="10.10289"/>
            <trkpt lat="48.46489" lon="10.10412"/>
            <trkpt lat="48.46491" lon="10.10448"/>
            <trkpt lat="48.46493" lon="10.10473"/>
            <trkpt lat="48.46501" lon="10.10597"/>
            <trkpt lat="48.46503" lon="10.1061"/>
            <trkpt lat="48.46503" lon="10.10621"/>
            <trkpt lat="48.46505" lon="10.1065"/>
            <trkpt lat="48.46507" lon="10.10687"/>
            <trkpt lat="48.46504" lon="10.10742"/>
            <trkpt lat="48.465" lon="10.10815"/>
            <trkpt lat="48.46498" lon="10.10874"/>
            <trkpt lat="48.46498" lon="10.10923"/>
            <trkpt lat="48.4649" lon="10.10976"/>
            <trkpt lat="48.46486" lon="10.11019"/>
            <trkpt lat="48.46483" lon="10.1104"/>
            <trkpt lat="48.46475" lon="10.11097"/>
            <trkpt lat="48.46474" lon="10.11101"/>
            <trkpt lat="48.46468" lon="10.11137"/>
            <trkpt lat="48.46463" lon="10.11161"/>
            <trkpt lat="48.46462" lon="10.11168"/>
            <trkpt lat="48.46457" lon="10.11189"/>
            <trkpt lat="48.4643" lon="10.11277"/>
            <trkpt lat="48.46418" lon="10.1131"/>
            <trkpt lat="48.4639" lon="10.1137"/>
            <trkpt lat="48.46352" lon="10.11435"/>
            <trkpt lat="48.46315" lon="10.11484"/>
            <trkpt lat="48.46305" lon="10.11496"/>
            <trkpt lat="48.46272" lon="10.1153"/>
            <trkpt lat="48.46242" lon="10.11555"/>
            <trkpt lat="48.46202" lon="10.11583"/>
            <trkpt lat="48.46161" lon="10.11606"/>
            <trkpt lat="48.46109" lon="10.11631"/>
            <trkpt lat="48.46041" lon="10.11658"/>
            <trkpt lat="48.45944" lon="10.11683"/>
            <trkpt lat="48.45893" lon="10.11693"/>
            <trkpt lat="48.45863" lon="10.11704"/>
            <trkpt lat="48.45698" lon="10.11712"/>
            <trkpt lat="48.45668" lon="10.11713"/>
            <trkpt lat="48.45654" lon="10.11713"/>
            <trkpt lat="48.45633" lon="10.11712"/>
            <trkpt lat="48.455" lon="10.11708"/>
            <trkpt lat="48.45412" lon="10.117"/>
            <trkpt lat="48.45283" lon="10.11683"/>
            <trkpt lat="48.45153" lon="10.1166"/>
            <trkpt lat="48.45147" lon="10.11658"/>
            <trkpt lat="48.45097" lon="10.11646"/>
            <trkpt lat="48.45016" lon="10.11626"/>
            <trkpt lat="48.44971" lon="10.11613"/>
            <trkpt lat="48.44925" lon="10.11599"/>
            <trkpt lat="48.44849" lon="10.11574"/>
            <trkpt lat="48.44734" lon="10.11532"/>
            <trkpt lat="48.44615" lon="10.11481"/>
            <trkpt lat="48.44582" lon="10.11466"/>
            <trkpt lat="48.44449" lon="10.11399"/>
            <trkpt lat="48.44376" lon="10.11358"/>
            <trkpt lat="48.44236" lon="10.11272"/>
            <trkpt lat="48.44177" lon="10.11233"/>
            <trkpt lat="48.44135" lon="10.11204"/>
            <trkpt lat="48.44091" lon="10.11172"/>
            <trkpt lat="48.44034" lon="10.1113"/>
            <trkpt lat="48.43975" lon="10.11084"/>
            <trkpt lat="48.43942" lon="10.11058"/>
            <trkpt lat="48.43926" lon="10.11044"/>
            <trkpt lat="48.43901" lon="10.11024"/>
            <trkpt lat="48.43801" lon="10.10937"/>
            <trkpt lat="48.43712" lon="10.10856"/>
            <trkpt lat="48.43665" lon="10.1081"/>
            <trkpt lat="48.43603" lon="10.10747"/>
            <trkpt lat="48.43597" lon="10.10742"/>
            <trkpt lat="48.43594" lon="10.10739"/>
            <trkpt lat="48.43564" lon="10.10708"/>
            <trkpt lat="48.43395" lon="10.10529"/>
            <trkpt lat="48.43274" lon="10.104"/>
            <trkpt lat="48.43161" lon="10.10286"/>
            <trkpt lat="48.43114" lon="10.10237"/>
            <trkpt lat="48.43004" lon="10.10131"/>
            <trkpt lat="48.42869" lon="10.10012"/>
            <trkpt lat="48.42803" lon="10.09958"/>
            <trkpt lat="48.42773" lon="10.09935"/>
            <trkpt lat="48.42728" lon="10.09899"/>
            <trkpt lat="48.42667" lon="10.09855"/>
            <trkpt lat="48.42582" lon="10.09797"/>
            <trkpt lat="48.42472" lon="10.09729"/>
            <trkpt lat="48.42375" lon="10.09673"/>
            <trkpt lat="48.42281" lon="10.09625"/>
            <trkpt lat="48.42246" lon="10.0961"/>
            <trkpt lat="48.42151" lon="10.09571"/>
            <trkpt lat="48.42123" lon="10.09559"/>
            <trkpt lat="48.42103" lon="10.09552"/>
            <trkpt lat="48.42086" lon="10.09546"/>
            <trkpt lat="48.4207" lon="10.0954"/>
            <trkpt lat="48.4202" lon="10.09523"/>
            <trkpt lat="48.42005" lon="10.09518"/>
            <trkpt lat="48.41986" lon="10.09512"/>
            <trkpt lat="48.41965" lon="10.09505"/>
            <trkpt lat="48.4194" lon="10.09497"/>
            <trkpt lat="48.41895" lon="10.09484"/>
            <trkpt lat="48.41789" lon="10.09455"/>
            <trkpt lat="48.41663" lon="10.0943"/>
            <trkpt lat="48.41624" lon="10.09424"/>
            <trkpt lat="48.41569" lon="10.09416"/>
            <trkpt lat="48.41449" lon="10.09402"/>
            <trkpt lat="48.41368" lon="10.09399"/>
            <trkpt lat="48.41349" lon="10.09398"/>
            <trkpt lat="48.41211" lon="10.09386"/>
            <trkpt lat="48.41164" lon="10.09384"/>
            <trkpt lat="48.40978" lon="10.09369"/>
            <trkpt lat="48.40939" lon="10.09366"/>
            <trkpt lat="48.40823" lon="10.09353"/>
            <trkpt lat="48.40693" lon="10.09333"/>
            <trkpt lat="48.40636" lon="10.09323"/>
            <trkpt lat="48.40576" lon="10.0931"/>
            <trkpt lat="48.40513" lon="10.09296"/>
            <trkpt lat="48.40391" lon="10.09264"/>
            <trkpt lat="48.40332" lon="10.09246"/>
            <trkpt lat="48.40217" lon="10.09205"/>
            <trkpt lat="48.40081" lon="10.0915"/>
            <trkpt lat="48.40002" lon="10.09114"/>
            <trkpt lat="48.39837" lon="10.09034"/>
            <trkpt lat="48.39683" lon="10.08955"/>
            <trkpt lat="48.39442" lon="10.08836"/>
            <trkpt lat="48.39398" lon="10.08815"/>
            <trkpt lat="48.39273" lon="10.08762"/>
            <trkpt lat="48.39207" lon="10.08735"/>
            <trkpt lat="48.39096" lon="10.08694"/>
            <trkpt lat="48.3905" lon="10.0868"/>
            <trkpt lat="48.38979" lon="10.08659"/>
            <trkpt lat="48.38906" lon="10.0864"/>
            <trkpt lat="48.38839" lon="10.08624"/>
            <trkpt lat="48.38785" lon="10.08611"/>
            <trkpt lat="48.38694" lon="10.08595"/>
            <trkpt lat="48.38602" lon="10.08582"/>
            <trkpt lat="48.38523" lon="10.08573"/>
            <trkpt lat="48.38383" lon="10.08563"/>
            <trkpt lat="48.38379" lon="10.08563"/>
            <trkpt lat="48.38258" lon="10.08558"/>
            <trkpt lat="48.38016" lon="10.08545"/>
            <trkpt lat="48.38004" lon="10.08544"/>
            <trkpt lat="48.37962" lon="10.08543"/>
            <trkpt lat="48.37848" lon="10.08534"/>
            <trkpt lat="48.37737" lon="10.08522"/>
            <trkpt lat="48.37591" lon="10.08498"/>
            <trkpt lat="48.37499" lon="10.08478"/>
            <trkpt lat="48.37429" lon="10.08462"/>
            <trkpt lat="48.37393" lon="10.08451"/>
            <trkpt lat="48.37381" lon="10.08448"/>
            <trkpt lat="48.37338" lon="10.08436"/>
            <trkpt lat="48.37224" lon="10.084"/>
            <trkpt lat="48.37116" lon="10.08364"/>
            <trkpt lat="48.36959" lon="10.08309"/>
            <trkpt lat="48.36805" lon="10.08258"/>
            <trkpt lat="48.36748" lon="10.08241"/>
            <trkpt lat="48.36655" lon="10.08216"/>
            <trkpt lat="48.36516" lon="10.08184"/>
            <trkpt lat="48.36474" lon="10.08175"/>
            <trkpt lat="48.3639" lon="10.08162"/>
            <trkpt lat="48.3635" lon="10.08157"/>
            <trkpt lat="48.36318" lon="10.08153"/>
            <trkpt lat="48.36303" lon="10.08151"/>
            <trkpt lat="48.36282" lon="10.08148"/>
            <trkpt lat="48.36182" lon="10.0814"/>
            <trkpt lat="48.36177" lon="10.0814"/>
            <trkpt lat="48.36025" lon="10.08136"/>
            <trkpt lat="48.36004" lon="10.08136"/>
            <trkpt lat="48.35872" lon="10.08142"/>
            <trkpt lat="48.35777" lon="10.08151"/>
            <trkpt lat="48.35731" lon="10.08158"/>
            <trkpt lat="48.357" lon="10.08161"/>
            <trkpt lat="48.35687" lon="10.08163"/>
            <trkpt lat="48.35619" lon="10.08173"/>
            <trkpt lat="48.35545" lon="10.08187"/>
            <trkpt lat="48.3551" lon="10.08193"/>
            <trkpt lat="48.35366" lon="10.08227"/>
            <trkpt lat="48.35211" lon="10.08271"/>
            <trkpt lat="48.3503" lon="10.08329"/>
            <trkpt lat="48.34823" lon="10.084"/>
            <trkpt lat="48.34712" lon="10.0844"/>
            <trkpt lat="48.34453" lon="10.08534"/>
            <trkpt lat="48.34422" lon="10.08545"/>
            <trkpt lat="48.34233" lon="10.08611"/>
            <trkpt lat="48.34129" lon="10.08645"/>
            <trkpt lat="48.34018" lon="10.08677"/>
            <trkpt lat="48.33984" lon="10.08686"/>
            <trkpt lat="48.33871" lon="10.08717"/>
            <trkpt lat="48.33772" lon="10.08741"/>
            <trkpt lat="48.33652" lon="10.08765"/>
            <trkpt lat="48.33601" lon="10.08775"/>
            <trkpt lat="48.3355" lon="10.08784"/>
            <trkpt lat="48.33408" lon="10.08804"/>
            <trkpt lat="48.33362" lon="10.0881"/>
            <trkpt lat="48.33341" lon="10.08812"/>
            <trkpt lat="48.33271" lon="10.0882"/>
            <trkpt lat="48.3305" lon="10.08837"/>
            <trkpt lat="48.33024" lon="10.0884"/>
            <trkpt lat="48.32854" lon="10.08853"/>
            <trkpt lat="48.32822" lon="10.08855"/>
            <trkpt lat="48.32641" lon="10.08871"/>
            <trkpt lat="48.32554" lon="10.0888"/>
            <trkpt lat="48.3252" lon="10.08884"/>
            <trkpt lat="48.32512" lon="10.08886"/>
            <trkpt lat="48.32497" lon="10.08888"/>
            <trkpt lat="48.3247" lon="10.08893"/>
            <trkpt lat="48.32377" lon="10.08908"/>
            <trkpt lat="48.32353" lon="10.08914"/>
            <trkpt lat="48.32285" lon="10.08926"/>
            <trkpt lat="48.32239" lon="10.08937"/>
            <trkpt lat="48.32094" lon="10.08978"/>
            <trkpt lat="48.31971" lon="10.0902"/>
            <trkpt lat="48.31928" lon="10.09038"/>
            <trkpt lat="48.31877" lon="10.0906"/>
            <trkpt lat="48.31803" lon="10.09093"/>
            <trkpt lat="48.31787" lon="10.091"/>
            <trkpt lat="48.31784" lon="10.09101"/>
            <trkpt lat="48.31678" lon="10.09156"/>
            <trkpt lat="48.31631" lon="10.09184"/>
            <trkpt lat="48.31592" lon="10.09207"/>
            <trkpt lat="48.31472" lon="10.09285"/>
            <trkpt lat="48.31389" lon="10.09345"/>
            <trkpt lat="48.31329" lon="10.09391"/>
            <trkpt lat="48.31268" lon="10.09441"/>
            <trkpt lat="48.31212" lon="10.09489"/>
            <trkpt lat="48.31114" lon="10.09577"/>
            <trkpt lat="48.31039" lon="10.0965"/>
            <trkpt lat="48.30974" lon="10.09719"/>
            <trkpt lat="48.30862" lon="10.09842"/>
            <trkpt lat="48.30851" lon="10.09854"/>
            <trkpt lat="48.30744" lon="10.09976"/>
            <trkpt lat="48.30656" lon="10.10079"/>
            <trkpt lat="48.304" lon="10.10384"/>
            <trkpt lat="48.30325" lon="10.10471"/>
            <trkpt lat="48.30274" lon="10.10531"/>
            <trkpt lat="48.30223" lon="10.10587"/>
            <trkpt lat="48.30158" lon="10.10659"/>
            <trkpt lat="48.3009" lon="10.10734"/>
            <trkpt lat="48.30081" lon="10.10742"/>
            <trkpt lat="48.2998" lon="10.10844"/>
            <trkpt lat="48.29941" lon="10.10881"/>
            <trkpt lat="48.29865" lon="10.10952"/>
            <trkpt lat="48.2979" lon="10.11016"/>
            <trkpt lat="48.29708" lon="10.11081"/>
            <trkpt lat="48.29623" lon="10.11142"/>
            <trkpt lat="48.29597" lon="10.11159"/>
            <trkpt lat="48.2959" lon="10.11164"/>
            <trkpt lat="48.29509" lon="10.11215"/>
            <trkpt lat="48.29444" lon="10.11252"/>
            <trkpt lat="48.29353" lon="10.11301"/>
            <trkpt lat="48.29309" lon="10.11322"/>
            <trkpt lat="48.29282" lon="10.11334"/>
            <trkpt lat="48.29188" lon="10.11372"/>
            <trkpt lat="48.29102" lon="10.11401"/>
            <trkpt lat="48.2902" lon="10.11425"/>
            <trkpt lat="48.28934" lon="10.11445"/>
            <trkpt lat="48.28863" lon="10.11458"/>
            <trkpt lat="48.28765" lon="10.1147"/>
            <trkpt lat="48.28719" lon="10.11475"/>
            <trkpt lat="48.28641" lon="10.11479"/>
            <trkpt lat="48.28553" lon="10.11477"/>
            <trkpt lat="48.28552" lon="10.11477"/>
            <trkpt lat="48.28456" lon="10.11473"/>
            <trkpt lat="48.28397" lon="10.11466"/>
            <trkpt lat="48.28226" lon="10.11435"/>
            <trkpt lat="48.28036" lon="10.11397"/>
            <trkpt lat="48.27923" lon="10.11375"/>
            <trkpt lat="48.27826" lon="10.1136"/>
            <trkpt lat="48.27761" lon="10.11353"/>
            <trkpt lat="48.27684" lon="10.11347"/>
            <trkpt lat="48.2761" lon="10.11344"/>
            <trkpt lat="48.27493" lon="10.11346"/>
            <trkpt lat="48.27426" lon="10.1135"/>
            <trkpt lat="48.27393" lon="10.11353"/>
            <trkpt lat="48.27352" lon="10.11356"/>
            <trkpt lat="48.27313" lon="10.11362"/>
            <trkpt lat="48.27176" lon="10.11388"/>
            <trkpt lat="48.27133" lon="10.11396"/>
            <trkpt lat="48.2702" lon="10.11422"/>
            <trkpt lat="48.26995" lon="10.11426"/>
            <trkpt lat="48.26948" lon="10.11436"/>
            <trkpt lat="48.26914" lon="10.11443"/>
            <trkpt lat="48.26865" lon="10.11452"/>
            <trkpt lat="48.26756" lon="10.11471"/>
            <trkpt lat="48.26641" lon="10.11481"/>
            <trkpt lat="48.26614" lon="10.11483"/>
            <trkpt lat="48.26553" lon="10.11486"/>
            <trkpt lat="48.26483" lon="10.11486"/>
            <trkpt lat="48.26377" lon="10.11481"/>
            <trkpt lat="48.26315" lon="10.11475"/>
            <trkpt lat="48.26299" lon="10.11473"/>
            <trkpt lat="48.26227" lon="10.11463"/>
            <trkpt lat="48.26146" lon="10.11449"/>
            <trkpt lat="48.26034" lon="10.11428"/>
            <trkpt lat="48.25919" lon="10.11404"/>
            <trkpt lat="48.25826" lon="10.11387"/>
            <trkpt lat="48.25742" lon="10.11373"/>
            <trkpt lat="48.25665" lon="10.11364"/>
            <trkpt lat="48.25626" lon="10.1136"/>
            <trkpt lat="48.25606" lon="10.11357"/>
            <trkpt lat="48.255" lon="10.11354"/>
            <trkpt lat="48.25439" lon="10.11356"/>
            <trkpt lat="48.25376" lon="10.11361"/>
            <trkpt lat="48.25358" lon="10.11365"/>
            <trkpt lat="48.25351" lon="10.11365"/>
            <trkpt lat="48.25301" lon="10.11372"/>
            <trkpt lat="48.25195" lon="10.11391"/>
            <trkpt lat="48.25186" lon="10.11393"/>
            <trkpt lat="48.25127" lon="10.11408"/>
            <trkpt lat="48.25105" lon="10.11414"/>
            <trkpt lat="48.25003" lon="10.11446"/>
            <trkpt lat="48.24936" lon="10.11471"/>
            <trkpt lat="48.24808" lon="10.11527"/>
            <trkpt lat="48.24721" lon="10.11571"/>
            <trkpt lat="48.24632" lon="10.1162"/>
            <trkpt lat="48.24497" lon="10.117"/>
            <trkpt lat="48.24344" lon="10.11797"/>
            <trkpt lat="48.24295" lon="10.1183"/>
            <trkpt lat="48.24276" lon="10.11842"/>
            <trkpt lat="48.24151" lon="10.11924"/>
            <trkpt lat="48.23948" lon="10.12052"/>
            <trkpt lat="48.23883" lon="10.12091"/>
            <trkpt lat="48.23749" lon="10.12166"/>
            <trkpt lat="48.23666" lon="10.12209"/>
            <trkpt lat="48.23621" lon="10.12231"/>
            <trkpt lat="48.23503" lon="10.12286"/>
            <trkpt lat="48.23398" lon="10.12329"/>
            <trkpt lat="48.23291" lon="10.12369"/>
            <trkpt lat="48.2321" lon="10.12397"/>
            <trkpt lat="48.23057" lon="10.12443"/>
            <trkpt lat="48.22998" lon="10.12458"/>
            <trkpt lat="48.22988" lon="10.12461"/>
            <trkpt lat="48.22856" lon="10.1249"/>
            <trkpt lat="48.22751" lon="10.1251"/>
            <trkpt lat="48.22654" lon="10.12524"/>
            <trkpt lat="48.22504" lon="10.12541"/>
            <trkpt lat="48.22433" lon="10.12546"/>
            <trkpt lat="48.22397" lon="10.12548"/>
            <trkpt lat="48.2232" lon="10.12551"/>
            <trkpt lat="48.22244" lon="10.12552"/>
            <trkpt lat="48.22131" lon="10.1255"/>
            <trkpt lat="48.22096" lon="10.12548"/>
            <trkpt lat="48.21991" lon="10.1254"/>
            <trkpt lat="48.21984" lon="10.1254"/>
            <trkpt lat="48.21945" lon="10.12536"/>
            <trkpt lat="48.21815" lon="10.1252"/>
            <trkpt lat="48.21704" lon="10.12503"/>
            <trkpt lat="48.2161" lon="10.12485"/>
            <trkpt lat="48.21553" lon="10.12474"/>
            <trkpt lat="48.21464" lon="10.12455"/>
            <trkpt lat="48.21343" lon="10.12428"/>
            <trkpt lat="48.21272" lon="10.12411"/>
            <trkpt lat="48.20992" lon="10.12344"/>
            <trkpt lat="48.2083" lon="10.12309"/>
            <trkpt lat="48.20801" lon="10.12303"/>
            <trkpt lat="48.20707" lon="10.12284"/>
            <trkpt lat="48.20599" lon="10.12267"/>
            <trkpt lat="48.20517" lon="10.12254"/>
            <trkpt lat="48.20464" lon="10.12248"/>
            <trkpt lat="48.2045" lon="10.12244"/>
            <trkpt lat="48.20444" lon="10.12244"/>
            <trkpt lat="48.20422" lon="10.12242"/>
            <trkpt lat="48.20321" lon="10.12233"/>
            <trkpt lat="48.20203" lon="10.1223"/>
            <trkpt lat="48.20082" lon="10.12231"/>
            <trkpt lat="48.1999" lon="10.12237"/>
            <trkpt lat="48.19977" lon="10.1224"/>
            <trkpt lat="48.19898" lon="10.12247"/>
            <trkpt lat="48.19784" lon="10.12263"/>
            <trkpt lat="48.19671" lon="10.12284"/>
            <trkpt lat="48.19535" lon="10.12318"/>
            <trkpt lat="48.19428" lon="10.12347"/>
            <trkpt lat="48.19285" lon="10.12391"/>
            <trkpt lat="48.19013" lon="10.12479"/>
            <trkpt lat="48.18912" lon="10.12512"/>
            <trkpt lat="48.18819" lon="10.1254"/>
            <trkpt lat="48.18665" lon="10.12582"/>
            <trkpt lat="48.18604" lon="10.12598"/>
            <trkpt lat="48.1852" lon="10.12619"/>
            <trkpt lat="48.183" lon="10.12668"/>
            <trkpt lat="48.18263" lon="10.12675"/>
            <trkpt lat="48.18213" lon="10.12687"/>
            <trkpt lat="48.18056" lon="10.12725"/>
            <trkpt lat="48.17944" lon="10.12759"/>
            <trkpt lat="48.17891" lon="10.12777"/>
            <trkpt lat="48.17776" lon="10.1282"/>
            <trkpt lat="48.17724" lon="10.12842"/>
            <trkpt lat="48.17611" lon="10.12892"/>
            <trkpt lat="48.17516" lon="10.12939"/>
            <trkpt lat="48.17287" lon="10.13053"/>
            <trkpt lat="48.17197" lon="10.13094"/>
            <trkpt lat="48.17116" lon="10.13125"/>
            <trkpt lat="48.17034" lon="10.1315"/>
            <trkpt lat="48.16943" lon="10.13172"/>
            <trkpt lat="48.16844" lon="10.13186"/>
            <trkpt lat="48.1677" lon="10.13192"/>
            <trkpt lat="48.16746" lon="10.13193"/>
            <trkpt lat="48.16673" lon="10.13193"/>
            <trkpt lat="48.16591" lon="10.13188"/>
            <trkpt lat="48.16513" lon="10.13178"/>
            <trkpt lat="48.16406" lon="10.13155"/>
            <trkpt lat="48.16406" lon="10.13155"/>
            <trkpt lat="48.16366" lon="10.13145"/>
            <trkpt lat="48.16315" lon="10.13129"/>
            <trkpt lat="48.16188" lon="10.13085"/>
            <trkpt lat="48.16131" lon="10.13061"/>
            <trkpt lat="48.16075" lon="10.13036"/>
            <trkpt lat="48.16006" lon="10.13004"/>
            <trkpt lat="48.15937" lon="10.12969"/>
            <trkpt lat="48.15918" lon="10.12958"/>
            <trkpt lat="48.15887" lon="10.12939"/>
            <trkpt lat="48.15767" lon="10.12868"/>
            <trkpt lat="48.15669" lon="10.128"/>
            <trkpt lat="48.15553" lon="10.12713"/>
            <trkpt lat="48.15481" lon="10.12655"/>
            <trkpt lat="48.1537" lon="10.12553"/>
            <trkpt lat="48.15288" lon="10.12474"/>
            <trkpt lat="48.1517" lon="10.12352"/>
            <trkpt lat="48.15081" lon="10.12255"/>
            <trkpt lat="48.14995" lon="10.12158"/>
            <trkpt lat="48.14896" lon="10.12047"/>
            <trkpt lat="48.14853" lon="10.12001"/>
            <trkpt lat="48.14829" lon="10.11971"/>
            <trkpt lat="48.14821" lon="10.11962"/>
            <trkpt lat="48.14738" lon="10.11872"/>
            <trkpt lat="48.14635" lon="10.11762"/>
            <trkpt lat="48.14538" lon="10.11666"/>
            <trkpt lat="48.14458" lon="10.1159"/>
            <trkpt lat="48.14371" lon="10.11514"/>
            <trkpt lat="48.14288" lon="10.11447"/>
            <trkpt lat="48.14209" lon="10.11389"/>
            <trkpt lat="48.14176" lon="10.11365"/>
            <trkpt lat="48.14078" lon="10.11301"/>
            <trkpt lat="48.13996" lon="10.11253"/>
            <trkpt lat="48.13902" lon="10.11203"/>
            <trkpt lat="48.13773" lon="10.11143"/>
            <trkpt lat="48.13664" lon="10.11101"/>
            <trkpt lat="48.13592" lon="10.11078"/>
            <trkpt lat="48.1357" lon="10.11071"/>
            <trkpt lat="48.13512" lon="10.11055"/>
            <trkpt lat="48.13434" lon="10.11036"/>
            <trkpt lat="48.13349" lon="10.1102"/>
            <trkpt lat="48.1333" lon="10.11017"/>
            <trkpt lat="48.13275" lon="10.11009"/>
            <trkpt lat="48.13218" lon="10.11002"/>
            <trkpt lat="48.13179" lon="10.10999"/>
            <trkpt lat="48.1312" lon="10.10996"/>
            <trkpt lat="48.13057" lon="10.10994"/>
            <trkpt lat="48.13039" lon="10.10995"/>
            <trkpt lat="48.12943" lon="10.10996"/>
            <trkpt lat="48.12915" lon="10.10998"/>
            <trkpt lat="48.12782" lon="10.11012"/>
            <trkpt lat="48.127" lon="10.11026"/>
            <trkpt lat="48.12586" lon="10.11051"/>
            <trkpt lat="48.12497" lon="10.11075"/>
            <trkpt lat="48.12402" lon="10.11106"/>
            <trkpt lat="48.12326" lon="10.11135"/>
            <trkpt lat="48.12247" lon="10.11168"/>
            <trkpt lat="48.1219" lon="10.11195"/>
            <trkpt lat="48.12165" lon="10.11206"/>
            <trkpt lat="48.12057" lon="10.11265"/>
            <trkpt lat="48.12012" lon="10.11292"/>
            <trkpt lat="48.11941" lon="10.11335"/>
            <trkpt lat="48.11849" lon="10.11398"/>
            <trkpt lat="48.11759" lon="10.11466"/>
            <trkpt lat="48.11703" lon="10.1151"/>
            <trkpt lat="48.11677" lon="10.11533"/>
            <trkpt lat="48.11574" lon="10.11624"/>
            <trkpt lat="48.11469" lon="10.11728"/>
            <trkpt lat="48.11378" lon="10.11825"/>
            <trkpt lat="48.11294" lon="10.11924"/>
            <trkpt lat="48.11173" lon="10.12076"/>
            <trkpt lat="48.11116" lon="10.12149"/>
            <trkpt lat="48.11073" lon="10.12205"/>
            <trkpt lat="48.1094" lon="10.12379"/>
            <trkpt lat="48.1081" lon="10.12538"/>
            <trkpt lat="48.10766" lon="10.1259"/>
            <trkpt lat="48.10738" lon="10.12622"/>
            <trkpt lat="48.10733" lon="10.12628"/>
            <trkpt lat="48.10678" lon="10.12686"/>
            <trkpt lat="48.10647" lon="10.12718"/>
            <trkpt lat="48.10573" lon="10.12792"/>
            <trkpt lat="48.1053" lon="10.12831"/>
            <trkpt lat="48.10413" lon="10.1293"/>
            <trkpt lat="48.10402" lon="10.12939"/>
            <trkpt lat="48.10317" lon="10.13005"/>
            <trkpt lat="48.10266" lon="10.13041"/>
            <trkpt lat="48.1022" lon="10.13073"/>
            <trkpt lat="48.10137" lon="10.13125"/>
            <trkpt lat="48.10041" lon="10.13179"/>
            <trkpt lat="48.09967" lon="10.13217"/>
            <trkpt lat="48.09865" lon="10.13263"/>
            <trkpt lat="48.09814" lon="10.13285"/>
            <trkpt lat="48.09806" lon="10.13289"/>
            <trkpt lat="48.09711" lon="10.13325"/>
            <trkpt lat="48.09582" lon="10.13369"/>
            <trkpt lat="48.0939" lon="10.13428"/>
            <trkpt lat="48.09168" lon="10.13491"/>
            <trkpt lat="48.08936" lon="10.13553"/>
            <trkpt lat="48.0871" lon="10.13608"/>
            <trkpt lat="48.0868" lon="10.13615"/>
            <trkpt lat="48.08556" lon="10.13644"/>
            <trkpt lat="48.08528" lon="10.1365"/>
            <trkpt lat="48.08496" lon="10.13657"/>
            <trkpt lat="48.08475" lon="10.13662"/>
            <trkpt lat="48.08383" lon="10.13682"/>
            <trkpt lat="48.08246" lon="10.13709"/>
            <trkpt lat="48.08201" lon="10.13717"/>
            <trkpt lat="48.08038" lon="10.13745"/>
            <trkpt lat="48.07873" lon="10.13768"/>
            <trkpt lat="48.07617" lon="10.13815"/>
            <trkpt lat="48.07604" lon="10.13818"/>
            <trkpt lat="48.07541" lon="10.13826"/>
            <trkpt lat="48.07403" lon="10.13844"/>
            <trkpt lat="48.0737" lon="10.13847"/>
            <trkpt lat="48.07334" lon="10.13851"/>
            <trkpt lat="48.0722" lon="10.13864"/>
            <trkpt lat="48.07195" lon="10.13867"/>
            <trkpt lat="48.07177" lon="10.13869"/>
            <trkpt lat="48.07141" lon="10.13873"/>
            <trkpt lat="48.07118" lon="10.13876"/>
            <trkpt lat="48.07105" lon="10.13877"/>
            <trkpt lat="48.07076" lon="10.1388"/>
            <trkpt lat="48.07052" lon="10.13882"/>
            <trkpt lat="48.06959" lon="10.13891"/>
            <trkpt lat="48.06775" lon="10.13907"/>
            <trkpt lat="48.06654" lon="10.13914"/>
            <trkpt lat="48.065" lon="10.1392"/>
            <trkpt lat="48.06352" lon="10.1392"/>
            <trkpt lat="48.06233" lon="10.13916"/>
            <trkpt lat="48.06061" lon="10.13902"/>
            <trkpt lat="48.05961" lon="10.13891"/>
            <trkpt lat="48.05796" lon="10.13865"/>
            <trkpt lat="48.05761" lon="10.13859"/>
            <trkpt lat="48.05667" lon="10.13841"/>
            <trkpt lat="48.05511" lon="10.13805"/>
            <trkpt lat="48.0542" lon="10.13779"/>
            <trkpt lat="48.05356" lon="10.13761"/>
            <trkpt lat="48.05231" lon="10.13721"/>
            <trkpt lat="48.0514" lon="10.13689"/>
            <trkpt lat="48.04956" lon="10.1362"/>
            <trkpt lat="48.04542" lon="10.13453"/>
            <trkpt lat="48.04362" lon="10.13384"/>
            <trkpt lat="48.04215" lon="10.13332"/>
            <trkpt lat="48.04075" lon="10.13287"/>
            <trkpt lat="48.04017" lon="10.13269"/>
            <trkpt lat="48.03957" lon="10.13253"/>
            <trkpt lat="48.0381" lon="10.13218"/>
            <trkpt lat="48.03752" lon="10.13206"/>
            <trkpt lat="48.03697" lon="10.13194"/>
            <trkpt lat="48.036" lon="10.13177"/>
            <trkpt lat="48.03536" lon="10.13168"/>
            <trkpt lat="48.03491" lon="10.13161"/>
            <trkpt lat="48.03478" lon="10.13159"/>
            <trkpt lat="48.03472" lon="10.13158"/>
            <trkpt lat="48.03459" lon="10.13157"/>
            <trkpt lat="48.0338" lon="10.13147"/>
            <trkpt lat="48.03242" lon="10.13135"/>
            <trkpt lat="48.03223" lon="10.13134"/>
            <trkpt lat="48.03137" lon="10.1313"/>
            <trkpt lat="48.02988" lon="10.13128"/>
            <trkpt lat="48.02847" lon="10.13132"/>
            <trkpt lat="48.02799" lon="10.13135"/>
            <trkpt lat="48.02692" lon="10.13145"/>
            <trkpt lat="48.02608" lon="10.13155"/>
            <trkpt lat="48.02498" lon="10.13173"/>
            <trkpt lat="48.02423" lon="10.13191"/>
            <trkpt lat="48.02359" lon="10.13207"/>
            <trkpt lat="48.02276" lon="10.13233"/>
            <trkpt lat="48.02199" lon="10.1326"/>
            <trkpt lat="48.02167" lon="10.13272"/>
            <trkpt lat="48.02071" lon="10.13313"/>
            <trkpt lat="48.0199" lon="10.13353"/>
            <trkpt lat="48.01907" lon="10.13397"/>
            <trkpt lat="48.01883" lon="10.1341"/>
            <trkpt lat="48.0184" lon="10.13436"/>
            <trkpt lat="48.01773" lon="10.13478"/>
            <trkpt lat="48.01758" lon="10.13487"/>
            <trkpt lat="48.01732" lon="10.13506"/>
            <trkpt lat="48.01685" lon="10.13538"/>
            <trkpt lat="48.01615" lon="10.1359"/>
            <trkpt lat="48.01597" lon="10.13604"/>
            <trkpt lat="48.015" lon="10.13685"/>
            <trkpt lat="48.0146" lon="10.1372"/>
            <trkpt lat="48.01408" lon="10.13767"/>
            <trkpt lat="48.01326" lon="10.13848"/>
            <trkpt lat="48.01301" lon="10.13874"/>
            <trkpt lat="48.01206" lon="10.13976"/>
            <trkpt lat="48.01126" lon="10.14065"/>
            <trkpt lat="48.01025" lon="10.14178"/>
            <trkpt lat="48.0101" lon="10.14195"/>
            <trkpt lat="48.00899" lon="10.14319"/>
            <trkpt lat="48.00785" lon="10.14439"/>
            <trkpt lat="48.00713" lon="10.14511"/>
            <trkpt lat="48.00652" lon="10.14569"/>
            <trkpt lat="48.00562" lon="10.14648"/>
            <trkpt lat="48.00486" lon="10.14708"/>
            <trkpt lat="48.00463" lon="10.14725"/>
            <trkpt lat="48.00408" lon="10.14764"/>
            <trkpt lat="48.0036" lon="10.14795"/>
            <trkpt lat="48.00345" lon="10.14804"/>
            <trkpt lat="48.00322" lon="10.14817"/>
            <trkpt lat="48.00137" lon="10.14917"/>
            <trkpt lat="48.00088" lon="10.1494"/>
            <trkpt lat="48.00044" lon="10.14958"/>
            <trkpt lat="47.99979" lon="10.14982"/>
            <trkpt lat="47.99892" lon="10.15007"/>
            <trkpt lat="47.99855" lon="10.15015"/>
            <trkpt lat="47.99791" lon="10.15034"/>
            <trkpt lat="47.99704" lon="10.1505"/>
            <trkpt lat="47.99607" lon="10.15061"/>
            <trkpt lat="47.99594" lon="10.15062"/>
            <trkpt lat="47.99566" lon="10.15065"/>
            <trkpt lat="47.99504" lon="10.15068"/>
            <trkpt lat="47.99436" lon="10.15068"/>
            <trkpt lat="47.99301" lon="10.15061"/>
            <trkpt lat="47.99263" lon="10.15058"/>
            <trkpt lat="47.99248" lon="10.15057"/>
            <trkpt lat="47.9924" lon="10.15057"/>
            <trkpt lat="47.99214" lon="10.15054"/>
            <trkpt lat="47.99145" lon="10.15047"/>
            <trkpt lat="47.99105" lon="10.15045"/>
            <trkpt lat="47.99068" lon="10.15042"/>
            <trkpt lat="47.98953" lon="10.15037"/>
            <trkpt lat="47.98886" lon="10.15037"/>
            <trkpt lat="47.98828" lon="10.15041"/>
            <trkpt lat="47.98791" lon="10.15043"/>
            <trkpt lat="47.98702" lon="10.15056"/>
            <trkpt lat="47.98657" lon="10.15065"/>
            <trkpt lat="47.98607" lon="10.15076"/>
            <trkpt lat="47.98533" lon="10.15098"/>
            <trkpt lat="47.98524" lon="10.15101"/>
            <trkpt lat="47.98463" lon="10.15122"/>
            <trkpt lat="47.98427" lon="10.15137"/>
            <trkpt lat="47.98392" lon="10.15151"/>
            <trkpt lat="47.98333" lon="10.15179"/>
            <trkpt lat="47.98267" lon="10.15215"/>
            <trkpt lat="47.98241" lon="10.15231"/>
            <trkpt lat="47.98191" lon="10.15263"/>
            <trkpt lat="47.98165" lon="10.1528"/>
            <trkpt lat="47.98106" lon="10.15322"/>
            <trkpt lat="47.98045" lon="10.15371"/>
            <trkpt lat="47.9801" lon="10.154"/>
            <trkpt lat="47.97941" lon="10.15463"/>
            <trkpt lat="47.979" lon="10.15502"/>
            <trkpt lat="47.97834" lon="10.15573"/>
            <trkpt lat="47.97756" lon="10.15665"/>
            <trkpt lat="47.97718" lon="10.15714"/>
            <trkpt lat="47.97642" lon="10.1582"/>
            <trkpt lat="47.97599" lon="10.15884"/>
            <trkpt lat="47.97592" lon="10.15896"/>
            <trkpt lat="47.97527" lon="10.16007"/>
            <trkpt lat="47.9748" lon="10.16096"/>
            <trkpt lat="47.97439" lon="10.16178"/>
            <trkpt lat="47.97384" lon="10.16303"/>
            <trkpt lat="47.97339" lon="10.16411"/>
            <trkpt lat="47.97287" lon="10.16547"/>
            <trkpt lat="47.97164" lon="10.16873"/>
            <trkpt lat="47.97117" lon="10.16992"/>
            <trkpt lat="47.97072" lon="10.17095"/>
            <trkpt lat="47.97045" lon="10.17154"/>
            <trkpt lat="47.97002" lon="10.17247"/>
            <trkpt lat="47.96971" lon="10.17309"/>
            <trkpt lat="47.96959" lon="10.17334"/>
            <trkpt lat="47.9694" lon="10.1737"/>
            <trkpt lat="47.96863" lon="10.17515"/>
            <trkpt lat="47.96826" lon="10.17582"/>
            <trkpt lat="47.96789" lon="10.17646"/>
            <trkpt lat="47.96741" lon="10.17723"/>
            <trkpt lat="47.96665" lon="10.17845"/>
            <trkpt lat="47.96631" lon="10.17898"/>
            <trkpt lat="47.96589" lon="10.17962"/>
            <trkpt lat="47.965" lon="10.1809"/>
            <trkpt lat="47.96432" lon="10.18183"/>
            <trkpt lat="47.96365" lon="10.18269"/>
            <trkpt lat="47.9635" lon="10.18287"/>
            <trkpt lat="47.96347" lon="10.18292"/>
            <trkpt lat="47.96343" lon="10.18297"/>
            <trkpt lat="47.96303" lon="10.18349"/>
            <trkpt lat="47.96263" lon="10.18399"/>
            <trkpt lat="47.96239" lon="10.18429"/>
            <trkpt lat="47.96186" lon="10.18487"/>
            <trkpt lat="47.96142" lon="10.18538"/>
            <trkpt lat="47.9609" lon="10.18599"/>
            <trkpt lat="47.96007" lon="10.18687"/>
            <trkpt lat="47.95977" lon="10.18717"/>
            <trkpt lat="47.95935" lon="10.18762"/>
            <trkpt lat="47.9588" lon="10.18816"/>
            <trkpt lat="47.9577" lon="10.18919"/>
            <trkpt lat="47.95658" lon="10.19018"/>
            <trkpt lat="47.95546" lon="10.1911"/>
            <trkpt lat="47.95473" lon="10.19167"/>
            <trkpt lat="47.95375" lon="10.19239"/>
            <trkpt lat="47.95299" lon="10.19293"/>
            <trkpt lat="47.95231" lon="10.19339"/>
            <trkpt lat="47.95169" lon="10.19378"/>
            <trkpt lat="47.95042" lon="10.19454"/>
            <trkpt lat="47.94942" lon="10.19511"/>
            <trkpt lat="47.94903" lon="10.19531"/>
            <trkpt lat="47.94765" lon="10.19603"/>
            <trkpt lat="47.94575" lon="10.19696"/>
            <trkpt lat="47.9454" lon="10.19713"/>
            <trkpt lat="47.94434" lon="10.19763"/>
            <trkpt lat="47.94428" lon="10.19765"/>
            <trkpt lat="47.94335" lon="10.1981"/>
            <trkpt lat="47.94185" lon="10.19883"/>
            <trkpt lat="47.94099" lon="10.19926"/>
            <trkpt lat="47.93943" lon="10.20008"/>
            <trkpt lat="47.93893" lon="10.20037"/>
            <trkpt lat="47.93784" lon="10.20106"/>
            <trkpt lat="47.93693" lon="10.20166"/>
            <trkpt lat="47.93606" lon="10.20226"/>
            <trkpt lat="47.93516" lon="10.20295"/>
            <trkpt lat="47.9346" lon="10.20338"/>
            <trkpt lat="47.93349" lon="10.20431"/>
            <trkpt lat="47.9328" lon="10.20492"/>
            <trkpt lat="47.93224" lon="10.20544"/>
            <trkpt lat="47.93165" lon="10.20601"/>
            <trkpt lat="47.93084" lon="10.20681"/>
            <trkpt lat="47.93017" lon="10.20752"/>
            <trkpt lat="47.92962" lon="10.20812"/>
            <trkpt lat="47.92903" lon="10.20878"/>
            <trkpt lat="47.92825" lon="10.20971"/>
            <trkpt lat="47.92794" lon="10.21008"/>
            <trkpt lat="47.92722" lon="10.211"/>
            <trkpt lat="47.92666" lon="10.21174"/>
            <trkpt lat="47.92646" lon="10.212"/>
            <trkpt lat="47.92553" lon="10.21331"/>
            <trkpt lat="47.92524" lon="10.21371"/>
            <trkpt lat="47.92495" lon="10.21415"/>
            <trkpt lat="47.92422" lon="10.21523"/>
            <trkpt lat="47.9237" lon="10.21604"/>
            <trkpt lat="47.92291" lon="10.21729"/>
            <trkpt lat="47.92244" lon="10.21802"/>
            <trkpt lat="47.92236" lon="10.21815"/>
            <trkpt lat="47.92088" lon="10.2206"/>
            <trkpt lat="47.92036" lon="10.22147"/>
            <trkpt lat="47.91875" lon="10.22424"/>
            <trkpt lat="47.91621" lon="10.22853"/>
            <trkpt lat="47.91545" lon="10.22976"/>
            <trkpt lat="47.91443" lon="10.23134"/>
            <trkpt lat="47.91375" lon="10.23232"/>
            <trkpt lat="47.91304" lon="10.23328"/>
            <trkpt lat="47.91231" lon="10.23422"/>
            <trkpt lat="47.91135" lon="10.23536"/>
            <trkpt lat="47.91044" lon="10.23638"/>
            <trkpt lat="47.90964" lon="10.2372"/>
            <trkpt lat="47.90884" lon="10.23797"/>
            <trkpt lat="47.90853" lon="10.23825"/>
            <trkpt lat="47.90783" lon="10.23889"/>
            <trkpt lat="47.90739" lon="10.23926"/>
            <trkpt lat="47.90714" lon="10.23946"/>
            <trkpt lat="47.90647" lon="10.23998"/>
            <trkpt lat="47.90532" lon="10.24082"/>
            <trkpt lat="47.90459" lon="10.24129"/>
            <trkpt lat="47.90329" lon="10.24208"/>
            <trkpt lat="47.90264" lon="10.24243"/>
            <trkpt lat="47.9026" lon="10.24246"/>
            <trkpt lat="47.90206" lon="10.24273"/>
            <trkpt lat="47.9012" lon="10.24313"/>
            <trkpt lat="47.90072" lon="10.24334"/>
            <trkpt lat="47.90039" lon="10.24347"/>
            <trkpt lat="47.89997" lon="10.24364"/>
            <trkpt lat="47.8994" lon="10.24385"/>
            <trkpt lat="47.8992" lon="10.24391"/>
            <trkpt lat="47.89737" lon="10.24446"/>
            <trkpt lat="47.89693" lon="10.24456"/>
            <trkpt lat="47.89575" lon="10.24481"/>
            <trkpt lat="47.89491" lon="10.24495"/>
            <trkpt lat="47.89348" lon="10.24518"/>
            <trkpt lat="47.89193" lon="10.24536"/>
            <trkpt lat="47.89177" lon="10.24537"/>
            <trkpt lat="47.89044" lon="10.24548"/>
            <trkpt lat="47.8901" lon="10.24551"/>
            <trkpt lat="47.8891" lon="10.24561"/>
            <trkpt lat="47.88718" lon="10.24576"/>
            <trkpt lat="47.88652" lon="10.24582"/>
            <trkpt lat="47.88487" lon="10.24596"/>
            <trkpt lat="47.88365" lon="10.2461"/>
            <trkpt lat="47.88355" lon="10.24611"/>
            <trkpt lat="47.8835" lon="10.24612"/>
            <trkpt lat="47.88284" lon="10.24621"/>
            <trkpt lat="47.8824" lon="10.24627"/>
            <trkpt lat="47.88141" lon="10.24644"/>
            <trkpt lat="47.88112" lon="10.2465"/>
            <trkpt lat="47.88057" lon="10.24662"/>
            <trkpt lat="47.87961" lon="10.2469"/>
            <trkpt lat="47.87889" lon="10.24715"/>
            <trkpt lat="47.87842" lon="10.24735"/>
            <trkpt lat="47.87828" lon="10.2474"/>
            <trkpt lat="47.8777" lon="10.24768"/>
            <trkpt lat="47.87691" lon="10.24813"/>
            <trkpt lat="47.87618" lon="10.24861"/>
            <trkpt lat="47.87575" lon="10.24892"/>
            <trkpt lat="47.87528" lon="10.2493"/>
            <trkpt lat="47.8749" lon="10.24962"/>
            <trkpt lat="47.87427" lon="10.25023"/>
            <trkpt lat="47.87379" lon="10.25073"/>
            <trkpt lat="47.87301" lon="10.25166"/>
            <trkpt lat="47.87246" lon="10.25239"/>
            <trkpt lat="47.87182" lon="10.25335"/>
            <trkpt lat="47.87144" lon="10.25399"/>
            <trkpt lat="47.87119" lon="10.25441"/>
            <trkpt lat="47.87086" lon="10.25504"/>
            <trkpt lat="47.87058" lon="10.25562"/>
            <trkpt lat="47.87044" lon="10.25591"/>
            <trkpt lat="47.87033" lon="10.25614"/>
            <trkpt lat="47.86986" lon="10.2572"/>
            <trkpt lat="47.86933" lon="10.25853"/>
            <trkpt lat="47.86901" lon="10.25937"/>
            <trkpt lat="47.86836" lon="10.26123"/>
            <trkpt lat="47.86813" lon="10.26187"/>
            <trkpt lat="47.86747" lon="10.26381"/>
            <trkpt lat="47.86695" lon="10.26537"/>
            <trkpt lat="47.8666" lon="10.26636"/>
            <trkpt lat="47.86606" lon="10.2678"/>
            <trkpt lat="47.86559" lon="10.26889"/>
            <trkpt lat="47.86501" lon="10.27013"/>
            <trkpt lat="47.86451" lon="10.27107"/>
            <trkpt lat="47.86408" lon="10.27184"/>
            <trkpt lat="47.86353" lon="10.27272"/>
            <trkpt lat="47.86308" lon="10.27339"/>
            <trkpt lat="47.8625" lon="10.2742"/>
            <trkpt lat="47.86198" lon="10.27485"/>
            <trkpt lat="47.86184" lon="10.27501"/>
            <trkpt lat="47.86152" lon="10.27539"/>
            <trkpt lat="47.86053" lon="10.27645"/>
            <trkpt lat="47.85992" lon="10.27702"/>
            <trkpt lat="47.8594" lon="10.27747"/>
            <trkpt lat="47.85859" lon="10.2781"/>
            <trkpt lat="47.85765" lon="10.27873"/>
            <trkpt lat="47.85718" lon="10.27899"/>
            <trkpt lat="47.85645" lon="10.2794"/>
            <trkpt lat="47.85628" lon="10.27949"/>
            <trkpt lat="47.85499" lon="10.28005"/>
            <trkpt lat="47.85417" lon="10.28037"/>
            <trkpt lat="47.8531" lon="10.28072"/>
            <trkpt lat="47.85249" lon="10.2809"/>
            <trkpt lat="47.85196" lon="10.28104"/>
            <trkpt lat="47.85164" lon="10.28113"/>
            <trkpt lat="47.85082" lon="10.28132"/>
            <trkpt lat="47.85038" lon="10.28143"/>
            <trkpt lat="47.8489" lon="10.28173"/>
            <trkpt lat="47.84726" lon="10.28204"/>
            <trkpt lat="47.84635" lon="10.2822"/>
            <trkpt lat="47.84538" lon="10.28241"/>
            <trkpt lat="47.84383" lon="10.28272"/>
            <trkpt lat="47.84343" lon="10.2828"/>
            <trkpt lat="47.84212" lon="10.28309"/>
            <trkpt lat="47.84162" lon="10.2832"/>
            <trkpt lat="47.84035" lon="10.2835"/>
            <trkpt lat="47.83921" lon="10.28379"/>
            <trkpt lat="47.83801" lon="10.28412"/>
            <trkpt lat="47.83705" lon="10.2844"/>
            <trkpt lat="47.83537" lon="10.28495"/>
            <trkpt lat="47.83447" lon="10.28527"/>
            <trkpt lat="47.83404" lon="10.28542"/>
            <trkpt lat="47.83348" lon="10.28566"/>
            <trkpt lat="47.83178" lon="10.28637"/>
            <trkpt lat="47.83007" lon="10.28714"/>
            <trkpt lat="47.82836" lon="10.28799"/>
            <trkpt lat="47.82688" lon="10.28879"/>
            <trkpt lat="47.82566" lon="10.28949"/>
            <trkpt lat="47.82435" lon="10.2903"/>
            <trkpt lat="47.82269" lon="10.29138"/>
            <trkpt lat="47.82152" lon="10.29219"/>
            <trkpt lat="47.82055" lon="10.2929"/>
            <trkpt lat="47.81955" lon="10.29367"/>
            <trkpt lat="47.81823" lon="10.29472"/>
            <trkpt lat="47.81651" lon="10.29617"/>
            <trkpt lat="47.81594" lon="10.29666"/>
            <trkpt lat="47.81561" lon="10.29697"/>
            <trkpt lat="47.81428" lon="10.2982"/>
            <trkpt lat="47.81279" lon="10.29962"/>
            <trkpt lat="47.8127" lon="10.29971"/>
            <trkpt lat="47.8125" lon="10.29992"/>
            <trkpt lat="47.81185" lon="10.30058"/>
            <trkpt lat="47.81089" lon="10.30161"/>
            <trkpt lat="47.81057" lon="10.30195"/>
            <trkpt lat="47.8102" lon="10.30238"/>
            <trkpt lat="47.80982" lon="10.30278"/>
            <trkpt lat="47.80962" lon="10.30302"/>
            <trkpt lat="47.8082" lon="10.30465"/>
            <trkpt lat="47.80776" lon="10.30518"/>
            <trkpt lat="47.80679" lon="10.30632"/>
            <trkpt lat="47.80672" lon="10.30641"/>
            <trkpt lat="47.8066" lon="10.30656"/>
            <trkpt lat="47.80507" lon="10.30839"/>
            <trkpt lat="47.8028" lon="10.31108"/>
            <trkpt lat="47.80252" lon="10.31141"/>
            <trkpt lat="47.80143" lon="10.31273"/>
            <trkpt lat="47.80123" lon="10.31296"/>
            <trkpt lat="47.7983" lon="10.31648"/>
            <trkpt lat="47.79617" lon="10.31899"/>
            <trkpt lat="47.79571" lon="10.31951"/>
            <trkpt lat="47.79515" lon="10.32008"/>
            <trkpt lat="47.79464" lon="10.32059"/>
            <trkpt lat="47.79424" lon="10.32097"/>
            <trkpt lat="47.7936" lon="10.32154"/>
            <trkpt lat="47.79283" lon="10.32221"/>
            <trkpt lat="47.79228" lon="10.32264"/>
            <trkpt lat="47.79148" lon="10.32323"/>
            <trkpt lat="47.79139" lon="10.32329"/>
            <trkpt lat="47.79053" lon="10.32387"/>
            <trkpt lat="47.79046" lon="10.32391"/>
            <trkpt lat="47.78937" lon="10.32454"/>
            <trkpt lat="47.78811" lon="10.32519"/>
            <trkpt lat="47.78756" lon="10.32544"/>
            <trkpt lat="47.78656" lon="10.32584"/>
            <trkpt lat="47.78587" lon="10.32609"/>
            <trkpt lat="47.78532" lon="10.32626"/>
            <trkpt lat="47.78509" lon="10.32633"/>
            <trkpt lat="47.78431" lon="10.32653"/>
            <trkpt lat="47.78336" lon="10.32673"/>
            <trkpt lat="47.7825" lon="10.32687"/>
            <trkpt lat="47.78158" lon="10.32697"/>
            <trkpt lat="47.78103" lon="10.32701"/>
            <trkpt lat="47.78006" lon="10.32704"/>
            <trkpt lat="47.77888" lon="10.32701"/>
            <trkpt lat="47.77833" lon="10.32696"/>
            <trkpt lat="47.77763" lon="10.32689"/>
            <trkpt lat="47.77709" lon="10.32681"/>
            <trkpt lat="47.7763" lon="10.32667"/>
            <trkpt lat="47.77549" lon="10.32649"/>
            <trkpt lat="47.77488" lon="10.32633"/>
            <trkpt lat="47.77427" lon="10.32615"/>
            <trkpt lat="47.77199" lon="10.32551"/>
            <trkpt lat="47.77122" lon="10.32532"/>
            <trkpt lat="47.77083" lon="10.32524"/>
            <trkpt lat="47.77031" lon="10.32516"/>
            <trkpt lat="47.76974" lon="10.32508"/>
            <trkpt lat="47.76908" lon="10.32504"/>
            <trkpt lat="47.76855" lon="10.32504"/>
            <trkpt lat="47.76826" lon="10.32504"/>
            <trkpt lat="47.76792" lon="10.32507"/>
            <trkpt lat="47.76783" lon="10.32508"/>
            <trkpt lat="47.76774" lon="10.32509"/>
            <trkpt lat="47.76758" lon="10.32511"/>
            <trkpt lat="47.76674" lon="10.32525"/>
            <trkpt lat="47.76652" lon="10.32529"/>
            <trkpt lat="47.76584" lon="10.32546"/>
            <trkpt lat="47.76447" lon="10.32595"/>
            <trkpt lat="47.76438" lon="10.32598"/>
            <trkpt lat="47.76307" lon="10.32645"/>
            <trkpt lat="47.76204" lon="10.32682"/>
            <trkpt lat="47.76195" lon="10.32685"/>
            <trkpt lat="47.76113" lon="10.32715"/>
            <trkpt lat="47.75865" lon="10.32804"/>
            <trkpt lat="47.75853" lon="10.32809"/>
            <trkpt lat="47.75682" lon="10.32874"/>
            <trkpt lat="47.7559" lon="10.32912"/>
            <trkpt lat="47.75568" lon="10.3292"/>
            <trkpt lat="47.7549" lon="10.32956"/>
            <trkpt lat="47.75454" lon="10.32974"/>
            <trkpt lat="47.75427" lon="10.32987"/>
            <trkpt lat="47.75358" lon="10.33023"/>
            <trkpt lat="47.75319" lon="10.33045"/>
            <trkpt lat="47.75295" lon="10.33059"/>
            <trkpt lat="47.75275" lon="10.33071"/>
            <trkpt lat="47.75194" lon="10.3312"/>
            <trkpt lat="47.75063" lon="10.3321"/>
            <trkpt lat="47.74999" lon="10.33257"/>
            <trkpt lat="47.74875" lon="10.33356"/>
            <trkpt lat="47.7471" lon="10.33498"/>
            <trkpt lat="47.74658" lon="10.33546"/>
            <trkpt lat="47.74562" lon="10.33632"/>
            <trkpt lat="47.74545" lon="10.33648"/>
            <trkpt lat="47.744" lon="10.33781"/>
            <trkpt lat="47.74375" lon="10.33803"/>
            <trkpt lat="47.74291" lon="10.33879"/>
            <trkpt lat="47.74216" lon="10.33945"/>
            <trkpt lat="47.73993" lon="10.34146"/>
            <trkpt lat="47.73987" lon="10.34153"/>
            <trkpt lat="47.73567" lon="10.34536"/>
            <trkpt lat="47.73428" lon="10.34662"/>
            <trkpt lat="47.7338" lon="10.34706"/>
            <trkpt lat="47.73295" lon="10.34781"/>
            <trkpt lat="47.73153" lon="10.34912"/>
            <trkpt lat="47.73115" lon="10.34947"/>
            <trkpt lat="47.73021" lon="10.35031"/>
            <trkpt lat="47.72896" lon="10.35148"/>
            <trkpt lat="47.72814" lon="10.35228"/>
            <trkpt lat="47.72742" lon="10.35306"/>
            <trkpt lat="47.72656" lon="10.35404"/>
            <trkpt lat="47.72623" lon="10.35442"/>
            <trkpt lat="47.72593" lon="10.35479"/>
            <trkpt lat="47.72541" lon="10.35543"/>
            <trkpt lat="47.72534" lon="10.35553"/>
            <trkpt lat="47.72517" lon="10.35572"/>
            <trkpt lat="47.72461" lon="10.35641"/>
            <trkpt lat="47.72426" lon="10.35685"/>
            <trkpt lat="47.72359" lon="10.35762"/>
            <trkpt lat="47.723" lon="10.35826"/>
            <trkpt lat="47.72269" lon="10.35857"/>
            <trkpt lat="47.72228" lon="10.35895"/>
            <trkpt lat="47.72179" lon="10.35936"/>
            <trkpt lat="47.7214" lon="10.35965"/>
            <trkpt lat="47.72107" lon="10.35987"/>
            <trkpt lat="47.72045" lon="10.36024"/>
            <trkpt lat="47.71984" lon="10.36054"/>
            <trkpt lat="47.71945" lon="10.36071"/>
            <trkpt lat="47.71903" lon="10.36085"/>
            <trkpt lat="47.71843" lon="10.36102"/>
            <trkpt lat="47.71813" lon="10.36109"/>
            <trkpt lat="47.71763" lon="10.36117"/>
            <trkpt lat="47.71715" lon="10.36122"/>
            <trkpt lat="47.71654" lon="10.36128"/>
            <trkpt lat="47.71644" lon="10.3613"/>
            <trkpt lat="47.715" lon="10.36146"/>
            <trkpt lat="47.7149" lon="10.36147"/>
            <trkpt lat="47.71426" lon="10.36162"/>
            <trkpt lat="47.71344" lon="10.36188"/>
            <trkpt lat="47.71302" lon="10.36203"/>
            <trkpt lat="47.71234" lon="10.36235"/>
            <trkpt lat="47.71203" lon="10.36251"/>
            <trkpt lat="47.71142" lon="10.36285"/>
            <trkpt lat="47.71066" lon="10.36334"/>
            <trkpt lat="47.70891" lon="10.36457"/>
            <trkpt lat="47.70789" lon="10.36525"/>
            <trkpt lat="47.70712" lon="10.36572"/>
            <trkpt lat="47.70651" lon="10.36604"/>
            <trkpt lat="47.70588" lon="10.36632"/>
            <trkpt lat="47.70538" lon="10.36649"/>
            <trkpt lat="47.7052" lon="10.36654"/>
            <trkpt lat="47.70489" lon="10.36663"/>
            <trkpt lat="47.70445" lon="10.36672"/>
            <trkpt lat="47.70382" lon="10.36681"/>
            <trkpt lat="47.70346" lon="10.36683"/>
            <trkpt lat="47.70281" lon="10.36683"/>
            <trkpt lat="47.70266" lon="10.36682"/>
            <trkpt lat="47.70264" lon="10.36682"/>
            <trkpt lat="47.70256" lon="10.36681"/>
            <trkpt lat="47.70205" lon="10.36676"/>
            <trkpt lat="47.70163" lon="10.36669"/>
            <trkpt lat="47.70098" lon="10.36655"/>
            <trkpt lat="47.69968" lon="10.3663"/>
            <trkpt lat="47.69869" lon="10.36615"/>
            <trkpt lat="47.69758" lon="10.36604"/>
            <trkpt lat="47.69644" lon="10.36599"/>
            <trkpt lat="47.69545" lon="10.366"/>
            <trkpt lat="47.69465" lon="10.36604"/>
            <trkpt lat="47.69389" lon="10.3661"/>
            <trkpt lat="47.69327" lon="10.36617"/>
            <trkpt lat="47.69248" lon="10.36629"/>
            <trkpt lat="47.69158" lon="10.36647"/>
            <trkpt lat="47.69111" lon="10.36657"/>
            <trkpt lat="47.69086" lon="10.36664"/>
            <trkpt lat="47.69068" lon="10.3666"/>
            <trkpt lat="47.68999" lon="10.36671"/>
            <trkpt lat="47.68988" lon="10.36672"/>
            <trkpt lat="47.68973" lon="10.36672"/>
            <trkpt lat="47.68963" lon="10.36671"/>
            <trkpt lat="47.68942" lon="10.36665"/>
            <trkpt lat="47.68922" lon="10.36653"/>
            <trkpt lat="47.68905" lon="10.36639"/>
            <trkpt lat="47.68886" lon="10.36616"/>
            <trkpt lat="47.68872" lon="10.36595"/>
            <trkpt lat="47.68825" lon="10.36501"/>
            <trkpt lat="47.68798" lon="10.3644"/>
            <trkpt lat="47.68788" lon="10.3641"/>
            <trkpt lat="47.68777" lon="10.36366"/>
            <trkpt lat="47.68774" lon="10.36345"/>
            <trkpt lat="47.68769" lon="10.3629"/>
            <trkpt lat="47.68766" lon="10.36225"/>
            <trkpt lat="47.68762" lon="10.36197"/>
            <trkpt lat="47.6876" lon="10.36139"/>
            <trkpt lat="47.68759" lon="10.36128"/>
            <trkpt lat="47.68752" lon="10.35964"/>
            <trkpt lat="47.68748" lon="10.35877"/>
            <trkpt lat="47.68742" lon="10.35704"/>
            <trkpt lat="47.68732" lon="10.35535"/>
            <trkpt lat="47.68722" lon="10.35393"/>
            <trkpt lat="47.68716" lon="10.35343"/>
            <trkpt lat="47.68711" lon="10.35283"/>
            <trkpt lat="47.68696" lon="10.35119"/>
            <trkpt lat="47.68673" lon="10.34912"/>
            <trkpt lat="47.68669" lon="10.34876"/>
            <trkpt lat="47.68645" lon="10.34697"/>
            <trkpt lat="47.68622" lon="10.3454"/>
            <trkpt lat="47.68613" lon="10.34483"/>
            <trkpt lat="47.68588" lon="10.3432"/>
            <trkpt lat="47.68559" lon="10.34155"/>
            <trkpt lat="47.68458" lon="10.33637"/>
            <trkpt lat="47.6845" lon="10.33602"/>
            <trkpt lat="47.68428" lon="10.33481"/>
            <trkpt lat="47.68386" lon="10.33235"/>
            <trkpt lat="47.6834" lon="10.32968"/>
            <trkpt lat="47.68329" lon="10.32891"/>
            <trkpt lat="47.68318" lon="10.32827"/>
            <trkpt lat="47.683" lon="10.32715"/>
            <trkpt lat="47.68296" lon="10.32688"/>
            <trkpt lat="47.68275" lon="10.32534"/>
            <trkpt lat="47.68219" lon="10.32165"/>
            <trkpt lat="47.68213" lon="10.32125"/>
            <trkpt lat="47.68207" lon="10.32085"/>
            <trkpt lat="47.68194" lon="10.31996"/>
            <trkpt lat="47.68158" lon="10.31761"/>
            <trkpt lat="47.68148" lon="10.317"/>
            <trkpt lat="47.68143" lon="10.31665"/>
            <trkpt lat="47.6811" lon="10.31436"/>
            <trkpt lat="47.68097" lon="10.31334"/>
            <trkpt lat="47.68096" lon="10.31329"/>
            <trkpt lat="47.68096" lon="10.31324"/>
            <trkpt lat="47.68084" lon="10.312"/>
            <trkpt lat="47.68071" lon="10.31036"/>
            <trkpt lat="47.68069" lon="10.31004"/>
            <trkpt lat="47.68066" lon="10.30939"/>
            <trkpt lat="47.68066" lon="10.30935"/>
            <trkpt lat="47.68063" lon="10.30799"/>
            <trkpt lat="47.68063" lon="10.3071"/>
            <trkpt lat="47.68064" lon="10.30536"/>
            <trkpt lat="47.68066" lon="10.30519"/>
            <trkpt lat="47.68066" lon="10.30518"/>
            <trkpt lat="47.68069" lon="10.30497"/>
            <trkpt lat="47.6807" lon="10.30488"/>
            <trkpt lat="47.68071" lon="10.30429"/>
            <trkpt lat="47.68074" lon="10.30385"/>
            <trkpt lat="47.68078" lon="10.30357"/>
            <trkpt lat="47.68083" lon="10.30341"/>
            <trkpt lat="47.68088" lon="10.30327"/>
            <trkpt lat="47.68093" lon="10.30319"/>
            <trkpt lat="47.68098" lon="10.30314"/>
            <trkpt lat="47.68106" lon="10.30309"/>
            <trkpt lat="47.68108" lon="10.30308"/>
            <trkpt lat="47.68111" lon="10.30307"/>
            <trkpt lat="47.68118" lon="10.30306"/>
            <trkpt lat="47.68123" lon="10.30307"/>
            <trkpt lat="47.68131" lon="10.30311"/>
            <trkpt lat="47.68136" lon="10.30315"/>
            <trkpt lat="47.68141" lon="10.30321"/>
            <trkpt lat="47.68146" lon="10.30327"/>
            <trkpt lat="47.68148" lon="10.30333"/>
            <trkpt lat="47.68156" lon="10.30349"/>
            <trkpt lat="47.68162" lon="10.3037"/>
            <trkpt lat="47.68165" lon="10.30394"/>
            <trkpt lat="47.68166" lon="10.30406"/>
            <trkpt lat="47.68166" lon="10.30421"/>
            <trkpt lat="47.68166" lon="10.3043"/>
            <trkpt lat="47.68166" lon="10.30437"/>
            <trkpt lat="47.68164" lon="10.30455"/>
            <trkpt lat="47.68161" lon="10.30461"/>
            <trkpt lat="47.68158" lon="10.30467"/>
            <trkpt lat="47.68152" lon="10.30484"/>
            <trkpt lat="47.68147" lon="10.30494"/>
            <trkpt lat="47.68143" lon="10.305"/>
            <trkpt lat="47.68138" lon="10.30503"/>
            <trkpt lat="47.68135" lon="10.30504"/>
            <trkpt lat="47.68121" lon="10.30507"/>
            <trkpt lat="47.6807" lon="10.30488"/>
            <trkpt lat="47.68066" lon="10.30486"/>
            <trkpt lat="47.68065" lon="10.30486"/>
            <trkpt lat="47.68053" lon="10.30482"/>
            <trkpt lat="47.68049" lon="10.3048"/>
            <trkpt lat="47.68028" lon="10.30473"/>
            <trkpt lat="47.6802" lon="10.3047"/>
            <trkpt lat="47.6801" lon="10.30466"/>
            <trkpt lat="47.68002" lon="10.30463"/>
            <trkpt lat="47.67961" lon="10.30448"/>
            <trkpt lat="47.67929" lon="10.30438"/>
            <trkpt lat="47.67908" lon="10.3043"/>
            <trkpt lat="47.67893" lon="10.30424"/>
            <trkpt lat="47.67873" lon="10.30416"/>
            <trkpt lat="47.67837" lon="10.30397"/>
            <trkpt lat="47.67816" lon="10.30383"/>
            <trkpt lat="47.67796" lon="10.30368"/>
            <trkpt lat="47.6778" lon="10.30351"/>
            <trkpt lat="47.67767" lon="10.30337"/>
            <trkpt lat="47.67763" lon="10.30333"/>
            <trkpt lat="47.67725" lon="10.30291"/>
            <trkpt lat="47.67685" lon="10.30248"/>
            <trkpt lat="47.67672" lon="10.30237"/>
            <trkpt lat="47.67668" lon="10.30234"/>
            <trkpt lat="47.67638" lon="10.30213"/>
            <trkpt lat="47.67616" lon="10.302"/>
            <trkpt lat="47.67576" lon="10.30183"/>
            <trkpt lat="47.67544" lon="10.30173"/>
            <trkpt lat="47.67499" lon="10.30165"/>
            <trkpt lat="47.67411" lon="10.30149"/>
            <trkpt lat="47.67372" lon="10.30136"/>
            <trkpt lat="47.67339" lon="10.30121"/>
            <trkpt lat="47.67309" lon="10.30103"/>
            <trkpt lat="47.6727" lon="10.30074"/>
            <trkpt lat="47.67235" lon="10.30039"/>
            <trkpt lat="47.6721" lon="10.30008"/>
            <trkpt lat="47.67182" lon="10.29974"/>
            <trkpt lat="47.67173" lon="10.29963"/>
            <trkpt lat="47.67134" lon="10.29918"/>
            <trkpt lat="47.67114" lon="10.29898"/>
            <trkpt lat="47.67081" lon="10.29871"/>
            <trkpt lat="47.6707" lon="10.29862"/>
            <trkpt lat="47.67029" lon="10.29836"/>
            <trkpt lat="47.66997" lon="10.29821"/>
            <trkpt lat="47.66968" lon="10.2981"/>
            <trkpt lat="47.66958" lon="10.29807"/>
            <trkpt lat="47.6691" lon="10.29798"/>
            <trkpt lat="47.66887" lon="10.29796"/>
            <trkpt lat="47.66848" lon="10.29797"/>
            <trkpt lat="47.66808" lon="10.29803"/>
            <trkpt lat="47.66769" lon="10.29813"/>
            <trkpt lat="47.66694" lon="10.29845"/>
            <trkpt lat="47.66651" lon="10.29866"/>
            <trkpt lat="47.66583" lon="10.29893"/>
            <trkpt lat="47.66558" lon="10.29901"/>
            <trkpt lat="47.66513" lon="10.29911"/>
            <trkpt lat="47.66477" lon="10.29915"/>
            <trkpt lat="47.66463" lon="10.29916"/>
            <trkpt lat="47.66435" lon="10.29916"/>
            <trkpt lat="47.66382" lon="10.29911"/>
            <trkpt lat="47.66346" lon="10.29904"/>
            <trkpt lat="47.66231" lon="10.29875"/>
            <trkpt lat="47.66182" lon="10.29863"/>
            <trkpt lat="47.66134" lon="10.29855"/>
            <trkpt lat="47.66085" lon="10.29853"/>
            <trkpt lat="47.65978" lon="10.29852"/>
            <trkpt lat="47.65931" lon="10.29854"/>
            <trkpt lat="47.65885" lon="10.29852"/>
            <trkpt lat="47.65869" lon="10.2985"/>
            <trkpt lat="47.65868" lon="10.2985"/>
            <trkpt lat="47.65783" lon="10.29834"/>
            <trkpt lat="47.65728" lon="10.29817"/>
            <trkpt lat="47.65684" lon="10.298"/>
            <trkpt lat="47.65637" lon="10.29778"/>
            <trkpt lat="47.65584" lon="10.29746"/>
            <trkpt lat="47.65488" lon="10.29676"/>
            <trkpt lat="47.65446" lon="10.29646"/>
            <trkpt lat="47.65402" lon="10.2962"/>
            <trkpt lat="47.65344" lon="10.29596"/>
            <trkpt lat="47.65319" lon="10.29589"/>
            <trkpt lat="47.65292" lon="10.29584"/>
            <trkpt lat="47.6525" lon="10.2958"/>
            <trkpt lat="47.65214" lon="10.29579"/>
            <trkpt lat="47.651" lon="10.29587"/>
            <trkpt lat="47.65069" lon="10.29588"/>
            <trkpt lat="47.65012" lon="10.29582"/>
            <trkpt lat="47.64977" lon="10.29575"/>
            <trkpt lat="47.64947" lon="10.29565"/>
            <trkpt lat="47.64925" lon="10.29557"/>
            <trkpt lat="47.6488" lon="10.29535"/>
            <trkpt lat="47.6485" lon="10.29517"/>
            <trkpt lat="47.64809" lon="10.29485"/>
            <trkpt lat="47.6479" lon="10.29469"/>
            <trkpt lat="47.64781" lon="10.2946"/>
            <trkpt lat="47.64758" lon="10.29439"/>
            <trkpt lat="47.64738" lon="10.29418"/>
            <trkpt lat="47.64691" lon="10.29363"/>
            <trkpt lat="47.64657" lon="10.29319"/>
            <trkpt lat="47.64624" lon="10.29274"/>
            <trkpt lat="47.64601" lon="10.2924"/>
            <trkpt lat="47.64585" lon="10.29216"/>
            <trkpt lat="47.64563" lon="10.29182"/>
            <trkpt lat="47.64515" lon="10.29106"/>
            <trkpt lat="47.64474" lon="10.29045"/>
            <trkpt lat="47.6442" lon="10.28972"/>
            <trkpt lat="47.64382" lon="10.28924"/>
            <trkpt lat="47.64335" lon="10.28873"/>
            <trkpt lat="47.64319" lon="10.28857"/>
            <trkpt lat="47.64267" lon="10.28811"/>
            <trkpt lat="47.6424" lon="10.28791"/>
            <trkpt lat="47.64194" lon="10.28761"/>
            <trkpt lat="47.64145" lon="10.28733"/>
            <trkpt lat="47.64087" lon="10.28708"/>
            <trkpt lat="47.64034" lon="10.28692"/>
            <trkpt lat="47.63902" lon="10.28664"/>
            <trkpt lat="47.63859" lon="10.28653"/>
            <trkpt lat="47.63811" lon="10.28634"/>
            <trkpt lat="47.63785" lon="10.28621"/>
            <trkpt lat="47.63739" lon="10.2859"/>
            <trkpt lat="47.63705" lon="10.28564"/>
            <trkpt lat="47.63672" lon="10.28531"/>
            <trkpt lat="47.63654" lon="10.28515"/>
            <trkpt lat="47.63477" lon="10.2832"/>
            <trkpt lat="47.63468" lon="10.2831"/>
            <trkpt lat="47.63414" lon="10.28258"/>
            <trkpt lat="47.63356" lon="10.28211"/>
            <trkpt lat="47.63299" lon="10.28172"/>
            <trkpt lat="47.63201" lon="10.28113"/>
            <trkpt lat="47.63148" lon="10.28078"/>
            <trkpt lat="47.62957" lon="10.27961"/>
            <trkpt lat="47.62936" lon="10.27948"/>
            <trkpt lat="47.62928" lon="10.27942"/>
            <trkpt lat="47.62887" lon="10.27916"/>
            <trkpt lat="47.62858" lon="10.279"/>
            <trkpt lat="47.62844" lon="10.27893"/>
            <trkpt lat="47.6281" lon="10.27874"/>
            <trkpt lat="47.62786" lon="10.27859"/>
            <trkpt lat="47.62689" lon="10.27806"/>
            <trkpt lat="47.62618" lon="10.27771"/>
            <trkpt lat="47.62603" lon="10.27764"/>
            <trkpt lat="47.62536" lon="10.27736"/>
            <trkpt lat="47.62532" lon="10.27735"/>
            <trkpt lat="47.62467" lon="10.27711"/>
            <trkpt lat="47.62347" lon="10.27671"/>
            <trkpt lat="47.6226" lon="10.27648"/>
            <trkpt lat="47.62195" lon="10.27633"/>
            <trkpt lat="47.62119" lon="10.2762"/>
            <trkpt lat="47.62056" lon="10.2761"/>
            <trkpt lat="47.61831" lon="10.27585"/>
            <trkpt lat="47.61711" lon="10.27569"/>
            <trkpt lat="47.6168" lon="10.27563"/>
            <trkpt lat="47.61588" lon="10.27541"/>
            <trkpt lat="47.61578" lon="10.27538"/>
            <trkpt lat="47.61492" lon="10.2751"/>
            <trkpt lat="47.61475" lon="10.27503"/>
            <trkpt lat="47.61398" lon="10.27476"/>
            <trkpt lat="47.61274" lon="10.27428"/>
            <trkpt lat="47.61194" lon="10.27405"/>
            <trkpt lat="47.6115" lon="10.27395"/>
            <trkpt lat="47.61138" lon="10.27392"/>
            <trkpt lat="47.61065" lon="10.2738"/>
            <trkpt lat="47.61027" lon="10.27376"/>
            <trkpt lat="47.61006" lon="10.27372"/>
            <trkpt lat="47.6084" lon="10.27359"/>
            <trkpt lat="47.6076" lon="10.27353"/>
            <trkpt lat="47.60745" lon="10.27351"/>
            <trkpt lat="47.60635" lon="10.27338"/>
            <trkpt lat="47.60618" lon="10.27335"/>
            <trkpt lat="47.60587" lon="10.2733"/>
            <trkpt lat="47.60526" lon="10.2732"/>
            <trkpt lat="47.60434" lon="10.27293"/>
            <trkpt lat="47.60359" lon="10.27265"/>
            <trkpt lat="47.60318" lon="10.27247"/>
            <trkpt lat="47.60263" lon="10.27219"/>
            <trkpt lat="47.60191" lon="10.27177"/>
            <trkpt lat="47.60163" lon="10.27158"/>
            <trkpt lat="47.60099" lon="10.27111"/>
            <trkpt lat="47.60033" lon="10.27056"/>
            <trkpt lat="47.60002" lon="10.27029"/>
            <trkpt lat="47.59951" lon="10.26978"/>
            <trkpt lat="47.59901" lon="10.26922"/>
            <trkpt lat="47.59847" lon="10.26857"/>
            <trkpt lat="47.59791" lon="10.26781"/>
            <trkpt lat="47.59752" lon="10.26725"/>
            <trkpt lat="47.59693" lon="10.26632"/>
            <trkpt lat="47.59609" lon="10.26504"/>
            <trkpt lat="47.59557" lon="10.26434"/>
            <trkpt lat="47.59542" lon="10.26415"/>
            <trkpt lat="47.5951" lon="10.26376"/>
            <trkpt lat="47.59475" lon="10.26335"/>
            <trkpt lat="47.59413" lon="10.26271"/>
            <trkpt lat="47.5933" lon="10.26191"/>
            <trkpt lat="47.59277" lon="10.26141"/>
            <trkpt lat="47.59257" lon="10.26123"/>
            <trkpt lat="47.59215" lon="10.26083"/>
            <trkpt lat="47.58789" lon="10.25687"/>
            <trkpt lat="47.58259" lon="10.25191"/>
            <trkpt lat="47.58196" lon="10.25134"/>
            <trkpt lat="47.58141" lon="10.25089"/>
            <trkpt lat="47.58087" lon="10.25051"/>
            <trkpt lat="47.58044" lon="10.25026"/>
            <trkpt lat="47.58002" lon="10.25005"/>
            <trkpt lat="47.57954" lon="10.24987"/>
            <trkpt lat="47.57892" lon="10.24971"/>
            <trkpt lat="47.57835" lon="10.24963"/>
            <trkpt lat="47.57793" lon="10.24962"/>
            <trkpt lat="47.57745" lon="10.24964"/>
            <trkpt lat="47.57715" lon="10.24968"/>
            <trkpt lat="47.57632" lon="10.24976"/>
            <trkpt lat="47.57603" lon="10.24977"/>
            <trkpt lat="47.57562" lon="10.24975"/>
            <trkpt lat="47.57529" lon="10.2497"/>
            <trkpt lat="47.57477" lon="10.24956"/>
            <trkpt lat="47.57426" lon="10.24934"/>
            <trkpt lat="47.5742" lon="10.24931"/>
            <trkpt lat="47.57381" lon="10.24907"/>
            <trkpt lat="47.57342" lon="10.24878"/>
            <trkpt lat="47.57322" lon="10.24861"/>
            <trkpt lat="47.57281" lon="10.2482"/>
            <trkpt lat="47.57264" lon="10.24799"/>
            <trkpt lat="47.57251" lon="10.24784"/>
            <trkpt lat="47.57212" lon="10.24733"/>
            <trkpt lat="47.57196" lon="10.24707"/>
            <trkpt lat="47.57173" lon="10.24664"/>
            <trkpt lat="47.5717" lon="10.24659"/>
            <trkpt lat="47.5715" lon="10.24613"/>
            <trkpt lat="47.57091" lon="10.24483"/>
            <trkpt lat="47.5708" lon="10.24461"/>
            <trkpt lat="47.57069" lon="10.24439"/>
            <trkpt lat="47.57049" lon="10.24405"/>
            <trkpt lat="47.57033" lon="10.24377"/>
            <trkpt lat="47.57007" lon="10.24338"/>
            <trkpt lat="47.56992" lon="10.24318"/>
            <trkpt lat="47.56936" lon="10.24252"/>
            <trkpt lat="47.56919" lon="10.24235"/>
            <trkpt lat="47.56876" lon="10.24198"/>
            <trkpt lat="47.56866" lon="10.24188"/>
            <trkpt lat="47.56843" lon="10.2417"/>
            <trkpt lat="47.56834" lon="10.24164"/>
            <trkpt lat="47.568" lon="10.24143"/>
            <trkpt lat="47.56755" lon="10.24119"/>
            <trkpt lat="47.56729" lon="10.24108"/>
            <trkpt lat="47.56709" lon="10.24101"/>
            <trkpt lat="47.56671" lon="10.24089"/>
            <trkpt lat="47.56644" lon="10.24083"/>
            <trkpt lat="47.56609" lon="10.24079"/>
            <trkpt lat="47.56568" lon="10.24078"/>
            <trkpt lat="47.56524" lon="10.24081"/>
            <trkpt lat="47.5647" lon="10.24091"/>
            <trkpt lat="47.56429" lon="10.24104"/>
            <trkpt lat="47.5641" lon="10.24111"/>
            <trkpt lat="47.5636" lon="10.24134"/>
            <trkpt lat="47.56323" lon="10.24156"/>
            <trkpt lat="47.56267" lon="10.24195"/>
            <trkpt lat="47.56241" lon="10.24216"/>
            <trkpt lat="47.56215" lon="10.2424"/>
            <trkpt lat="47.56154" lon="10.24299"/>
            <trkpt lat="47.56124" lon="10.24333"/>
            <trkpt lat="47.56049" lon="10.24425"/>
            <trkpt lat="47.56009" lon="10.24479"/>
            <trkpt lat="47.55946" lon="10.24571"/>
            <trkpt lat="47.55854" lon="10.2471"/>
            <trkpt lat="47.55807" lon="10.24784"/>
            <trkpt lat="47.55752" lon="10.24867"/>
            <trkpt lat="47.55747" lon="10.24876"/>
            <trkpt lat="47.55741" lon="10.24886"/>
            <trkpt lat="47.55735" lon="10.24895"/>
            <trkpt lat="47.55652" lon="10.25023"/>
            <trkpt lat="47.55605" lon="10.25093"/>
            <trkpt lat="47.55554" lon="10.25171"/>
            <trkpt lat="47.55522" lon="10.25218"/>
            <trkpt lat="47.55509" lon="10.25237"/>
            <trkpt lat="47.55422" lon="10.25369"/>
            <trkpt lat="47.553" lon="10.2556"/>
            <trkpt lat="47.55122" lon="10.25827"/>
            <trkpt lat="47.55024" lon="10.25976"/>
            <trkpt lat="47.54927" lon="10.26123"/>
            <trkpt lat="47.54913" lon="10.26145"/>
            <trkpt lat="47.54883" lon="10.2619"/>
            <trkpt lat="47.548" lon="10.26314"/>
            <trkpt lat="47.54745" lon="10.26395"/>
            <trkpt lat="47.54657" lon="10.26507"/>
            <trkpt lat="47.54631" lon="10.26538"/>
            <trkpt lat="47.54607" lon="10.26563"/>
            <trkpt lat="47.54536" lon="10.26625"/>
            <trkpt lat="47.54472" lon="10.26672"/>
            <trkpt lat="47.54436" lon="10.26692"/>
            <trkpt lat="47.54414" lon="10.26702"/>
            <trkpt lat="47.54333" lon="10.26732"/>
            <trkpt lat="47.54287" lon="10.26744"/>
            <trkpt lat="47.5424" lon="10.26752"/>
            <trkpt lat="47.54179" lon="10.26754"/>
            <trkpt lat="47.54133" lon="10.26754"/>
            <trkpt lat="47.54056" lon="10.26747"/>
            <trkpt lat="47.53927" lon="10.26732"/>
            <trkpt lat="47.53762" lon="10.26705"/>
            <trkpt lat="47.53629" lon="10.26685"/>
            <trkpt lat="47.535" lon="10.2667"/>
            <trkpt lat="47.53464" lon="10.26669"/>
            <trkpt lat="47.53314" lon="10.26657"/>
            <trkpt lat="47.5328" lon="10.26657"/>
            <trkpt lat="47.53205" lon="10.26657"/>
            <trkpt lat="47.53069" lon="10.26663"/>
            <trkpt lat="47.53054" lon="10.26665"/>
            <trkpt lat="47.53041" lon="10.26666"/>
            <trkpt lat="47.53029" lon="10.26667"/>
            <trkpt lat="47.53016" lon="10.26668"/>
            <trkpt lat="47.53008" lon="10.26669"/>
            <trkpt lat="47.52989" lon="10.26671"/>
            <trkpt lat="47.52976" lon="10.26674"/>
            <trkpt lat="47.52929" lon="10.26684"/>
            <trkpt lat="47.52856" lon="10.26695"/>
            <trkpt lat="47.5285" lon="10.26696"/>
            <trkpt lat="47.52779" lon="10.2671"/>
            <trkpt lat="47.52686" lon="10.26734"/>
            <trkpt lat="47.52612" lon="10.26753"/>
            <trkpt lat="47.52532" lon="10.26774"/>
            <trkpt lat="47.52428" lon="10.26806"/>
            <trkpt lat="47.5237" lon="10.26823"/>
            <trkpt lat="47.52194" lon="10.26872"/>
            <trkpt lat="47.52175" lon="10.26877"/>
            <trkpt lat="47.52157" lon="10.26881"/>
            <trkpt lat="47.52088" lon="10.26892"/>
            <trkpt lat="47.52065" lon="10.26894"/>
            <trkpt lat="47.52028" lon="10.26898"/>
            <trkpt lat="47.52005" lon="10.26898"/>
            <trkpt lat="47.51977" lon="10.26891"/>
            <trkpt lat="47.51968" lon="10.26887"/>
            <trkpt lat="47.51962" lon="10.26883"/>
            <trkpt lat="47.51958" lon="10.2688"/>
            <trkpt lat="47.51954" lon="10.26876"/>
            <trkpt lat="47.5195" lon="10.26871"/>
            <trkpt lat="47.51947" lon="10.26866"/>
            <trkpt lat="47.51944" lon="10.2686"/>
            <trkpt lat="47.51939" lon="10.26847"/>
            <trkpt lat="47.51937" lon="10.26841"/>
            <trkpt lat="47.51936" lon="10.26833"/>
            <trkpt lat="47.51936" lon="10.26825"/>
            <trkpt lat="47.51936" lon="10.26818"/>
            <trkpt lat="47.51937" lon="10.2681"/>
            <trkpt lat="47.51939" lon="10.26801"/>
            <trkpt lat="47.51941" lon="10.26794"/>
            <trkpt lat="47.51943" lon="10.26788"/>
            <trkpt lat="47.51944" lon="10.26784"/>
            <trkpt lat="47.51948" lon="10.26778"/>
            <trkpt lat="47.51957" lon="10.2677"/>
            <trkpt lat="47.51961" lon="10.26768"/>
            <trkpt lat="47.51965" lon="10.26766"/>
            <trkpt lat="47.5197" lon="10.26765"/>
            <trkpt lat="47.51983" lon="10.26766"/>
            <trkpt lat="47.51998" lon="10.2677"/>
            <trkpt lat="47.51997" lon="10.26775"/>
            <trkpt lat="47.51996" lon="10.2678"/>
            <trkpt lat="47.51997" lon="10.26785"/>
            <trkpt lat="47.51998" lon="10.2679"/>
            <trkpt lat="47.52" lon="10.26794"/>
            <trkpt lat="47.52002" lon="10.26798"/>
            <trkpt lat="47.52005" lon="10.268"/>
            <trkpt lat="47.52008" lon="10.26802"/>
            <trkpt lat="47.52013" lon="10.26802"/>
            <trkpt lat="47.52017" lon="10.26801"/>
            <trkpt lat="47.52025" lon="10.2684"/>
            <trkpt lat="47.52025" lon="10.26845"/>
            <trkpt lat="47.52027" lon="10.26861"/>
            <trkpt lat="47.52028" lon="10.26898"/>
            <trkpt lat="47.52028" lon="10.26902"/>
            <trkpt lat="47.52029" lon="10.26914"/>
            <trkpt lat="47.52028" lon="10.26925"/>
            <trkpt lat="47.52029" lon="10.26945"/>
            <trkpt lat="47.52031" lon="10.27011"/>
            <trkpt lat="47.52033" lon="10.27073"/>
            <trkpt lat="47.52034" lon="10.27097"/>
            <trkpt lat="47.52034" lon="10.27104"/>
            <trkpt lat="47.52034" lon="10.27125"/>
            <trkpt lat="47.52034" lon="10.27137"/>
            <trkpt lat="47.52035" lon="10.27166"/>
            <trkpt lat="47.52036" lon="10.27188"/>
            <trkpt lat="47.52035" lon="10.27197"/>
            <trkpt lat="47.52036" lon="10.27229"/>
            <trkpt lat="47.52037" lon="10.27267"/>
            <trkpt lat="47.52041" lon="10.27433"/>
            <trkpt lat="47.52039" lon="10.27438"/>
            <trkpt lat="47.52042" lon="10.27548"/>
            <trkpt lat="47.52042" lon="10.27578"/>
            <trkpt lat="47.52043" lon="10.27629"/>
            <trkpt lat="47.52044" lon="10.27634"/>
            <trkpt lat="47.52042" lon="10.27688"/>
            <trkpt lat="47.52039" lon="10.27737"/>
            <trkpt lat="47.52031" lon="10.27802"/>
            <trkpt lat="47.5202" lon="10.27875"/>
            <trkpt lat="47.52009" lon="10.27932"/>
            <trkpt lat="47.52001" lon="10.2798"/>
            <trkpt lat="47.51992" lon="10.28021"/>
            <trkpt lat="47.51984" lon="10.28058"/>
            <trkpt lat="47.51967" lon="10.28129"/>
            <trkpt lat="47.51957" lon="10.28176"/>
            <trkpt lat="47.51948" lon="10.28221"/>
            <trkpt lat="47.51946" lon="10.28228"/>
            <trkpt lat="47.51934" lon="10.28292"/>
            <trkpt lat="47.51927" lon="10.28305"/>
            <trkpt lat="47.51924" lon="10.2832"/>
            <trkpt lat="47.51915" lon="10.28364"/>
            <trkpt lat="47.51916" lon="10.28378"/>
            <trkpt lat="47.51897" lon="10.2847"/>
            <trkpt lat="47.51885" lon="10.28513"/>
            <trkpt lat="47.51871" lon="10.28549"/>
            <trkpt lat="47.51861" lon="10.28572"/>
            <trkpt lat="47.51852" lon="10.28592"/>
            <trkpt lat="47.51833" lon="10.28625"/>
            <trkpt lat="47.51796" lon="10.28676"/>
            <trkpt lat="47.51786" lon="10.28683"/>
            <trkpt lat="47.5175" lon="10.28727"/>
            <trkpt lat="47.51744" lon="10.28739"/>
            <trkpt lat="47.51708" lon="10.28784"/>
            <trkpt lat="47.51623" lon="10.2888"/>
            <trkpt lat="47.51557" lon="10.28959"/>
            <trkpt lat="47.51539" lon="10.2898"/>
            <trkpt lat="47.51482" lon="10.29048"/>
            <trkpt lat="47.51443" lon="10.29092"/>
            <trkpt lat="47.51416" lon="10.29118"/>
            <trkpt lat="47.51407" lon="10.29126"/>
            <trkpt lat="47.51217" lon="10.29273"/>
            <trkpt lat="47.51201" lon="10.29288"/>
            <trkpt lat="47.51177" lon="10.29307"/>
            <trkpt lat="47.51145" lon="10.29334"/>
            <trkpt lat="47.51143" lon="10.29337"/>
            <trkpt lat="47.51117" lon="10.29369"/>
            <trkpt lat="47.51096" lon="10.29401"/>
            <trkpt lat="47.51085" lon="10.29418"/>
            <trkpt lat="47.51071" lon="10.29444"/>
            <trkpt lat="47.51059" lon="10.29469"/>
            <trkpt lat="47.51041" lon="10.29516"/>
            <trkpt lat="47.51027" lon="10.29568"/>
            <trkpt lat="47.51019" lon="10.29608"/>
            <trkpt lat="47.51012" lon="10.29662"/>
            <trkpt lat="47.51006" lon="10.29728"/>
            <trkpt lat="47.51" lon="10.29785"/>
            <trkpt lat="47.50993" lon="10.29838"/>
            <trkpt lat="47.50984" lon="10.29881"/>
            <trkpt lat="47.50953" lon="10.30011"/>
            <trkpt lat="47.50913" lon="10.30193"/>
            <trkpt lat="47.50895" lon="10.30276"/>
            <trkpt lat="47.50878" lon="10.30354"/>
            <trkpt lat="47.50867" lon="10.3041"/>
            <trkpt lat="47.50842" lon="10.30518"/>
            <trkpt lat="47.50837" lon="10.30541"/>
            <trkpt lat="47.50782" lon="10.30782"/>
            <trkpt lat="47.50761" lon="10.30861"/>
            <trkpt lat="47.50742" lon="10.30924"/>
            <trkpt lat="47.50721" lon="10.30985"/>
            <trkpt lat="47.50698" lon="10.31039"/>
            <trkpt lat="47.50667" lon="10.31107"/>
            <trkpt lat="47.50643" lon="10.31156"/>
            <trkpt lat="47.50636" lon="10.31169"/>
            <trkpt lat="47.50607" lon="10.31235"/>
            <trkpt lat="47.50594" lon="10.3127"/>
            <trkpt lat="47.50582" lon="10.31304"/>
            <trkpt lat="47.50565" lon="10.31363"/>
            <trkpt lat="47.50548" lon="10.31441"/>
            <trkpt lat="47.50541" lon="10.31481"/>
            <trkpt lat="47.50535" lon="10.31522"/>
            <trkpt lat="47.50529" lon="10.31578"/>
            <trkpt lat="47.50518" lon="10.3169"/>
            <trkpt lat="47.50498" lon="10.31853"/>
            <trkpt lat="47.50488" lon="10.31923"/>
            <trkpt lat="47.5046" lon="10.32113"/>
            <trkpt lat="47.50456" lon="10.32165"/>
            <trkpt lat="47.50451" lon="10.32201"/>
            <trkpt lat="47.50449" lon="10.32214"/>
            <trkpt lat="47.50431" lon="10.32354"/>
            <trkpt lat="47.50422" lon="10.32432"/>
            <trkpt lat="47.50419" lon="10.32476"/>
            <trkpt lat="47.50416" lon="10.32549"/>
            <trkpt lat="47.50416" lon="10.32615"/>
            <trkpt lat="47.50417" lon="10.32639"/>
            <trkpt lat="47.50419" lon="10.32666"/>
            <trkpt lat="47.50424" lon="10.32715"/>
            <trkpt lat="47.50427" lon="10.3274"/>
            <trkpt lat="47.50429" lon="10.32764"/>
            <trkpt lat="47.50436" lon="10.32804"/>
            <trkpt lat="47.50445" lon="10.32846"/>
            <trkpt lat="47.50456" lon="10.32888"/>
            <trkpt lat="47.50463" lon="10.32915"/>
            <trkpt lat="47.5047" lon="10.32968"/>
            <trkpt lat="47.50475" lon="10.33029"/>
            <trkpt lat="47.50476" lon="10.33068"/>
            <trkpt lat="47.50475" lon="10.33128"/>
            <trkpt lat="47.50473" lon="10.3315"/>
            <trkpt lat="47.50472" lon="10.33166"/>
            <trkpt lat="47.50453" lon="10.33307"/>
            <trkpt lat="47.50435" lon="10.33453"/>
            <trkpt lat="47.50404" lon="10.33647"/>
            <trkpt lat="47.50391" lon="10.33715"/>
            <trkpt lat="47.50369" lon="10.33847"/>
            <trkpt lat="47.50351" lon="10.33949"/>
            <trkpt lat="47.5034" lon="10.34022"/>
            <trkpt lat="47.50325" lon="10.34138"/>
            <trkpt lat="47.5032" lon="10.34188"/>
            <trkpt lat="47.50314" lon="10.34267"/>
            <trkpt lat="47.50309" lon="10.34339"/>
            <trkpt lat="47.50308" lon="10.34356"/>
            <trkpt lat="47.50304" lon="10.34435"/>
            <trkpt lat="47.50305" lon="10.34495"/>
            <trkpt lat="47.50304" lon="10.34559"/>
            <trkpt lat="47.50301" lon="10.34759"/>
            <trkpt lat="47.503" lon="10.34845"/>
            <trkpt lat="47.50301" lon="10.34912"/>
            <trkpt lat="47.50301" lon="10.34914"/>
            <trkpt lat="47.50303" lon="10.35011"/>
            <trkpt lat="47.50305" lon="10.35068"/>
            <trkpt lat="47.50306" lon="10.35097"/>
            <trkpt lat="47.50307" lon="10.35119"/>
            <trkpt lat="47.50308" lon="10.35139"/>
            <trkpt lat="47.50312" lon="10.35202"/>
            <trkpt lat="47.50329" lon="10.35422"/>
            <trkpt lat="47.50346" lon="10.35603"/>
            <trkpt lat="47.50365" lon="10.3577"/>
            <trkpt lat="47.50376" lon="10.35869"/>
            <trkpt lat="47.50382" lon="10.35912"/>
            <trkpt lat="47.50384" lon="10.35933"/>
            <trkpt lat="47.50388" lon="10.35967"/>
            <trkpt lat="47.50386" lon="10.35968"/>
            <trkpt lat="47.50384" lon="10.35969"/>
            <trkpt lat="47.50382" lon="10.3597"/>
            <trkpt lat="47.5038" lon="10.35972"/>
            <trkpt lat="47.50379" lon="10.35973"/>
            <trkpt lat="47.50377" lon="10.35976"/>
            <trkpt lat="47.50376" lon="10.3598"/>
            <trkpt lat="47.50375" lon="10.35983"/>
            <trkpt lat="47.50374" lon="10.35987"/>
            <trkpt lat="47.50374" lon="10.3599"/>
            <trkpt lat="47.50375" lon="10.35994"/>
            <trkpt lat="47.50376" lon="10.36"/>
            <trkpt lat="47.50377" lon="10.36002"/>
            <trkpt lat="47.50378" lon="10.36004"/>
            <trkpt lat="47.50379" lon="10.36006"/>
            <trkpt lat="47.50381" lon="10.36008"/>
            <trkpt lat="47.50383" lon="10.36009"/>
            <trkpt lat="47.50385" lon="10.36011"/>
            <trkpt lat="47.50388" lon="10.36012"/>
            <trkpt lat="47.5039" lon="10.36012"/>
            <trkpt lat="47.50392" lon="10.36012"/>
            <trkpt lat="47.50394" lon="10.36011"/>
            <trkpt lat="47.50396" lon="10.3601"/>
            <trkpt lat="47.50398" lon="10.36008"/>
            <trkpt lat="47.504" lon="10.36006"/>
            <trkpt lat="47.50401" lon="10.36004"/>
            <trkpt lat="47.50402" lon="10.36002"/>
            <trkpt lat="47.50403" lon="10.35999"/>
            <trkpt lat="47.50409" lon="10.36007"/>
            <trkpt lat="47.5041" lon="10.3601"/>
            <trkpt lat="47.50411" lon="10.36014"/>
            <trkpt lat="47.50412" lon="10.36019"/>
            <trkpt lat="47.50415" lon="10.36059"/>
            <trkpt lat="47.50416" lon="10.36067"/>
            <trkpt lat="47.50422" lon="10.36124"/>
            <trkpt lat="47.50428" lon="10.36159"/>
            <trkpt lat="47.50435" lon="10.36208"/>
            <trkpt lat="47.50437" lon="10.36214"/>
            <trkpt lat="47.50439" lon="10.36223"/>
            <trkpt lat="47.50446" lon="10.36248"/>
            <trkpt lat="47.50449" lon="10.36256"/>
            <trkpt lat="47.50463" lon="10.36293"/>
            <trkpt lat="47.50467" lon="10.36304"/>
            <trkpt lat="47.50481" lon="10.3635"/>
            <trkpt lat="47.50487" lon="10.36371"/>
            <trkpt lat="47.50488" lon="10.36376"/>
            <trkpt lat="47.50499" lon="10.36413"/>
            <trkpt lat="47.5051" lon="10.36471"/>
            <trkpt lat="47.50514" lon="10.36527"/>
            <trkpt lat="47.50526" lon="10.36604"/>
            <trkpt lat="47.50533" lon="10.36641"/>
            <trkpt lat="47.50546" lon="10.36679"/>
            <trkpt lat="47.50578" lon="10.36724"/>
            <trkpt lat="47.50587" lon="10.3674"/>
            <trkpt lat="47.50593" lon="10.36755"/>
            <trkpt lat="47.50598" lon="10.36764"/>
            <trkpt lat="47.50612" lon="10.36819"/>
            <trkpt lat="47.50618" lon="10.36854"/>
            <trkpt lat="47.50616" lon="10.36897"/>
            <trkpt lat="47.50614" lon="10.36966"/>
            <trkpt lat="47.50617" lon="10.37033"/>
            <trkpt lat="47.50619" lon="10.37065"/>
            <trkpt lat="47.5062" lon="10.37067"/>
            <trkpt lat="47.50621" lon="10.3707"/>
            <trkpt lat="47.50623" lon="10.37075"/>
            <trkpt lat="47.50627" lon="10.37078"/>
            <trkpt lat="47.50634" lon="10.37083"/>
            <trkpt lat="47.5064" lon="10.37086"/>
            <trkpt lat="47.50644" lon="10.3709"/>
            <trkpt lat="47.50645" lon="10.37092"/>
            <trkpt lat="47.50647" lon="10.37098"/>
            <trkpt lat="47.5065" lon="10.37108"/>
            <trkpt lat="47.50651" lon="10.37109"/>
            <trkpt lat="47.50651" lon="10.3711"/>
            <trkpt lat="47.50658" lon="10.37126"/>
            <trkpt lat="47.50663" lon="10.3714"/>
            <trkpt lat="47.50663" lon="10.37143"/>
            <trkpt lat="47.50664" lon="10.37145"/>
            <trkpt lat="47.50668" lon="10.37144"/>
            <trkpt lat="47.50668" lon="10.37144"/>
            <trkpt lat="47.50664" lon="10.37145"/>
            <trkpt lat="47.50669" lon="10.37166"/>
            <trkpt lat="47.5067" lon="10.37174"/>
            <trkpt lat="47.50676" lon="10.37212"/>
            <trkpt lat="47.50681" lon="10.37239"/>
            <trkpt lat="47.50669" lon="10.37245"/>
            <trkpt lat="47.50663" lon="10.37248"/>
            <trkpt lat="47.50651" lon="10.37252"/>
            <trkpt lat="47.50649" lon="10.37253"/>
            <trkpt lat="47.50634" lon="10.37262"/>
            <trkpt lat="47.50636" lon="10.37268"/>
            <trkpt lat="47.50636" lon="10.37271"/>
            <trkpt lat="47.50636" lon="10.37273"/>
            <trkpt lat="47.50636" lon="10.37275"/>
            <trkpt lat="47.50636" lon="10.37277"/>
            <trkpt lat="47.50635" lon="10.37279"/>
            <trkpt lat="47.50626" lon="10.37296"/>
            <trkpt lat="47.50622" lon="10.37301"/>
            <trkpt lat="47.50617" lon="10.37307"/>
            <trkpt lat="47.50612" lon="10.37311"/>
            <trkpt lat="47.50607" lon="10.37312"/>
            <trkpt lat="47.50593" lon="10.37312"/>
            <trkpt lat="47.50583" lon="10.37313"/>
            <trkpt lat="47.5054" lon="10.37313"/>
            <trkpt lat="47.5053" lon="10.37313"/>
            <trkpt lat="47.50499" lon="10.37315"/>
            <trkpt lat="47.50507" lon="10.37338"/>
            <trkpt lat="47.50524" lon="10.37397"/>
            <trkpt lat="47.50551" lon="10.37487"/>
            <trkpt lat="47.50557" lon="10.37509"/>
            <trkpt lat="47.50569" lon="10.37548"/>
            <trkpt lat="47.50587" lon="10.37609"/>
            <trkpt lat="47.50622" lon="10.37726"/>
            <trkpt lat="47.50639" lon="10.37792"/>
            <trkpt lat="47.5066" lon="10.37865"/>
            <trkpt lat="47.50677" lon="10.37922"/>
            <trkpt lat="47.50699" lon="10.38"/>
            <trkpt lat="47.50706" lon="10.38031"/>
            <trkpt lat="47.5071" lon="10.38051"/>
            <trkpt lat="47.5073" lon="10.38139"/>
            <trkpt lat="47.5074" lon="10.38171"/>
            <trkpt lat="47.50757" lon="10.38223"/>
            <trkpt lat="47.5076" lon="10.38231"/>
            <trkpt lat="47.50762" lon="10.38247"/>
            <trkpt lat="47.50762" lon="10.38251"/>
            <trkpt lat="47.50762" lon="10.38256"/>
            <trkpt lat="47.50761" lon="10.38261"/>
            <trkpt lat="47.50759" lon="10.38268"/>
            <trkpt lat="47.50758" lon="10.3827"/>
            <trkpt lat="47.50758" lon="10.38272"/>
            <trkpt lat="47.50755" lon="10.38276"/>
            <trkpt lat="47.50751" lon="10.38281"/>
            <trkpt lat="47.50747" lon="10.38284"/>
            <trkpt lat="47.5074" lon="10.38287"/>
            <trkpt lat="47.50736" lon="10.38289"/>
            <trkpt lat="47.50732" lon="10.38289"/>
            <trkpt lat="47.50722" lon="10.38287"/>
            <trkpt lat="47.50707" lon="10.38283"/>
            <trkpt lat="47.50701" lon="10.38282"/>
            <trkpt lat="47.50697" lon="10.38283"/>
            <trkpt lat="47.50694" lon="10.38284"/>
            <trkpt lat="47.50692" lon="10.38285"/>
            <trkpt lat="47.50691" lon="10.38286"/>
            <trkpt lat="47.50687" lon="10.38289"/>
            <trkpt lat="47.5068" lon="10.38299"/>
            <trkpt lat="47.50677" lon="10.38306"/>
            <trkpt lat="47.50663" lon="10.38354"/>
            <trkpt lat="47.50657" lon="10.3839"/>
            <trkpt lat="47.50655" lon="10.38411"/>
            <trkpt lat="47.50654" lon="10.38417"/>
            <trkpt lat="47.5065" lon="10.38442"/>
            <trkpt lat="47.5064" lon="10.38487"/>
            <trkpt lat="47.50632" lon="10.38532"/>
            <trkpt lat="47.5062" lon="10.38581"/>
            <trkpt lat="47.50619" lon="10.3859"/>
            <trkpt lat="47.5062" lon="10.38619"/>
            <trkpt lat="47.5062" lon="10.3863"/>
            <trkpt lat="47.50619" lon="10.38638"/>
            <trkpt lat="47.50617" lon="10.38643"/>
            <trkpt lat="47.50613" lon="10.3865"/>
            <trkpt lat="47.50606" lon="10.38658"/>
            <trkpt lat="47.50599" lon="10.38664"/>
            <trkpt lat="47.50591" lon="10.38668"/>
            <trkpt lat="47.50586" lon="10.38671"/>
            <trkpt lat="47.5058" lon="10.38678"/>
            <trkpt lat="47.50577" lon="10.38688"/>
            <trkpt lat="47.50575" lon="10.38701"/>
            <trkpt lat="47.50576" lon="10.38725"/>
            <trkpt lat="47.50581" lon="10.3879"/>
            <trkpt lat="47.50584" lon="10.38806"/>
            <trkpt lat="47.5061" lon="10.38863"/>
            <trkpt lat="47.50626" lon="10.38897"/>
            <trkpt lat="47.50629" lon="10.3891"/>
            <trkpt lat="47.50629" lon="10.38927"/>
            <trkpt lat="47.50629" lon="10.38936"/>
            <trkpt lat="47.50626" lon="10.38993"/>
            <trkpt lat="47.50627" lon="10.39001"/>
            <trkpt lat="47.50627" lon="10.39006"/>
            <trkpt lat="47.50632" lon="10.3902"/>
            <trkpt lat="47.5065" lon="10.39056"/>
            <trkpt lat="47.50655" lon="10.39063"/>
            <trkpt lat="47.50658" lon="10.39066"/>
            <trkpt lat="47.50664" lon="10.3907"/>
            <trkpt lat="47.50668" lon="10.39071"/>
            <trkpt lat="47.50673" lon="10.3907"/>
            <trkpt lat="47.50675" lon="10.39068"/>
            <trkpt lat="47.5068" lon="10.39063"/>
            <trkpt lat="47.50683" lon="10.39058"/>
            <trkpt lat="47.50684" lon="10.39052"/>
            <trkpt lat="47.50685" lon="10.39044"/>
            <trkpt lat="47.50684" lon="10.39037"/>
            <trkpt lat="47.50683" lon="10.39033"/>
            <trkpt lat="47.50681" lon="10.39029"/>
            <trkpt lat="47.50678" lon="10.39026"/>
            <trkpt lat="47.50674" lon="10.39022"/>
            <trkpt lat="47.50652" lon="10.39009"/>
            <trkpt lat="47.50647" lon="10.39004"/>
            <trkpt lat="47.50644" lon="10.38998"/>
            <trkpt lat="47.50643" lon="10.38991"/>
            <trkpt lat="47.50643" lon="10.38985"/>
            <trkpt lat="47.50645" lon="10.38974"/>
            <trkpt lat="47.50648" lon="10.38967"/>
            <trkpt lat="47.50649" lon="10.38963"/>
            <trkpt lat="47.50653" lon="10.38951"/>
            <trkpt lat="47.50655" lon="10.38943"/>
            <trkpt lat="47.50655" lon="10.38936"/>
            <trkpt lat="47.50654" lon="10.38917"/>
            <trkpt lat="47.50654" lon="10.38909"/>
            <trkpt lat="47.50655" lon="10.38902"/>
            <trkpt lat="47.50659" lon="10.38877"/>
            <trkpt lat="47.5066" lon="10.38869"/>
            <trkpt lat="47.5066" lon="10.38862"/>
            <trkpt lat="47.50659" lon="10.38857"/>
            <trkpt lat="47.50657" lon="10.38847"/>
            <trkpt lat="47.50647" lon="10.38822"/>
            <trkpt lat="47.50644" lon="10.38816"/>
            <trkpt lat="47.50636" lon="10.38797"/>
            <trkpt lat="47.50633" lon="10.38789"/>
            <trkpt lat="47.50632" lon="10.38784"/>
            <trkpt lat="47.50632" lon="10.3878"/>
            <trkpt lat="47.50632" lon="10.38774"/>
            <trkpt lat="47.50633" lon="10.3877"/>
            <trkpt lat="47.50635" lon="10.38766"/>
            <trkpt lat="47.50637" lon="10.38762"/>
            <trkpt lat="47.5064" lon="10.3876"/>
            <trkpt lat="47.50644" lon="10.38758"/>
            <trkpt lat="47.50647" lon="10.38757"/>
            <trkpt lat="47.50677" lon="10.38759"/>
            <trkpt lat="47.50681" lon="10.3876"/>
            <trkpt lat="47.50683" lon="10.38762"/>
            <trkpt lat="47.50686" lon="10.38766"/>
            <trkpt lat="47.50689" lon="10.38771"/>
            <trkpt lat="47.5069" lon="10.38776"/>
            <trkpt lat="47.50693" lon="10.38811"/>
            <trkpt lat="47.50694" lon="10.38817"/>
            <trkpt lat="47.50697" lon="10.38824"/>
            <trkpt lat="47.507" lon="10.38828"/>
            <trkpt lat="47.50705" lon="10.38836"/>
            <trkpt lat="47.5071" lon="10.38839"/>
            <trkpt lat="47.50717" lon="10.38844"/>
            <trkpt lat="47.50728" lon="10.38846"/>
            <trkpt lat="47.50733" lon="10.38846"/>
            <trkpt lat="47.50738" lon="10.38845"/>
            <trkpt lat="47.50743" lon="10.38843"/>
            <trkpt lat="47.50747" lon="10.3884"/>
            <trkpt lat="47.50751" lon="10.38836"/>
            <trkpt lat="47.50755" lon="10.3883"/>
            <trkpt lat="47.50769" lon="10.38796"/>
            <trkpt lat="47.50792" lon="10.38735"/>
            <trkpt lat="47.50797" lon="10.38728"/>
            <trkpt lat="47.50802" lon="10.38723"/>
            <trkpt lat="47.50805" lon="10.38721"/>
            <trkpt lat="47.50816" lon="10.38714"/>
            <trkpt lat="47.50819" lon="10.38711"/>
            <trkpt lat="47.50825" lon="10.38703"/>
            <trkpt lat="47.50828" lon="10.38698"/>
            <trkpt lat="47.50829" lon="10.38691"/>
            <trkpt lat="47.50831" lon="10.38686"/>
            <trkpt lat="47.50831" lon="10.3868"/>
            <trkpt lat="47.50831" lon="10.38674"/>
            <trkpt lat="47.50828" lon="10.3865"/>
            <trkpt lat="47.50829" lon="10.38643"/>
            <trkpt lat="47.5083" lon="10.38636"/>
            <trkpt lat="47.50831" lon="10.3863"/>
            <trkpt lat="47.50833" lon="10.38626"/>
            <trkpt lat="47.50839" lon="10.38618"/>
            <trkpt lat="47.50845" lon="10.38614"/>
            <trkpt lat="47.50849" lon="10.38612"/>
            <trkpt lat="47.50868" lon="10.38612"/>
            <trkpt lat="47.5088" lon="10.3861"/>
            <trkpt lat="47.50888" lon="10.38605"/>
            <trkpt lat="47.50893" lon="10.386"/>
            <trkpt lat="47.50899" lon="10.38592"/>
            <trkpt lat="47.50903" lon="10.38586"/>
            <trkpt lat="47.50908" lon="10.38573"/>
            <trkpt lat="47.50911" lon="10.38558"/>
            <trkpt lat="47.50917" lon="10.38529"/>
            <trkpt lat="47.50918" lon="10.38525"/>
            <trkpt lat="47.5092" lon="10.38519"/>
            <trkpt lat="47.50923" lon="10.38514"/>
            <trkpt lat="47.50964" lon="10.38454"/>
            <trkpt lat="47.50984" lon="10.38427"/>
            <trkpt lat="47.50987" lon="10.38421"/>
            <trkpt lat="47.50989" lon="10.38418"/>
            <trkpt lat="47.5099" lon="10.38412"/>
            <trkpt lat="47.50992" lon="10.38402"/>
            <trkpt lat="47.50993" lon="10.38392"/>
            <trkpt lat="47.50993" lon="10.38386"/>
            <trkpt lat="47.50988" lon="10.38358"/>
            <trkpt lat="47.50988" lon="10.38347"/>
            <trkpt lat="47.50989" lon="10.38339"/>
            <trkpt lat="47.50992" lon="10.38329"/>
            <trkpt lat="47.50994" lon="10.38325"/>
            <trkpt lat="47.51" lon="10.38314"/>
            <trkpt lat="47.51002" lon="10.38312"/>
            <trkpt lat="47.51006" lon="10.38308"/>
            <trkpt lat="47.5101" lon="10.38305"/>
            <trkpt lat="47.51013" lon="10.38303"/>
            <trkpt lat="47.51019" lon="10.38301"/>
            <trkpt lat="47.51025" lon="10.383"/>
            <trkpt lat="47.51028" lon="10.38301"/>
            <trkpt lat="47.51035" lon="10.38302"/>
            <trkpt lat="47.51041" lon="10.38304"/>
            <trkpt lat="47.51047" lon="10.3831"/>
            <trkpt lat="47.5105" lon="10.38315"/>
            <trkpt lat="47.51054" lon="10.38325"/>
            <trkpt lat="47.51056" lon="10.3833"/>
            <trkpt lat="47.51057" lon="10.38338"/>
            <trkpt lat="47.51057" lon="10.38346"/>
            <trkpt lat="47.51054" lon="10.38355"/>
            <trkpt lat="47.51053" lon="10.38361"/>
            <trkpt lat="47.51049" lon="10.38367"/>
            <trkpt lat="47.51046" lon="10.38372"/>
            <trkpt lat="47.51041" lon="10.38377"/>
            <trkpt lat="47.51035" lon="10.38385"/>
            <trkpt lat="47.51033" lon="10.38389"/>
            <trkpt lat="47.5103" lon="10.384"/>
            <trkpt lat="47.51025" lon="10.3843"/>
            <trkpt lat="47.51023" lon="10.38437"/>
            <trkpt lat="47.51013" lon="10.38463"/>
            <trkpt lat="47.51011" lon="10.38477"/>
            <trkpt lat="47.5101" lon="10.38491"/>
            <trkpt lat="47.51007" lon="10.38508"/>
            <trkpt lat="47.50998" lon="10.38537"/>
            <trkpt lat="47.50993" lon="10.38551"/>
            <trkpt lat="47.50976" lon="10.38601"/>
            <trkpt lat="47.50972" lon="10.38616"/>
            <trkpt lat="47.50972" lon="10.38621"/>
            <trkpt lat="47.50972" lon="10.38629"/>
            <trkpt lat="47.50973" lon="10.38637"/>
            <trkpt lat="47.50974" lon="10.38643"/>
            <trkpt lat="47.50977" lon="10.38652"/>
            <trkpt lat="47.50984" lon="10.38666"/>
            <trkpt lat="47.50995" lon="10.38684"/>
            <trkpt lat="47.51004" lon="10.38707"/>
            <trkpt lat="47.51005" lon="10.38714"/>
            <trkpt lat="47.51006" lon="10.38722"/>
            <trkpt lat="47.51005" lon="10.38731"/>
            <trkpt lat="47.51004" lon="10.38737"/>
            <trkpt lat="47.51002" lon="10.38743"/>
            <trkpt lat="47.51" lon="10.38747"/>
            <trkpt lat="47.50998" lon="10.38753"/>
            <trkpt lat="47.50995" lon="10.38757"/>
            <trkpt lat="47.50987" lon="10.38766"/>
            <trkpt lat="47.50979" lon="10.38773"/>
            <trkpt lat="47.5097" lon="10.38781"/>
            <trkpt lat="47.50965" lon="10.38787"/>
            <trkpt lat="47.50962" lon="10.38792"/>
            <trkpt lat="47.5096" lon="10.38797"/>
            <trkpt lat="47.5096" lon="10.38802"/>
            <trkpt lat="47.50959" lon="10.38813"/>
            <trkpt lat="47.5096" lon="10.38822"/>
            <trkpt lat="47.50961" lon="10.38826"/>
            <trkpt lat="47.50965" lon="10.38833"/>
            <trkpt lat="47.50968" lon="10.38837"/>
            <trkpt lat="47.50971" lon="10.3884"/>
            <trkpt lat="47.50974" lon="10.38842"/>
            <trkpt lat="47.50979" lon="10.38842"/>
            <trkpt lat="47.50982" lon="10.38842"/>
            <trkpt lat="47.50986" lon="10.3884"/>
            <trkpt lat="47.50989" lon="10.38839"/>
            <trkpt lat="47.50992" lon="10.38836"/>
            <trkpt lat="47.50995" lon="10.38831"/>
            <trkpt lat="47.50998" lon="10.38826"/>
            <trkpt lat="47.51" lon="10.3882"/>
            <trkpt lat="47.51006" lon="10.38798"/>
            <trkpt lat="47.51009" lon="10.38792"/>
            <trkpt lat="47.51012" lon="10.38788"/>
            <trkpt lat="47.51014" lon="10.38785"/>
            <trkpt lat="47.51022" lon="10.38778"/>
            <trkpt lat="47.51028" lon="10.38773"/>
            <trkpt lat="47.51031" lon="10.38769"/>
            <trkpt lat="47.51035" lon="10.38764"/>
            <trkpt lat="47.51037" lon="10.38759"/>
            <trkpt lat="47.51039" lon="10.38751"/>
            <trkpt lat="47.51041" lon="10.38742"/>
            <trkpt lat="47.51047" lon="10.38705"/>
            <trkpt lat="47.51048" lon="10.38684"/>
            <trkpt lat="47.5105" lon="10.38667"/>
            <trkpt lat="47.51051" lon="10.38661"/>
            <trkpt lat="47.51052" lon="10.38655"/>
            <trkpt lat="47.51055" lon="10.38649"/>
            <trkpt lat="47.51059" lon="10.3864"/>
            <trkpt lat="47.51074" lon="10.38618"/>
            <trkpt lat="47.51086" lon="10.38585"/>
            <trkpt lat="47.51091" lon="10.38576"/>
            <trkpt lat="47.51094" lon="10.38572"/>
            <trkpt lat="47.51103" lon="10.38565"/>
            <trkpt lat="47.51109" lon="10.38561"/>
            <trkpt lat="47.51142" lon="10.38548"/>
            <trkpt lat="47.51147" lon="10.38545"/>
            <trkpt lat="47.51153" lon="10.3854"/>
            <trkpt lat="47.51154" lon="10.38539"/>
            <trkpt lat="47.51157" lon="10.38535"/>
            <trkpt lat="47.51159" lon="10.38531"/>
            <trkpt lat="47.51163" lon="10.38523"/>
            <trkpt lat="47.51164" lon="10.38516"/>
            <trkpt lat="47.51166" lon="10.38501"/>
            <trkpt lat="47.51168" lon="10.38476"/>
            <trkpt lat="47.51171" lon="10.38462"/>
            <trkpt lat="47.51173" lon="10.38455"/>
            <trkpt lat="47.51176" lon="10.38448"/>
            <trkpt lat="47.51179" lon="10.38444"/>
            <trkpt lat="47.51191" lon="10.38428"/>
            <trkpt lat="47.51195" lon="10.38423"/>
            <trkpt lat="47.51196" lon="10.3842"/>
            <trkpt lat="47.51198" lon="10.38415"/>
            <trkpt lat="47.51204" lon="10.38396"/>
            <trkpt lat="47.51207" lon="10.38389"/>
            <trkpt lat="47.51213" lon="10.38379"/>
            <trkpt lat="47.51217" lon="10.38375"/>
            <trkpt lat="47.51219" lon="10.38374"/>
            <trkpt lat="47.51226" lon="10.38372"/>
            <trkpt lat="47.5123" lon="10.38372"/>
            <trkpt lat="47.51233" lon="10.38373"/>
            <trkpt lat="47.51238" lon="10.38376"/>
            <trkpt lat="47.51241" lon="10.38378"/>
            <trkpt lat="47.51244" lon="10.38382"/>
            <trkpt lat="47.51245" lon="10.38385"/>
            <trkpt lat="47.51247" lon="10.38389"/>
            <trkpt lat="47.51248" lon="10.38398"/>
            <trkpt lat="47.51248" lon="10.38403"/>
            <trkpt lat="47.51248" lon="10.38408"/>
            <trkpt lat="47.51247" lon="10.38415"/>
            <trkpt lat="47.51243" lon="10.38426"/>
            <trkpt lat="47.51238" lon="10.38432"/>
            <trkpt lat="47.51233" lon="10.38435"/>
            <trkpt lat="47.51221" lon="10.38441"/>
            <trkpt lat="47.51215" lon="10.38445"/>
            <trkpt lat="47.51211" lon="10.38449"/>
            <trkpt lat="47.51206" lon="10.38456"/>
            <trkpt lat="47.51204" lon="10.38462"/>
            <trkpt lat="47.51201" lon="10.38469"/>
            <trkpt lat="47.51198" lon="10.38477"/>
            <trkpt lat="47.51196" lon="10.3849"/>
            <trkpt lat="47.51195" lon="10.38498"/>
            <trkpt lat="47.51194" lon="10.38552"/>
            <trkpt lat="47.51193" lon="10.38557"/>
            <trkpt lat="47.51191" lon="10.3857"/>
            <trkpt lat="47.51186" lon="10.38579"/>
            <trkpt lat="47.51184" lon="10.38583"/>
            <trkpt lat="47.51181" lon="10.38586"/>
            <trkpt lat="47.51167" lon="10.38596"/>
            <trkpt lat="47.51161" lon="10.38601"/>
            <trkpt lat="47.51157" lon="10.38604"/>
            <trkpt lat="47.51152" lon="10.3861"/>
            <trkpt lat="47.51148" lon="10.38618"/>
            <trkpt lat="47.51142" lon="10.38629"/>
            <trkpt lat="47.51139" lon="10.38637"/>
            <trkpt lat="47.51137" lon="10.38647"/>
            <trkpt lat="47.51136" lon="10.38654"/>
            <trkpt lat="47.51137" lon="10.38685"/>
            <trkpt lat="47.51136" lon="10.38691"/>
            <trkpt lat="47.51135" lon="10.38698"/>
            <trkpt lat="47.51135" lon="10.38701"/>
            <trkpt lat="47.51131" lon="10.38712"/>
            <trkpt lat="47.51119" lon="10.38735"/>
            <trkpt lat="47.51116" lon="10.38747"/>
            <trkpt lat="47.51116" lon="10.38751"/>
            <trkpt lat="47.51116" lon="10.38755"/>
            <trkpt lat="47.51116" lon="10.38763"/>
            <trkpt lat="47.51118" lon="10.38769"/>
            <trkpt lat="47.51121" lon="10.38774"/>
            <trkpt lat="47.51125" lon="10.3878"/>
            <trkpt lat="47.51127" lon="10.38781"/>
            <trkpt lat="47.51131" lon="10.38783"/>
            <trkpt lat="47.5114" lon="10.38784"/>
            <trkpt lat="47.51144" lon="10.38783"/>
            <trkpt lat="47.51148" lon="10.38781"/>
            <trkpt lat="47.51151" lon="10.38777"/>
            <trkpt lat="47.51154" lon="10.38774"/>
            <trkpt lat="47.51157" lon="10.38767"/>
            <trkpt lat="47.51159" lon="10.38758"/>
            <trkpt lat="47.51164" lon="10.38695"/>
            <trkpt lat="47.51166" lon="10.38678"/>
            <trkpt lat="47.51167" lon="10.38674"/>
            <trkpt lat="47.5117" lon="10.38665"/>
            <trkpt lat="47.51182" lon="10.38649"/>
            <trkpt lat="47.51196" lon="10.38631"/>
            <trkpt lat="47.51201" lon="10.38627"/>
            <trkpt lat="47.51205" lon="10.38625"/>
            <trkpt lat="47.51208" lon="10.38623"/>
            <trkpt lat="47.51213" lon="10.38623"/>
            <trkpt lat="47.51217" lon="10.38625"/>
            <trkpt lat="47.51219" lon="10.38626"/>
            <trkpt lat="47.51222" lon="10.38628"/>
            <trkpt lat="47.51224" lon="10.3863"/>
            <trkpt lat="47.51227" lon="10.38634"/>
            <trkpt lat="47.51228" lon="10.38637"/>
            <trkpt lat="47.51231" lon="10.38646"/>
            <trkpt lat="47.51232" lon="10.38652"/>
            <trkpt lat="47.51232" lon="10.38655"/>
            <trkpt lat="47.51231" lon="10.38665"/>
            <trkpt lat="47.51231" lon="10.38669"/>
            <trkpt lat="47.5123" lon="10.38672"/>
            <trkpt lat="47.51227" lon="10.38677"/>
            <trkpt lat="47.51224" lon="10.3868"/>
            <trkpt lat="47.51214" lon="10.38689"/>
            <trkpt lat="47.51205" lon="10.38695"/>
            <trkpt lat="47.51202" lon="10.38698"/>
            <trkpt lat="47.51201" lon="10.38698"/>
            <trkpt lat="47.51195" lon="10.38707"/>
            <trkpt lat="47.51193" lon="10.38711"/>
            <trkpt lat="47.5119" lon="10.38721"/>
            <trkpt lat="47.51188" lon="10.38735"/>
            <trkpt lat="47.51188" lon="10.38762"/>
            <trkpt lat="47.5119" lon="10.38785"/>
            <trkpt lat="47.5119" lon="10.38806"/>
            <trkpt lat="47.5119" lon="10.38816"/>
            <trkpt lat="47.5119" lon="10.38822"/>
            <trkpt lat="47.51186" lon="10.38847"/>
            <trkpt lat="47.51185" lon="10.38853"/>
            <trkpt lat="47.51182" lon="10.38864"/>
            <trkpt lat="47.51176" lon="10.38883"/>
            <trkpt lat="47.51167" lon="10.38905"/>
            <trkpt lat="47.51149" lon="10.38939"/>
            <trkpt lat="47.51137" lon="10.38955"/>
            <trkpt lat="47.51122" lon="10.38968"/>
            <trkpt lat="47.51108" lon="10.38975"/>
            <trkpt lat="47.51103" lon="10.38977"/>
            <trkpt lat="47.51092" lon="10.3898"/>
            <trkpt lat="47.51071" lon="10.38985"/>
            <trkpt lat="47.51064" lon="10.38988"/>
            <trkpt lat="47.51059" lon="10.38992"/>
            <trkpt lat="47.51051" lon="10.39001"/>
            <trkpt lat="47.51012" lon="10.39059"/>
            <trkpt lat="47.51008" lon="10.39068"/>
            <trkpt lat="47.51002" lon="10.39082"/>
            <trkpt lat="47.51" lon="10.39094"/>
            <trkpt lat="47.50998" lon="10.39105"/>
            <trkpt lat="47.50997" lon="10.39116"/>
            <trkpt lat="47.50997" lon="10.39127"/>
            <trkpt lat="47.50999" lon="10.39144"/>
            <trkpt lat="47.51006" lon="10.39175"/>
            <trkpt lat="47.51012" lon="10.3919"/>
            <trkpt lat="47.51021" lon="10.39207"/>
            <trkpt lat="47.51025" lon="10.39212"/>
            <trkpt lat="47.51033" lon="10.3922"/>
            <trkpt lat="47.51049" lon="10.39229"/>
            <trkpt lat="47.51088" lon="10.39244"/>
            <trkpt lat="47.51093" lon="10.39247"/>
            <trkpt lat="47.51097" lon="10.39251"/>
            <trkpt lat="47.511" lon="10.39257"/>
            <trkpt lat="47.51101" lon="10.39262"/>
            <trkpt lat="47.51102" lon="10.39268"/>
            <trkpt lat="47.51103" lon="10.39275"/>
            <trkpt lat="47.51101" lon="10.39287"/>
            <trkpt lat="47.51098" lon="10.39293"/>
            <trkpt lat="47.51092" lon="10.39303"/>
            <trkpt lat="47.5109" lon="10.39307"/>
            <trkpt lat="47.51078" lon="10.3933"/>
            <trkpt lat="47.51073" lon="10.39346"/>
            <trkpt lat="47.51072" lon="10.39351"/>
            <trkpt lat="47.51071" lon="10.39364"/>
            <trkpt lat="47.5107" lon="10.39387"/>
            <trkpt lat="47.51071" lon="10.39394"/>
            <trkpt lat="47.51074" lon="10.3942"/>
            <trkpt lat="47.51077" lon="10.39429"/>
            <trkpt lat="47.51081" lon="10.39437"/>
            <trkpt lat="47.51084" lon="10.3944"/>
            <trkpt lat="47.51086" lon="10.39442"/>
            <trkpt lat="47.51088" lon="10.39443"/>
            <trkpt lat="47.51093" lon="10.39443"/>
            <trkpt lat="47.51097" lon="10.39441"/>
            <trkpt lat="47.51102" lon="10.39437"/>
            <trkpt lat="47.51105" lon="10.39433"/>
            <trkpt lat="47.51107" lon="10.39428"/>
            <trkpt lat="47.51107" lon="10.39421"/>
            <trkpt lat="47.51107" lon="10.39414"/>
            <trkpt lat="47.51105" lon="10.39409"/>
            <trkpt lat="47.51104" lon="10.39406"/>
            <trkpt lat="47.51094" lon="10.39387"/>
            <trkpt lat="47.5109" lon="10.39377"/>
            <trkpt lat="47.51089" lon="10.39369"/>
            <trkpt lat="47.51088" lon="10.39363"/>
            <trkpt lat="47.51089" lon="10.39356"/>
            <trkpt lat="47.5109" lon="10.39351"/>
            <trkpt lat="47.51093" lon="10.39345"/>
            <trkpt lat="47.51106" lon="10.39326"/>
            <trkpt lat="47.51114" lon="10.39317"/>
            <trkpt lat="47.51122" lon="10.39307"/>
            <trkpt lat="47.51122" lon="10.39305"/>
            <trkpt lat="47.51128" lon="10.39292"/>
            <trkpt lat="47.5113" lon="10.39283"/>
            <trkpt lat="47.51131" lon="10.39275"/>
            <trkpt lat="47.5113" lon="10.39263"/>
            <trkpt lat="47.51127" lon="10.3925"/>
            <trkpt lat="47.51122" lon="10.3924"/>
            <trkpt lat="47.51111" lon="10.39225"/>
            <trkpt lat="47.51107" lon="10.3922"/>
            <trkpt lat="47.5108" lon="10.39189"/>
            <trkpt lat="47.51073" lon="10.39179"/>
            <trkpt lat="47.51065" lon="10.39163"/>
            <trkpt lat="47.51057" lon="10.39144"/>
            <trkpt lat="47.51055" lon="10.39135"/>
            <trkpt lat="47.51053" lon="10.39125"/>
            <trkpt lat="47.51053" lon="10.39113"/>
            <trkpt lat="47.51054" lon="10.39106"/>
            <trkpt lat="47.51056" lon="10.39098"/>
            <trkpt lat="47.51058" lon="10.39094"/>
            <trkpt lat="47.51061" lon="10.3909"/>
            <trkpt lat="47.51064" lon="10.39088"/>
            <trkpt lat="47.51067" lon="10.39085"/>
            <trkpt lat="47.51072" lon="10.39084"/>
            <trkpt lat="47.51076" lon="10.39083"/>
            <trkpt lat="47.5108" lon="10.39084"/>
            <trkpt lat="47.51085" lon="10.39088"/>
            <trkpt lat="47.51089" lon="10.39092"/>
            <trkpt lat="47.51092" lon="10.39097"/>
            <trkpt lat="47.51099" lon="10.39114"/>
            <trkpt lat="47.51104" lon="10.39125"/>
            <trkpt lat="47.51105" lon="10.39127"/>
            <trkpt lat="47.51109" lon="10.39133"/>
            <trkpt lat="47.51116" lon="10.39141"/>
            <trkpt lat="47.51123" lon="10.39146"/>
            <trkpt lat="47.51128" lon="10.39149"/>
            <trkpt lat="47.5114" lon="10.39157"/>
            <trkpt lat="47.51156" lon="10.3917"/>
            <trkpt lat="47.51162" lon="10.39177"/>
            <trkpt lat="47.51178" lon="10.392"/>
            <trkpt lat="47.51186" lon="10.39213"/>
            <trkpt lat="47.51199" lon="10.39238"/>
            <trkpt lat="47.51206" lon="10.39256"/>
            <trkpt lat="47.51208" lon="10.39264"/>
            <trkpt lat="47.51211" lon="10.39279"/>
            <trkpt lat="47.51212" lon="10.39289"/>
            <trkpt lat="47.51213" lon="10.39299"/>
            <trkpt lat="47.51213" lon="10.39307"/>
            <trkpt lat="47.51213" lon="10.39315"/>
            <trkpt lat="47.51212" lon="10.39327"/>
            <trkpt lat="47.51206" lon="10.39377"/>
            <trkpt lat="47.51206" lon="10.39404"/>
            <trkpt lat="47.51211" lon="10.39448"/>
            <trkpt lat="47.51215" lon="10.39467"/>
            <trkpt lat="47.51217" lon="10.39476"/>
            <trkpt lat="47.51226" lon="10.39496"/>
            <trkpt lat="47.51284" lon="10.39582"/>
            <trkpt lat="47.51309" lon="10.39615"/>
            <trkpt lat="47.51333" lon="10.39642"/>
            <trkpt lat="47.51335" lon="10.39646"/>
            <trkpt lat="47.51343" lon="10.39657"/>
            <trkpt lat="47.51344" lon="10.39659"/>
            <trkpt lat="47.51349" lon="10.3967"/>
            <trkpt lat="47.51351" lon="10.39675"/>
            <trkpt lat="47.51356" lon="10.39697"/>
            <trkpt lat="47.51359" lon="10.39722"/>
            <trkpt lat="47.51366" lon="10.39814"/>
            <trkpt lat="47.5137" lon="10.39841"/>
            <trkpt lat="47.51377" lon="10.39882"/>
            <trkpt lat="47.51394" lon="10.39937"/>
            <trkpt lat="47.51404" lon="10.39969"/>
            <trkpt lat="47.51416" lon="10.4001"/>
            <trkpt lat="47.51418" lon="10.40016"/>
            <trkpt lat="47.5142" lon="10.40022"/>
            <trkpt lat="47.51423" lon="10.40033"/>
            <trkpt lat="47.51425" lon="10.40039"/>
            <trkpt lat="47.51434" lon="10.4007"/>
            <trkpt lat="47.5145" lon="10.40117"/>
            <trkpt lat="47.51461" lon="10.40148"/>
            <trkpt lat="47.51477" lon="10.40209"/>
            <trkpt lat="47.51481" lon="10.4022"/>
            <trkpt lat="47.515" lon="10.4027"/>
            <trkpt lat="47.51511" lon="10.40307"/>
            <trkpt lat="47.51518" lon="10.4034"/>
            <trkpt lat="47.51519" lon="10.40349"/>
            <trkpt lat="47.51528" lon="10.40408"/>
            <trkpt lat="47.51534" lon="10.40436"/>
            <trkpt lat="47.51538" lon="10.40448"/>
            <trkpt lat="47.51544" lon="10.40465"/>
            <trkpt lat="47.51554" lon="10.40489"/>
            <trkpt lat="47.51571" lon="10.40529"/>
            <trkpt lat="47.51596" lon="10.40588"/>
            <trkpt lat="47.51634" lon="10.40677"/>
            <trkpt lat="47.5166" lon="10.40726"/>
            <trkpt lat="47.51691" lon="10.40777"/>
            <trkpt lat="47.51699" lon="10.40788"/>
            <trkpt lat="47.51722" lon="10.40823"/>
            <trkpt lat="47.51718" lon="10.40829"/>
            <trkpt lat="47.51717" lon="10.40833"/>
            <trkpt lat="47.51716" lon="10.40843"/>
            <trkpt lat="47.51717" lon="10.40848"/>
            <trkpt lat="47.51718" lon="10.40854"/>
            <trkpt lat="47.51719" lon="10.40856"/>
            <trkpt lat="47.5172" lon="10.4086"/>
            <trkpt lat="47.51702" lon="10.40885"/>
            <trkpt lat="47.51686" lon="10.40906"/>
            <trkpt lat="47.5167" lon="10.40922"/>
            <trkpt lat="47.51641" lon="10.40954"/>
            <trkpt lat="47.51632" lon="10.40963"/>
            <trkpt lat="47.51608" lon="10.40989"/>
            <trkpt lat="47.51587" lon="10.41015"/>
            <trkpt lat="47.51568" lon="10.41046"/>
            <trkpt lat="47.51559" lon="10.41061"/>
            <trkpt lat="47.51545" lon="10.4109"/>
            <trkpt lat="47.51538" lon="10.4111"/>
            <trkpt lat="47.51528" lon="10.41142"/>
            <trkpt lat="47.51523" lon="10.41162"/>
            <trkpt lat="47.51518" lon="10.41193"/>
            <trkpt lat="47.51516" lon="10.41213"/>
            <trkpt lat="47.51515" lon="10.41242"/>
            <trkpt lat="47.51515" lon="10.41252"/>
            <trkpt lat="47.51516" lon="10.41284"/>
            <trkpt lat="47.51518" lon="10.41302"/>
            <trkpt lat="47.51522" lon="10.41327"/>
            <trkpt lat="47.51531" lon="10.41361"/>
            <trkpt lat="47.51542" lon="10.41396"/>
            <trkpt lat="47.51567" lon="10.41457"/>
            <trkpt lat="47.51583" lon="10.41504"/>
            <trkpt lat="47.51587" lon="10.41517"/>
            <trkpt lat="47.51594" lon="10.41541"/>
            <trkpt lat="47.51604" lon="10.41585"/>
            <trkpt lat="47.51615" lon="10.41644"/>
            <trkpt lat="47.51618" lon="10.41674"/>
            <trkpt lat="47.51628" lon="10.41741"/>
            <trkpt lat="47.51634" lon="10.41775"/>
            <trkpt lat="47.51638" lon="10.41794"/>
            <trkpt lat="47.51641" lon="10.41805"/>
            <trkpt lat="47.51645" lon="10.41817"/>
            <trkpt lat="47.51663" lon="10.41869"/>
            <trkpt lat="47.51682" lon="10.41918"/>
            <trkpt lat="47.51699" lon="10.41957"/>
            <trkpt lat="47.51719" lon="10.41996"/>
            <trkpt lat="47.5172" lon="10.41998"/>
            <trkpt lat="47.51732" lon="10.42018"/>
            <trkpt lat="47.51752" lon="10.42047"/>
            <trkpt lat="47.51778" lon="10.42082"/>
            <trkpt lat="47.51817" lon="10.42134"/>
            <trkpt lat="47.51845" lon="10.42175"/>
            <trkpt lat="47.51871" lon="10.42221"/>
            <trkpt lat="47.51884" lon="10.42248"/>
            <trkpt lat="47.51901" lon="10.42287"/>
            <trkpt lat="47.51916" lon="10.42326"/>
            <trkpt lat="47.51926" lon="10.42357"/>
            <trkpt lat="47.5194" lon="10.424"/>
            <trkpt lat="47.51955" lon="10.42442"/>
            <trkpt lat="47.51978" lon="10.42494"/>
            <trkpt lat="47.52003" lon="10.42537"/>
            <trkpt lat="47.52027" lon="10.42571"/>
            <trkpt lat="47.52047" lon="10.42601"/>
            <trkpt lat="47.52055" lon="10.42615"/>
            <trkpt lat="47.52068" lon="10.42643"/>
            <trkpt lat="47.52083" lon="10.42683"/>
            <trkpt lat="47.52095" lon="10.42732"/>
            <trkpt lat="47.52105" lon="10.42777"/>
            <trkpt lat="47.52113" lon="10.42816"/>
            <trkpt lat="47.52123" lon="10.42853"/>
            <trkpt lat="47.52133" lon="10.42881"/>
            <trkpt lat="47.52159" lon="10.42943"/>
            <trkpt lat="47.52215" lon="10.43064"/>
            <trkpt lat="47.5224" lon="10.43112"/>
            <trkpt lat="47.52263" lon="10.43156"/>
            <trkpt lat="47.52279" lon="10.43178"/>
            <trkpt lat="47.52291" lon="10.4319"/>
            <trkpt lat="47.52304" lon="10.432"/>
            <trkpt lat="47.52306" lon="10.43201"/>
            <trkpt lat="47.52323" lon="10.43209"/>
            <trkpt lat="47.52338" lon="10.43214"/>
            <trkpt lat="47.52352" lon="10.43216"/>
            <trkpt lat="47.52375" lon="10.43213"/>
            <trkpt lat="47.52389" lon="10.43209"/>
            <trkpt lat="47.5243" lon="10.43192"/>
            <trkpt lat="47.52478" lon="10.43173"/>
            <trkpt lat="47.52519" lon="10.4316"/>
            <trkpt lat="47.52519" lon="10.4316"/>
            <trkpt lat="47.52564" lon="10.43146"/>
            <trkpt lat="47.52573" lon="10.43144"/>
            <trkpt lat="47.52579" lon="10.43144"/>
            <trkpt lat="47.52588" lon="10.43144"/>
            <trkpt lat="47.52607" lon="10.43147"/>
            <trkpt lat="47.52628" lon="10.43158"/>
            <trkpt lat="47.52635" lon="10.43163"/>
            <trkpt lat="47.5264" lon="10.43167"/>
            <trkpt lat="47.52648" lon="10.43176"/>
            <trkpt lat="47.52664" lon="10.43201"/>
            <trkpt lat="47.52672" lon="10.43219"/>
            <trkpt lat="47.52676" lon="10.43231"/>
            <trkpt lat="47.52679" lon="10.43241"/>
            <trkpt lat="47.52682" lon="10.43261"/>
            <trkpt lat="47.52684" lon="10.4328"/>
            <trkpt lat="47.52684" lon="10.43296"/>
            <trkpt lat="47.52683" lon="10.43312"/>
            <trkpt lat="47.5268" lon="10.43326"/>
            <trkpt lat="47.52676" lon="10.43341"/>
            <trkpt lat="47.52673" lon="10.43352"/>
            <trkpt lat="47.52669" lon="10.43364"/>
            <trkpt lat="47.52662" lon="10.4338"/>
            <trkpt lat="47.52651" lon="10.43397"/>
            <trkpt lat="47.52619" lon="10.43429"/>
            <trkpt lat="47.52605" lon="10.43448"/>
            <trkpt lat="47.52588" lon="10.43478"/>
            <trkpt lat="47.52524" lon="10.43597"/>
            <trkpt lat="47.52506" lon="10.43635"/>
            <trkpt lat="47.52498" lon="10.43657"/>
            <trkpt lat="47.52488" lon="10.43682"/>
            <trkpt lat="47.52482" lon="10.43701"/>
            <trkpt lat="47.5246" lon="10.4377"/>
            <trkpt lat="47.52435" lon="10.43844"/>
            <trkpt lat="47.52429" lon="10.43865"/>
            <trkpt lat="47.52422" lon="10.43891"/>
            <trkpt lat="47.52411" lon="10.43925"/>
            <trkpt lat="47.52412" lon="10.43947"/>
            <trkpt lat="47.52416" lon="10.43974"/>
            <trkpt lat="47.52421" lon="10.43995"/>
            <trkpt lat="47.52428" lon="10.44038"/>
            <trkpt lat="47.52437" lon="10.44086"/>
            <trkpt lat="47.52438" lon="10.44114"/>
            <trkpt lat="47.52439" lon="10.44141"/>
            <trkpt lat="47.52435" lon="10.44171"/>
            <trkpt lat="47.5243" lon="10.44194"/>
            <trkpt lat="47.52421" lon="10.44226"/>
            <trkpt lat="47.5241" lon="10.44249"/>
            <trkpt lat="47.52388" lon="10.44281"/>
            <trkpt lat="47.52362" lon="10.44308"/>
            <trkpt lat="47.52278" lon="10.44379"/>
            <trkpt lat="47.52261" lon="10.44396"/>
            <trkpt lat="47.52235" lon="10.44427"/>
            <trkpt lat="47.52138" lon="10.44566"/>
            <trkpt lat="47.52063" lon="10.44674"/>
            <trkpt lat="47.52058" lon="10.44682"/>
            <trkpt lat="47.52042" lon="10.44707"/>
            <trkpt lat="47.52025" lon="10.44739"/>
            <trkpt lat="47.52013" lon="10.44774"/>
            <trkpt lat="47.51993" lon="10.44851"/>
            <trkpt lat="47.51984" lon="10.44873"/>
            <trkpt lat="47.51974" lon="10.44895"/>
            <trkpt lat="47.51969" lon="10.44905"/>
            <trkpt lat="47.51961" lon="10.44917"/>
            <trkpt lat="47.51942" lon="10.44951"/>
            <trkpt lat="47.51929" lon="10.44979"/>
            <trkpt lat="47.51912" lon="10.45022"/>
            <trkpt lat="47.51901" lon="10.45057"/>
            <trkpt lat="47.51898" lon="10.45067"/>
            <trkpt lat="47.51895" lon="10.45077"/>
            <trkpt lat="47.51883" lon="10.45115"/>
            <trkpt lat="47.51881" lon="10.4512"/>
            <trkpt lat="47.51873" lon="10.45137"/>
            <trkpt lat="47.51857" lon="10.45163"/>
            <trkpt lat="47.51849" lon="10.45173"/>
            <trkpt lat="47.5184" lon="10.45184"/>
            <trkpt lat="47.5183" lon="10.45198"/>
            <trkpt lat="47.51817" lon="10.45218"/>
            <trkpt lat="47.51758" lon="10.45322"/>
            <trkpt lat="47.51738" lon="10.45353"/>
            <trkpt lat="47.51708" lon="10.45391"/>
            <trkpt lat="47.51686" lon="10.45417"/>
            <trkpt lat="47.51678" lon="10.4543"/>
            <trkpt lat="47.51673" lon="10.4544"/>
            <trkpt lat="47.51668" lon="10.45453"/>
            <trkpt lat="47.51664" lon="10.45467"/>
            <trkpt lat="47.51656" lon="10.45505"/>
            <trkpt lat="47.51652" lon="10.45536"/>
            <trkpt lat="47.5165" lon="10.4555"/>
            <trkpt lat="47.51649" lon="10.45565"/>
            <trkpt lat="47.51643" lon="10.45614"/>
            <trkpt lat="47.51641" lon="10.45622"/>
            <trkpt lat="47.51635" lon="10.45669"/>
            <trkpt lat="47.51633" lon="10.45678"/>
            <trkpt lat="47.51624" lon="10.45705"/>
            <trkpt lat="47.51611" lon="10.45733"/>
            <trkpt lat="47.51608" lon="10.45738"/>
            <trkpt lat="47.51584" lon="10.45791"/>
            <trkpt lat="47.51553" lon="10.45861"/>
            <trkpt lat="47.51535" lon="10.45893"/>
            <trkpt lat="47.51531" lon="10.45898"/>
            <trkpt lat="47.5153" lon="10.459"/>
            <trkpt lat="47.51505" lon="10.45934"/>
            <trkpt lat="47.51501" lon="10.45938"/>
            <trkpt lat="47.51456" lon="10.46007"/>
            <trkpt lat="47.51449" lon="10.46017"/>
            <trkpt lat="47.51444" lon="10.46021"/>
            <trkpt lat="47.5144" lon="10.46025"/>
            <trkpt lat="47.51421" lon="10.46042"/>
            <trkpt lat="47.51417" lon="10.46046"/>
            <trkpt lat="47.51405" lon="10.46059"/>
            <trkpt lat="47.51381" lon="10.46082"/>
            <trkpt lat="47.51369" lon="10.46098"/>
            <trkpt lat="47.51366" lon="10.46103"/>
            <trkpt lat="47.51359" lon="10.46114"/>
            <trkpt lat="47.51357" lon="10.46119"/>
            <trkpt lat="47.51346" lon="10.46151"/>
            <trkpt lat="47.51313" lon="10.46212"/>
            <trkpt lat="47.51277" lon="10.46272"/>
            <trkpt lat="47.51268" lon="10.46291"/>
            <trkpt lat="47.51259" lon="10.46307"/>
            <trkpt lat="47.51248" lon="10.46329"/>
            <trkpt lat="47.51227" lon="10.46381"/>
            <trkpt lat="47.5118" lon="10.46456"/>
            <trkpt lat="47.51174" lon="10.46464"/>
            <trkpt lat="47.5112" lon="10.4653"/>
            <trkpt lat="47.51097" lon="10.46559"/>
            <trkpt lat="47.51077" lon="10.46589"/>
            <trkpt lat="47.51052" lon="10.46636"/>
            <trkpt lat="47.51032" lon="10.46682"/>
            <trkpt lat="47.51013" lon="10.46738"/>
            <trkpt lat="47.51002" lon="10.46779"/>
            <trkpt lat="47.50981" lon="10.46899"/>
            <trkpt lat="47.50975" lon="10.46937"/>
            <trkpt lat="47.50969" lon="10.46971"/>
            <trkpt lat="47.50957" lon="10.47022"/>
            <trkpt lat="47.50952" lon="10.47039"/>
            <trkpt lat="47.50942" lon="10.47069"/>
            <trkpt lat="47.50913" lon="10.47138"/>
            <trkpt lat="47.50888" lon="10.47199"/>
            <trkpt lat="47.50884" lon="10.47209"/>
            <trkpt lat="47.50879" lon="10.47222"/>
            <trkpt lat="47.50869" lon="10.47253"/>
            <trkpt lat="47.50861" lon="10.47285"/>
            <trkpt lat="47.50849" lon="10.47336"/>
            <trkpt lat="47.50846" lon="10.47353"/>
            <trkpt lat="47.50843" lon="10.4737"/>
            <trkpt lat="47.50842" lon="10.47377"/>
            <trkpt lat="47.50841" lon="10.47381"/>
            <trkpt lat="47.50835" lon="10.47415"/>
            <trkpt lat="47.50831" lon="10.47436"/>
            <trkpt lat="47.50824" lon="10.47471"/>
            <trkpt lat="47.50821" lon="10.47479"/>
            <trkpt lat="47.50812" lon="10.47501"/>
            <trkpt lat="47.50806" lon="10.47513"/>
            <trkpt lat="47.50799" lon="10.47526"/>
            <trkpt lat="47.5079" lon="10.4754"/>
            <trkpt lat="47.50773" lon="10.47561"/>
            <trkpt lat="47.5075" lon="10.47582"/>
            <trkpt lat="47.50724" lon="10.47604"/>
            <trkpt lat="47.507" lon="10.47629"/>
            <trkpt lat="47.50686" lon="10.47647"/>
            <trkpt lat="47.50674" lon="10.47665"/>
            <trkpt lat="47.50652" lon="10.47707"/>
            <trkpt lat="47.50634" lon="10.47755"/>
            <trkpt lat="47.50624" lon="10.47799"/>
            <trkpt lat="47.50621" lon="10.47815"/>
            <trkpt lat="47.50616" lon="10.47862"/>
            <trkpt lat="47.50614" lon="10.47901"/>
            <trkpt lat="47.50612" lon="10.47993"/>
            <trkpt lat="47.50612" lon="10.48023"/>
            <trkpt lat="47.50612" lon="10.48064"/>
            <trkpt lat="47.50614" lon="10.48096"/>
            <trkpt lat="47.50615" lon="10.48099"/>
            <trkpt lat="47.50621" lon="10.48142"/>
            <trkpt lat="47.50643" lon="10.48273"/>
            <trkpt lat="47.50653" lon="10.48324"/>
            <trkpt lat="47.50672" lon="10.4843"/>
            <trkpt lat="47.50693" lon="10.48553"/>
            <trkpt lat="47.50696" lon="10.48584"/>
            <trkpt lat="47.50697" lon="10.48596"/>
            <trkpt lat="47.50699" lon="10.48648"/>
            <trkpt lat="47.50696" lon="10.48692"/>
            <trkpt lat="47.50693" lon="10.4877"/>
            <trkpt lat="47.50678" lon="10.48948"/>
            <trkpt lat="47.50672" lon="10.48981"/>
            <trkpt lat="47.50671" lon="10.48987"/>
            <trkpt lat="47.50656" lon="10.49045"/>
            <trkpt lat="47.50611" lon="10.49196"/>
            <trkpt lat="47.50592" lon="10.49265"/>
            <trkpt lat="47.50588" lon="10.49288"/>
            <trkpt lat="47.50574" lon="10.49379"/>
            <trkpt lat="47.50571" lon="10.49407"/>
            <trkpt lat="47.50563" lon="10.49485"/>
            <trkpt lat="47.50547" lon="10.49597"/>
            <trkpt lat="47.50544" lon="10.4963"/>
            <trkpt lat="47.5054" lon="10.49676"/>
            <trkpt lat="47.50534" lon="10.49722"/>
            <trkpt lat="47.5053" lon="10.49756"/>
            <trkpt lat="47.50527" lon="10.49772"/>
            <trkpt lat="47.50523" lon="10.49802"/>
            <trkpt lat="47.50517" lon="10.49834"/>
            <trkpt lat="47.5051" lon="10.49861"/>
            <trkpt lat="47.50507" lon="10.49869"/>
            <trkpt lat="47.50501" lon="10.49889"/>
            <trkpt lat="47.50499" lon="10.49897"/>
            <trkpt lat="47.50496" lon="10.49905"/>
            <trkpt lat="47.50494" lon="10.49913"/>
            <trkpt lat="47.50489" lon="10.49924"/>
            <trkpt lat="47.50488" lon="10.49926"/>
            <trkpt lat="47.50471" lon="10.49969"/>
            <trkpt lat="47.50464" lon="10.4998"/>
            <trkpt lat="47.5046" lon="10.49991"/>
            <trkpt lat="47.50452" lon="10.50005"/>
            <trkpt lat="47.50425" lon="10.50048"/>
            <trkpt lat="47.504" lon="10.50082"/>
            <trkpt lat="47.50376" lon="10.50107"/>
            <trkpt lat="47.50347" lon="10.50134"/>
            <trkpt lat="47.50233" lon="10.50228"/>
            <trkpt lat="47.50209" lon="10.50251"/>
            <trkpt lat="47.5017" lon="10.50293"/>
            <trkpt lat="47.50165" lon="10.50299"/>
            <trkpt lat="47.50145" lon="10.50328"/>
            <trkpt lat="47.50112" lon="10.50388"/>
            <trkpt lat="47.50111" lon="10.50393"/>
            <trkpt lat="47.50084" lon="10.50462"/>
            <trkpt lat="47.50074" lon="10.50493"/>
            <trkpt lat="47.50065" lon="10.50526"/>
            <trkpt lat="47.50057" lon="10.50567"/>
            <trkpt lat="47.50056" lon="10.50581"/>
            <trkpt lat="47.50053" lon="10.50602"/>
            <trkpt lat="47.50051" lon="10.5064"/>
            <trkpt lat="47.50051" lon="10.50645"/>
            <trkpt lat="47.5005" lon="10.50653"/>
            <trkpt lat="47.5005" lon="10.50705"/>
            <trkpt lat="47.50052" lon="10.50748"/>
            <trkpt lat="47.50059" lon="10.50833"/>
            <trkpt lat="47.50062" lon="10.50854"/>
            <trkpt lat="47.50069" lon="10.50898"/>
            <trkpt lat="47.50094" lon="10.51076"/>
            <trkpt lat="47.50113" lon="10.51195"/>
            <trkpt lat="47.50118" lon="10.51236"/>
            <trkpt lat="47.50123" lon="10.51268"/>
            <trkpt lat="47.50131" lon="10.514"/>
            <trkpt lat="47.50132" lon="10.51478"/>
            <trkpt lat="47.50129" lon="10.51546"/>
            <trkpt lat="47.50125" lon="10.5159"/>
            <trkpt lat="47.50119" lon="10.51634"/>
            <trkpt lat="47.50118" lon="10.51643"/>
            <trkpt lat="47.50117" lon="10.51651"/>
            <trkpt lat="47.50113" lon="10.51679"/>
            <trkpt lat="47.50108" lon="10.51706"/>
            <trkpt lat="47.50093" lon="10.51768"/>
            <trkpt lat="47.50084" lon="10.51807"/>
            <trkpt lat="47.5007" lon="10.51851"/>
            <trkpt lat="47.50064" lon="10.51868"/>
            <trkpt lat="47.50008" lon="10.52021"/>
            <trkpt lat="47.49998" lon="10.52048"/>
            <trkpt lat="47.49994" lon="10.52052"/>
            <trkpt lat="47.4996" lon="10.52143"/>
            <trkpt lat="47.49959" lon="10.52148"/>
            <trkpt lat="47.49951" lon="10.5217"/>
            <trkpt lat="47.49948" lon="10.52179"/>
            <trkpt lat="47.49944" lon="10.5219"/>
            <trkpt lat="47.49944" lon="10.52196"/>
            <trkpt lat="47.49931" lon="10.52236"/>
            <trkpt lat="47.49924" lon="10.52262"/>
            <trkpt lat="47.49916" lon="10.5229"/>
            <trkpt lat="47.49915" lon="10.52293"/>
            <trkpt lat="47.49892" lon="10.52407"/>
            <trkpt lat="47.49883" lon="10.52468"/>
            <trkpt lat="47.49881" lon="10.5249"/>
            <trkpt lat="47.49881" lon="10.52493"/>
            <trkpt lat="47.49874" lon="10.52562"/>
            <trkpt lat="47.49871" lon="10.52635"/>
            <trkpt lat="47.4987" lon="10.52707"/>
            <trkpt lat="47.49869" lon="10.52758"/>
            <trkpt lat="47.49874" lon="10.53201"/>
            <trkpt lat="47.49876" lon="10.53286"/>
            <trkpt lat="47.49876" lon="10.53355"/>
            <trkpt lat="47.4987" lon="10.53511"/>
            <trkpt lat="47.49858" lon="10.5367"/>
            <trkpt lat="47.49849" lon="10.53756"/>
            <trkpt lat="47.49841" lon="10.53808"/>
            <trkpt lat="47.49838" lon="10.5384"/>
            <trkpt lat="47.49834" lon="10.53871"/>
            <trkpt lat="47.49823" lon="10.53959"/>
            <trkpt lat="47.49817" lon="10.54001"/>
            <trkpt lat="47.49814" lon="10.54027"/>
            <trkpt lat="47.49802" lon="10.54108"/>
            <trkpt lat="47.49789" lon="10.54179"/>
            <trkpt lat="47.49783" lon="10.54203"/>
            <trkpt lat="47.49769" lon="10.54263"/>
            <trkpt lat="47.49741" lon="10.54363"/>
            <trkpt lat="47.49727" lon="10.5442"/>
            <trkpt lat="47.49712" lon="10.54502"/>
            <trkpt lat="47.49705" lon="10.54555"/>
            <trkpt lat="47.49692" lon="10.54676"/>
            <trkpt lat="47.49691" lon="10.54688"/>
            <trkpt lat="47.4969" lon="10.54698"/>
            <trkpt lat="47.49653" lon="10.54949"/>
            <trkpt lat="47.4965" lon="10.5497"/>
            <trkpt lat="47.49646" lon="10.54987"/>
            <trkpt lat="47.49642" lon="10.55025"/>
            <trkpt lat="47.49628" lon="10.55121"/>
            <trkpt lat="47.49625" lon="10.55173"/>
            <trkpt lat="47.49624" lon="10.55199"/>
            <trkpt lat="47.49631" lon="10.55259"/>
            <trkpt lat="47.49633" lon="10.55272"/>
            <trkpt lat="47.49635" lon="10.55286"/>
            <trkpt lat="47.49639" lon="10.55305"/>
            <trkpt lat="47.49646" lon="10.55342"/>
            <trkpt lat="47.4965" lon="10.55367"/>
            <trkpt lat="47.49662" lon="10.55444"/>
            <trkpt lat="47.49661" lon="10.55444"/>
            <trkpt lat="47.49658" lon="10.55446"/>
            <trkpt lat="47.49656" lon="10.5545"/>
            <trkpt lat="47.49654" lon="10.55454"/>
            <trkpt lat="47.49653" lon="10.55458"/>
            <trkpt lat="47.49653" lon="10.55463"/>
            <trkpt lat="47.49654" lon="10.55467"/>
            <trkpt lat="47.49655" lon="10.55472"/>
            <trkpt lat="47.49656" lon="10.55473"/>
            <trkpt lat="47.49646" lon="10.55485"/>
            <trkpt lat="47.49625" lon="10.55518"/>
            <trkpt lat="47.49606" lon="10.55545"/>
            <trkpt lat="47.49589" lon="10.55567"/>
            <trkpt lat="47.49564" lon="10.55596"/>
            <trkpt lat="47.49558" lon="10.55604"/>
            <trkpt lat="47.49527" lon="10.5564"/>
            <trkpt lat="47.49512" lon="10.55659"/>
            <trkpt lat="47.49504" lon="10.55676"/>
            <trkpt lat="47.49486" lon="10.55709"/>
            <trkpt lat="47.49481" lon="10.55721"/>
            <trkpt lat="47.49477" lon="10.5573"/>
            <trkpt lat="47.49471" lon="10.55746"/>
            <trkpt lat="47.49464" lon="10.55774"/>
            <trkpt lat="47.49459" lon="10.558"/>
            <trkpt lat="47.49458" lon="10.55809"/>
            <trkpt lat="47.49453" lon="10.55858"/>
            <trkpt lat="47.49453" lon="10.55867"/>
            <trkpt lat="47.49453" lon="10.55881"/>
            <trkpt lat="47.49452" lon="10.55895"/>
            <trkpt lat="47.49451" lon="10.55905"/>
            <trkpt lat="47.49448" lon="10.55916"/>
            <trkpt lat="47.49444" lon="10.55925"/>
            <trkpt lat="47.49439" lon="10.55933"/>
            <trkpt lat="47.49436" lon="10.55938"/>
            <trkpt lat="47.49426" lon="10.55947"/>
            <trkpt lat="47.49407" lon="10.55958"/>
            <trkpt lat="47.494" lon="10.5596"/>
            <trkpt lat="47.49387" lon="10.55965"/>
            <trkpt lat="47.49356" lon="10.55972"/>
            <trkpt lat="47.49334" lon="10.55981"/>
            <trkpt lat="47.49324" lon="10.55985"/>
            <trkpt lat="47.49317" lon="10.5599"/>
            <trkpt lat="47.49306" lon="10.55998"/>
            <trkpt lat="47.49291" lon="10.56009"/>
            <trkpt lat="47.49266" lon="10.56028"/>
            <trkpt lat="47.49259" lon="10.56035"/>
            <trkpt lat="47.49254" lon="10.56039"/>
            <trkpt lat="47.49245" lon="10.5605"/>
            <trkpt lat="47.49237" lon="10.56075"/>
            <trkpt lat="47.49235" lon="10.56086"/>
            <trkpt lat="47.49232" lon="10.5612"/>
            <trkpt lat="47.49231" lon="10.56171"/>
            <trkpt lat="47.49229" lon="10.5625"/>
            <trkpt lat="47.49229" lon="10.56261"/>
            <trkpt lat="47.4923" lon="10.56278"/>
            <trkpt lat="47.49231" lon="10.56294"/>
            <trkpt lat="47.49231" lon="10.56316"/>
            <trkpt lat="47.4924" lon="10.56364"/>
            <trkpt lat="47.49247" lon="10.56392"/>
            <trkpt lat="47.4925" lon="10.56417"/>
            <trkpt lat="47.49253" lon="10.56443"/>
            <trkpt lat="47.4926" lon="10.56512"/>
            <trkpt lat="47.49263" lon="10.5653"/>
            <trkpt lat="47.49266" lon="10.5655"/>
            <trkpt lat="47.49273" lon="10.56574"/>
            <trkpt lat="47.49278" lon="10.56594"/>
            <trkpt lat="47.49285" lon="10.56615"/>
            <trkpt lat="47.49311" lon="10.56685"/>
            <trkpt lat="47.49321" lon="10.56717"/>
            <trkpt lat="47.4935" lon="10.56829"/>
            <trkpt lat="47.49361" lon="10.56885"/>
            <trkpt lat="47.49363" lon="10.56894"/>
            <trkpt lat="47.49372" lon="10.56962"/>
            <trkpt lat="47.49378" lon="10.57025"/>
            <trkpt lat="47.49379" lon="10.5705"/>
            <trkpt lat="47.49384" lon="10.57095"/>
            <trkpt lat="47.49386" lon="10.57112"/>
            <trkpt lat="47.49387" lon="10.5715"/>
            <trkpt lat="47.49386" lon="10.57246"/>
            <trkpt lat="47.49388" lon="10.57295"/>
            <trkpt lat="47.49391" lon="10.57315"/>
            <trkpt lat="47.49396" lon="10.57336"/>
            <trkpt lat="47.49401" lon="10.57371"/>
            <trkpt lat="47.49403" lon="10.5742"/>
            <trkpt lat="47.49407" lon="10.57445"/>
            <trkpt lat="47.49416" lon="10.57469"/>
            <trkpt lat="47.49421" lon="10.57486"/>
            <trkpt lat="47.49429" lon="10.57528"/>
            <trkpt lat="47.49431" lon="10.5756"/>
            <trkpt lat="47.49435" lon="10.57619"/>
            <trkpt lat="47.49437" lon="10.57685"/>
            <trkpt lat="47.4944" lon="10.57722"/>
            <trkpt lat="47.49462" lon="10.57836"/>
            <trkpt lat="47.49466" lon="10.5787"/>
            <trkpt lat="47.49469" lon="10.57918"/>
            <trkpt lat="47.49472" lon="10.57939"/>
            <trkpt lat="47.49478" lon="10.57966"/>
            <trkpt lat="47.4949" lon="10.58011"/>
            <trkpt lat="47.49492" lon="10.58024"/>
            <trkpt lat="47.49496" lon="10.58046"/>
            <trkpt lat="47.49497" lon="10.5807"/>
            <trkpt lat="47.495" lon="10.58192"/>
            <trkpt lat="47.495" lon="10.58214"/>
            <trkpt lat="47.495" lon="10.58219"/>
            <trkpt lat="47.49499" lon="10.58232"/>
            <trkpt lat="47.49495" lon="10.58251"/>
            <trkpt lat="47.49491" lon="10.58266"/>
            <trkpt lat="47.4948" lon="10.58294"/>
            <trkpt lat="47.49467" lon="10.58326"/>
            <trkpt lat="47.49456" lon="10.5835"/>
            <trkpt lat="47.49453" lon="10.58358"/>
            <trkpt lat="47.4945" lon="10.5837"/>
            <trkpt lat="47.49448" lon="10.58381"/>
            <trkpt lat="47.49447" lon="10.58395"/>
            <trkpt lat="47.49446" lon="10.58408"/>
            <trkpt lat="47.49446" lon="10.58416"/>
            <trkpt lat="47.49445" lon="10.58436"/>
            <trkpt lat="47.49443" lon="10.58445"/>
            <trkpt lat="47.49442" lon="10.5845"/>
            <trkpt lat="47.49438" lon="10.58462"/>
            <trkpt lat="47.49435" lon="10.58471"/>
            <trkpt lat="47.49422" lon="10.58503"/>
            <trkpt lat="47.49414" lon="10.58523"/>
            <trkpt lat="47.49401" lon="10.58557"/>
            <trkpt lat="47.49394" lon="10.5857"/>
            <trkpt lat="47.49389" lon="10.58577"/>
            <trkpt lat="47.49386" lon="10.58579"/>
            <trkpt lat="47.49382" lon="10.58583"/>
            <trkpt lat="47.49372" lon="10.58589"/>
            <trkpt lat="47.49344" lon="10.58598"/>
            <trkpt lat="47.49335" lon="10.58604"/>
            <trkpt lat="47.49333" lon="10.58606"/>
            <trkpt lat="47.49325" lon="10.58613"/>
            <trkpt lat="47.49315" lon="10.58624"/>
            <trkpt lat="47.49303" lon="10.58639"/>
            <trkpt lat="47.49279" lon="10.58661"/>
            <trkpt lat="47.49259" lon="10.58678"/>
            <trkpt lat="47.49247" lon="10.58689"/>
            <trkpt lat="47.49243" lon="10.58693"/>
            <trkpt lat="47.49235" lon="10.58704"/>
            <trkpt lat="47.4922" lon="10.58734"/>
            <trkpt lat="47.492" lon="10.58782"/>
            <trkpt lat="47.49191" lon="10.58802"/>
            <trkpt lat="47.49183" lon="10.58817"/>
            <trkpt lat="47.49145" lon="10.58885"/>
            <trkpt lat="47.49129" lon="10.58915"/>
            <trkpt lat="47.49096" lon="10.58985"/>
            <trkpt lat="47.49078" lon="10.59017"/>
            <trkpt lat="47.49045" lon="10.59074"/>
            <trkpt lat="47.4904" lon="10.59082"/>
            <trkpt lat="47.49003" lon="10.59144"/>
            <trkpt lat="47.48995" lon="10.59161"/>
            <trkpt lat="47.48978" lon="10.59209"/>
            <trkpt lat="47.48957" lon="10.59289"/>
            <trkpt lat="47.4893" lon="10.59381"/>
            <trkpt lat="47.48913" lon="10.5943"/>
            <trkpt lat="47.48906" lon="10.59452"/>
            <trkpt lat="47.489" lon="10.59488"/>
            <trkpt lat="47.48893" lon="10.59541"/>
            <trkpt lat="47.48886" lon="10.5959"/>
            <trkpt lat="47.48876" lon="10.5963"/>
            <trkpt lat="47.48867" lon="10.59654"/>
            <trkpt lat="47.48847" lon="10.597"/>
            <trkpt lat="47.4884" lon="10.59718"/>
            <trkpt lat="47.48836" lon="10.59736"/>
            <trkpt lat="47.4883" lon="10.59764"/>
            <trkpt lat="47.48826" lon="10.59797"/>
            <trkpt lat="47.48825" lon="10.59811"/>
            <trkpt lat="47.4882" lon="10.5987"/>
            <trkpt lat="47.48814" lon="10.599"/>
            <trkpt lat="47.48811" lon="10.5991"/>
            <trkpt lat="47.48786" lon="10.59984"/>
            <trkpt lat="47.48774" lon="10.60033"/>
            <trkpt lat="47.48768" lon="10.60076"/>
            <trkpt lat="47.48759" lon="10.60152"/>
            <trkpt lat="47.48754" lon="10.60177"/>
            <trkpt lat="47.4875" lon="10.60192"/>
            <trkpt lat="47.48746" lon="10.60209"/>
            <trkpt lat="47.48733" lon="10.60247"/>
            <trkpt lat="47.48723" lon="10.60268"/>
            <trkpt lat="47.48713" lon="10.60289"/>
            <trkpt lat="47.48705" lon="10.60302"/>
            <trkpt lat="47.48689" lon="10.60325"/>
            <trkpt lat="47.48669" lon="10.60348"/>
            <trkpt lat="47.48648" lon="10.60367"/>
            <trkpt lat="47.48625" lon="10.60382"/>
            <trkpt lat="47.48592" lon="10.60398"/>
            <trkpt lat="47.4858" lon="10.60401"/>
            <trkpt lat="47.48489" lon="10.60418"/>
            <trkpt lat="47.48441" lon="10.60431"/>
            <trkpt lat="47.48405" lon="10.60448"/>
            <trkpt lat="47.48378" lon="10.60465"/>
            <trkpt lat="47.48356" lon="10.60479"/>
            <trkpt lat="47.48328" lon="10.60501"/>
            <trkpt lat="47.48294" lon="10.60535"/>
            <trkpt lat="47.48291" lon="10.60538"/>
            <trkpt lat="47.48276" lon="10.60555"/>
            <trkpt lat="47.48248" lon="10.60591"/>
            <trkpt lat="47.48219" lon="10.60634"/>
            <trkpt lat="47.48076" lon="10.60867"/>
            <trkpt lat="47.48007" lon="10.60982"/>
            <trkpt lat="47.47971" lon="10.61045"/>
            <trkpt lat="47.47942" lon="10.61105"/>
            <trkpt lat="47.47907" lon="10.61189"/>
            <trkpt lat="47.47886" lon="10.61246"/>
            <trkpt lat="47.47876" lon="10.61279"/>
            <trkpt lat="47.47864" lon="10.61318"/>
            <trkpt lat="47.47847" lon="10.61385"/>
            <trkpt lat="47.47828" lon="10.61477"/>
            <trkpt lat="47.47816" lon="10.61546"/>
            <trkpt lat="47.47794" lon="10.61694"/>
            <trkpt lat="47.47789" lon="10.61722"/>
            <trkpt lat="47.47778" lon="10.61766"/>
            <trkpt lat="47.47769" lon="10.61795"/>
            <trkpt lat="47.47758" lon="10.61824"/>
            <trkpt lat="47.47739" lon="10.61869"/>
            <trkpt lat="47.47719" lon="10.61907"/>
            <trkpt lat="47.47689" lon="10.61954"/>
            <trkpt lat="47.47655" lon="10.61995"/>
            <trkpt lat="47.4763" lon="10.62019"/>
            <trkpt lat="47.47613" lon="10.62033"/>
            <trkpt lat="47.47591" lon="10.6205"/>
            <trkpt lat="47.47534" lon="10.62079"/>
            <trkpt lat="47.47513" lon="10.62087"/>
            <trkpt lat="47.47469" lon="10.62099"/>
            <trkpt lat="47.47445" lon="10.62103"/>
            <trkpt lat="47.4742" lon="10.62105"/>
            <trkpt lat="47.47391" lon="10.62104"/>
            <trkpt lat="47.47362" lon="10.62102"/>
            <trkpt lat="47.47302" lon="10.62087"/>
            <trkpt lat="47.47278" lon="10.62081"/>
            <trkpt lat="47.47195" lon="10.62062"/>
            <trkpt lat="47.47177" lon="10.6206"/>
            <trkpt lat="47.47152" lon="10.6206"/>
            <trkpt lat="47.47142" lon="10.62059"/>
            <trkpt lat="47.47124" lon="10.62059"/>
            <trkpt lat="47.47078" lon="10.62049"/>
            <trkpt lat="47.47061" lon="10.62042"/>
            <trkpt lat="47.47032" lon="10.62026"/>
            <trkpt lat="47.46979" lon="10.61992"/>
            <trkpt lat="47.46955" lon="10.61978"/>
            <trkpt lat="47.46917" lon="10.61964"/>
            <trkpt lat="47.46863" lon="10.61953"/>
            <trkpt lat="47.46741" lon="10.61931"/>
            <trkpt lat="47.4672" lon="10.61924"/>
            <trkpt lat="47.46705" lon="10.61918"/>
            <trkpt lat="47.46621" lon="10.61863"/>
            <trkpt lat="47.46598" lon="10.61851"/>
            <trkpt lat="47.46568" lon="10.61842"/>
            <trkpt lat="47.46542" lon="10.61839"/>
            <trkpt lat="47.46522" lon="10.61838"/>
            <trkpt lat="47.46492" lon="10.61839"/>
            <trkpt lat="47.46471" lon="10.61836"/>
            <trkpt lat="47.46454" lon="10.61832"/>
            <trkpt lat="47.46442" lon="10.61828"/>
            <trkpt lat="47.46422" lon="10.61815"/>
            <trkpt lat="47.46412" lon="10.61808"/>
            <trkpt lat="47.46401" lon="10.61798"/>
            <trkpt lat="47.4639" lon="10.61788"/>
            <trkpt lat="47.46378" lon="10.61773"/>
            <trkpt lat="47.46332" lon="10.61718"/>
            <trkpt lat="47.46281" lon="10.61664"/>
            <trkpt lat="47.4622" lon="10.61612"/>
            <trkpt lat="47.46207" lon="10.61604"/>
            <trkpt lat="47.46195" lon="10.61597"/>
            <trkpt lat="47.46183" lon="10.61593"/>
            <trkpt lat="47.46171" lon="10.6159"/>
            <trkpt lat="47.46162" lon="10.6159"/>
            <trkpt lat="47.46144" lon="10.61596"/>
            <trkpt lat="47.46129" lon="10.61605"/>
            <trkpt lat="47.4611" lon="10.61618"/>
            <trkpt lat="47.46094" lon="10.61633"/>
            <trkpt lat="47.45981" lon="10.61734"/>
            <trkpt lat="47.45964" lon="10.61754"/>
            <trkpt lat="47.45957" lon="10.61767"/>
            <trkpt lat="47.45949" lon="10.61788"/>
            <trkpt lat="47.45944" lon="10.61806"/>
            <trkpt lat="47.45938" lon="10.61845"/>
            <trkpt lat="47.45933" lon="10.61889"/>
            <trkpt lat="47.45929" lon="10.61913"/>
            <trkpt lat="47.45921" lon="10.61941"/>
            <trkpt lat="47.4591" lon="10.61963"/>
            <trkpt lat="47.459" lon="10.61977"/>
            <trkpt lat="47.45891" lon="10.61987"/>
            <trkpt lat="47.45877" lon="10.61997"/>
            <trkpt lat="47.45851" lon="10.62009"/>
            <trkpt lat="47.45846" lon="10.62011"/>
            <trkpt lat="47.45782" lon="10.62026"/>
            <trkpt lat="47.45759" lon="10.62031"/>
            <trkpt lat="47.45734" lon="10.62041"/>
            <trkpt lat="47.45722" lon="10.62049"/>
            <trkpt lat="47.45704" lon="10.62069"/>
            <trkpt lat="47.45693" lon="10.62087"/>
            <trkpt lat="47.45684" lon="10.62109"/>
            <trkpt lat="47.45675" lon="10.62135"/>
            <trkpt lat="47.45656" lon="10.62172"/>
            <trkpt lat="47.45637" lon="10.62198"/>
            <trkpt lat="47.45601" lon="10.62226"/>
            <trkpt lat="47.45583" lon="10.6224"/>
            <trkpt lat="47.45549" lon="10.62273"/>
            <trkpt lat="47.45531" lon="10.62293"/>
            <trkpt lat="47.45503" lon="10.62321"/>
            <trkpt lat="47.45482" lon="10.62336"/>
            <trkpt lat="47.45463" lon="10.62347"/>
            <trkpt lat="47.45447" lon="10.62353"/>
            <trkpt lat="47.45414" lon="10.62367"/>
            <trkpt lat="47.45403" lon="10.62373"/>
            <trkpt lat="47.45285" lon="10.62476"/>
            <trkpt lat="47.45274" lon="10.62486"/>
            <trkpt lat="47.45249" lon="10.62507"/>
            <trkpt lat="47.4524" lon="10.62519"/>
            <trkpt lat="47.45231" lon="10.62532"/>
            <trkpt lat="47.45212" lon="10.62577"/>
            <trkpt lat="47.45206" lon="10.62596"/>
            <trkpt lat="47.45201" lon="10.62611"/>
            <trkpt lat="47.45199" lon="10.6262"/>
            <trkpt lat="47.452" lon="10.62626"/>
            <trkpt lat="47.45198" lon="10.6264"/>
            <trkpt lat="47.45192" lon="10.62669"/>
            <trkpt lat="47.45192" lon="10.62676"/>
            <trkpt lat="47.45192" lon="10.62684"/>
            <trkpt lat="47.45192" lon="10.62692"/>
            <trkpt lat="47.45202" lon="10.62722"/>
            <trkpt lat="47.45207" lon="10.62737"/>
            <trkpt lat="47.45209" lon="10.62743"/>
            <trkpt lat="47.4521" lon="10.62752"/>
            <trkpt lat="47.45209" lon="10.62761"/>
            <trkpt lat="47.45194" lon="10.6282"/>
            <trkpt lat="47.45192" lon="10.62836"/>
            <trkpt lat="47.45191" lon="10.6286"/>
            <trkpt lat="47.45193" lon="10.6287"/>
            <trkpt lat="47.45204" lon="10.6292"/>
            <trkpt lat="47.45213" lon="10.62959"/>
            <trkpt lat="47.45214" lon="10.62973"/>
            <trkpt lat="47.45211" lon="10.62987"/>
            <trkpt lat="47.45209" lon="10.62993"/>
            <trkpt lat="47.45197" lon="10.6302"/>
            <trkpt lat="47.45195" lon="10.63027"/>
            <trkpt lat="47.45194" lon="10.63036"/>
            <trkpt lat="47.45195" lon="10.63046"/>
            <trkpt lat="47.45197" lon="10.63055"/>
            <trkpt lat="47.45204" lon="10.63074"/>
            <trkpt lat="47.45206" lon="10.63084"/>
            <trkpt lat="47.45206" lon="10.63091"/>
            <trkpt lat="47.45207" lon="10.63096"/>
            <trkpt lat="47.45207" lon="10.6311"/>
            <trkpt lat="47.45204" lon="10.63132"/>
            <trkpt lat="47.45201" lon="10.63149"/>
            <trkpt lat="47.452" lon="10.63155"/>
            <trkpt lat="47.45162" lon="10.63291"/>
            <trkpt lat="47.45154" lon="10.63322"/>
            <trkpt lat="47.45152" lon="10.63333"/>
            <trkpt lat="47.45154" lon="10.63364"/>
            <trkpt lat="47.45153" lon="10.63372"/>
            <trkpt lat="47.45151" lon="10.63381"/>
            <trkpt lat="47.45148" lon="10.63388"/>
            <trkpt lat="47.45143" lon="10.63396"/>
            <trkpt lat="47.45137" lon="10.63402"/>
            <trkpt lat="47.45132" lon="10.63406"/>
            <trkpt lat="47.45116" lon="10.63417"/>
            <trkpt lat="47.45107" lon="10.63432"/>
            <trkpt lat="47.45098" lon="10.63455"/>
            <trkpt lat="47.45095" lon="10.63467"/>
            <trkpt lat="47.45094" lon="10.63477"/>
            <trkpt lat="47.45093" lon="10.6348"/>
            <trkpt lat="47.45092" lon="10.63493"/>
            <trkpt lat="47.45092" lon="10.63506"/>
            <trkpt lat="47.45094" lon="10.63517"/>
            <trkpt lat="47.45102" lon="10.63535"/>
            <trkpt lat="47.45115" lon="10.63559"/>
            <trkpt lat="47.45117" lon="10.63566"/>
            <trkpt lat="47.45119" lon="10.63574"/>
            <trkpt lat="47.45118" lon="10.6359"/>
            <trkpt lat="47.45117" lon="10.63598"/>
            <trkpt lat="47.45113" lon="10.63606"/>
            <trkpt lat="47.45108" lon="10.63614"/>
            <trkpt lat="47.45039" lon="10.63694"/>
            <trkpt lat="47.45026" lon="10.63717"/>
            <trkpt lat="47.45022" lon="10.63729"/>
            <trkpt lat="47.45016" lon="10.63754"/>
            <trkpt lat="47.44996" lon="10.63879"/>
            <trkpt lat="47.44991" lon="10.63907"/>
            <trkpt lat="47.44988" lon="10.63917"/>
            <trkpt lat="47.44982" lon="10.63941"/>
            <trkpt lat="47.44969" lon="10.63968"/>
            <trkpt lat="47.44959" lon="10.63995"/>
            <trkpt lat="47.44955" lon="10.6401"/>
            <trkpt lat="47.44954" lon="10.64036"/>
            <trkpt lat="47.44955" lon="10.64051"/>
            <trkpt lat="47.44957" lon="10.64063"/>
            <trkpt lat="47.44962" lon="10.64088"/>
            <trkpt lat="47.44978" lon="10.64135"/>
            <trkpt lat="47.44979" lon="10.64141"/>
            <trkpt lat="47.44979" lon="10.64148"/>
            <trkpt lat="47.44977" lon="10.64157"/>
            <trkpt lat="47.44974" lon="10.64161"/>
            <trkpt lat="47.44972" lon="10.64164"/>
            <trkpt lat="47.44969" lon="10.64166"/>
            <trkpt lat="47.44966" lon="10.64165"/>
            <trkpt lat="47.44963" lon="10.64165"/>
            <trkpt lat="47.44959" lon="10.64162"/>
            <trkpt lat="47.44954" lon="10.64158"/>
            <trkpt lat="47.44953" lon="10.64152"/>
            <trkpt lat="47.44952" lon="10.64147"/>
            <trkpt lat="47.44951" lon="10.64141"/>
            <trkpt lat="47.44954" lon="10.64116"/>
            <trkpt lat="47.44954" lon="10.64111"/>
            <trkpt lat="47.44954" lon="10.641"/>
            <trkpt lat="47.44953" lon="10.64089"/>
            <trkpt lat="47.44946" lon="10.64063"/>
            <trkpt lat="47.44941" lon="10.64037"/>
            <trkpt lat="47.4494" lon="10.64025"/>
            <trkpt lat="47.4494" lon="10.64012"/>
            <trkpt lat="47.4494" lon="10.64007"/>
            <trkpt lat="47.44945" lon="10.63962"/>
            <trkpt lat="47.44945" lon="10.63929"/>
            <trkpt lat="47.44945" lon="10.63917"/>
            <trkpt lat="47.44947" lon="10.63902"/>
            <trkpt lat="47.44954" lon="10.63876"/>
            <trkpt lat="47.44958" lon="10.63857"/>
            <trkpt lat="47.44959" lon="10.63825"/>
            <trkpt lat="47.44962" lon="10.63793"/>
            <trkpt lat="47.44966" lon="10.63765"/>
            <trkpt lat="47.44975" lon="10.63738"/>
            <trkpt lat="47.44976" lon="10.6373"/>
            <trkpt lat="47.44975" lon="10.63723"/>
            <trkpt lat="47.44973" lon="10.63719"/>
            <trkpt lat="47.4497" lon="10.63715"/>
            <trkpt lat="47.44967" lon="10.63713"/>
            <trkpt lat="47.44964" lon="10.63713"/>
            <trkpt lat="47.4496" lon="10.63714"/>
            <trkpt lat="47.44957" lon="10.63715"/>
            <trkpt lat="47.44955" lon="10.63717"/>
            <trkpt lat="47.44952" lon="10.63721"/>
            <trkpt lat="47.4495" lon="10.63726"/>
            <trkpt lat="47.44949" lon="10.63734"/>
            <trkpt lat="47.44948" lon="10.63767"/>
            <trkpt lat="47.44945" lon="10.63793"/>
            <trkpt lat="47.4493" lon="10.63859"/>
            <trkpt lat="47.44924" lon="10.63896"/>
            <trkpt lat="47.44918" lon="10.6397"/>
            <trkpt lat="47.44909" lon="10.64103"/>
            <trkpt lat="47.44907" lon="10.64129"/>
            <trkpt lat="47.44903" lon="10.64152"/>
            <trkpt lat="47.44883" lon="10.64204"/>
            <trkpt lat="47.44881" lon="10.64211"/>
            <trkpt lat="47.4488" lon="10.64221"/>
            <trkpt lat="47.44879" lon="10.6423"/>
            <trkpt lat="47.44882" lon="10.6425"/>
            <trkpt lat="47.44886" lon="10.64269"/>
            <trkpt lat="47.44887" lon="10.64279"/>
            <trkpt lat="47.44886" lon="10.64285"/>
            <trkpt lat="47.44885" lon="10.64291"/>
            <trkpt lat="47.44882" lon="10.64296"/>
            <trkpt lat="47.44879" lon="10.64299"/>
            <trkpt lat="47.44876" lon="10.643"/>
            <trkpt lat="47.44873" lon="10.643"/>
            <trkpt lat="47.44869" lon="10.64299"/>
            <trkpt lat="47.44863" lon="10.64292"/>
            <trkpt lat="47.44861" lon="10.64287"/>
            <trkpt lat="47.44859" lon="10.64278"/>
            <trkpt lat="47.44857" lon="10.64259"/>
            <trkpt lat="47.44855" lon="10.64235"/>
            <trkpt lat="47.44855" lon="10.64203"/>
            <trkpt lat="47.44859" lon="10.64166"/>
            <trkpt lat="47.44859" lon="10.64149"/>
            <trkpt lat="47.44855" lon="10.64128"/>
            <trkpt lat="47.44853" lon="10.64119"/>
            <trkpt lat="47.44847" lon="10.64101"/>
            <trkpt lat="47.44844" lon="10.64082"/>
            <trkpt lat="47.44844" lon="10.64071"/>
            <trkpt lat="47.44845" lon="10.63957"/>
            <trkpt lat="47.4484" lon="10.63892"/>
            <trkpt lat="47.44837" lon="10.63868"/>
            <trkpt lat="47.44832" lon="10.63846"/>
            <trkpt lat="47.44828" lon="10.63838"/>
            <trkpt lat="47.44822" lon="10.6383"/>
            <trkpt lat="47.44815" lon="10.63823"/>
            <trkpt lat="47.44809" lon="10.63819"/>
            <trkpt lat="47.44805" lon="10.63817"/>
            <trkpt lat="47.44798" lon="10.63816"/>
            <trkpt lat="47.44786" lon="10.63817"/>
            <trkpt lat="47.44775" lon="10.63821"/>
            <trkpt lat="47.44774" lon="10.63822"/>
            <trkpt lat="47.44757" lon="10.63834"/>
            <trkpt lat="47.44727" lon="10.63852"/>
            <trkpt lat="47.44712" lon="10.63858"/>
            <trkpt lat="47.44668" lon="10.63875"/>
            <trkpt lat="47.44647" lon="10.63886"/>
            <trkpt lat="47.44632" lon="10.63897"/>
            <trkpt lat="47.44624" lon="10.63903"/>
            <trkpt lat="47.44619" lon="10.63907"/>
            <trkpt lat="47.44567" lon="10.63945"/>
            <trkpt lat="47.44516" lon="10.63985"/>
            <trkpt lat="47.44509" lon="10.6399"/>
            <trkpt lat="47.44496" lon="10.63997"/>
            <trkpt lat="47.44487" lon="10.64002"/>
            <trkpt lat="47.44449" lon="10.64011"/>
            <trkpt lat="47.44431" lon="10.64015"/>
            <trkpt lat="47.44424" lon="10.64017"/>
            <trkpt lat="47.44416" lon="10.64022"/>
            <trkpt lat="47.44379" lon="10.64062"/>
            <trkpt lat="47.44343" lon="10.64098"/>
            <trkpt lat="47.44339" lon="10.64102"/>
            <trkpt lat="47.44315" lon="10.6412"/>
            <trkpt lat="47.44264" lon="10.64161"/>
            <trkpt lat="47.44256" lon="10.64167"/>
            <trkpt lat="47.44238" lon="10.64186"/>
            <trkpt lat="47.44232" lon="10.64195"/>
            <trkpt lat="47.44229" lon="10.64202"/>
            <trkpt lat="47.44222" lon="10.64211"/>
            <trkpt lat="47.44219" lon="10.64213"/>
            <trkpt lat="47.44211" lon="10.6422"/>
            <trkpt lat="47.44204" lon="10.64225"/>
            <trkpt lat="47.44198" lon="10.64229"/>
            <trkpt lat="47.44185" lon="10.64236"/>
            <trkpt lat="47.44163" lon="10.64244"/>
            <trkpt lat="47.44152" lon="10.64245"/>
            <trkpt lat="47.44128" lon="10.64247"/>
            <trkpt lat="47.44108" lon="10.64249"/>
            <trkpt lat="47.44091" lon="10.64249"/>
            <trkpt lat="47.44091" lon="10.64244"/>
            <trkpt lat="47.4409" lon="10.64239"/>
            <trkpt lat="47.44088" lon="10.64236"/>
            <trkpt lat="47.44087" lon="10.64233"/>
            <trkpt lat="47.44086" lon="10.64233"/>
            <trkpt lat="47.44085" lon="10.64232"/>
            <trkpt lat="47.44082" lon="10.64229"/>
            <trkpt lat="47.44079" lon="10.64228"/>
            <trkpt lat="47.44078" lon="10.64227"/>
            <trkpt lat="47.44076" lon="10.64227"/>
            <trkpt lat="47.44073" lon="10.64228"/>
            <trkpt lat="47.44072" lon="10.64228"/>
            <trkpt lat="47.44069" lon="10.6423"/>
            <trkpt lat="47.44065" lon="10.64234"/>
            <trkpt lat="47.44063" lon="10.6424"/>
            <trkpt lat="47.44061" lon="10.64247"/>
            <trkpt lat="47.4406" lon="10.64253"/>
            <trkpt lat="47.44062" lon="10.6426"/>
            <trkpt lat="47.44064" lon="10.64266"/>
            <trkpt lat="47.44067" lon="10.6427"/>
            <trkpt lat="47.44068" lon="10.64271"/>
            <trkpt lat="47.44071" lon="10.64272"/>
            <trkpt lat="47.44074" lon="10.64273"/>
            <trkpt lat="47.44077" lon="10.64273"/>
            <trkpt lat="47.44078" lon="10.64309"/>
            <trkpt lat="47.44081" lon="10.64359"/>
            <trkpt lat="47.44083" lon="10.64383"/>
            <trkpt lat="47.4409" lon="10.6445"/>
            <trkpt lat="47.44096" lon="10.64488"/>
            <trkpt lat="47.44105" lon="10.64548"/>
            <trkpt lat="47.44083" lon="10.64563"/>
            <trkpt lat="47.4405" lon="10.64588"/>
            <trkpt lat="47.44041" lon="10.64594"/>
            <trkpt lat="47.44036" lon="10.64598"/>
            <trkpt lat="47.44022" lon="10.64607"/>
            <trkpt lat="47.43996" lon="10.64628"/>
            <trkpt lat="47.43989" lon="10.64635"/>
            <trkpt lat="47.43963" lon="10.64668"/>
            <trkpt lat="47.43951" lon="10.64689"/>
            <trkpt lat="47.43942" lon="10.64708"/>
            <trkpt lat="47.43934" lon="10.64729"/>
            <trkpt lat="47.43919" lon="10.6479"/>
            <trkpt lat="47.43911" lon="10.64838"/>
            <trkpt lat="47.43907" lon="10.64883"/>
            <trkpt lat="47.43912" lon="10.64985"/>
            <trkpt lat="47.43918" lon="10.65103"/>
            <trkpt lat="47.43923" lon="10.65173"/>
            <trkpt lat="47.43928" lon="10.65215"/>
            <trkpt lat="47.4393" lon="10.65233"/>
            <trkpt lat="47.43955" lon="10.65386"/>
            <trkpt lat="47.43961" lon="10.65409"/>
            <trkpt lat="47.43979" lon="10.65466"/>
            <trkpt lat="47.43986" lon="10.65491"/>
            <trkpt lat="47.4401" lon="10.65549"/>
            <trkpt lat="47.44032" lon="10.65593"/>
            <trkpt lat="47.44057" lon="10.65633"/>
            <trkpt lat="47.44085" lon="10.65674"/>
            <trkpt lat="47.44085" lon="10.65674"/>
            <trkpt lat="47.44164" lon="10.65784"/>
            <trkpt lat="47.4419" lon="10.65823"/>
            <trkpt lat="47.44208" lon="10.65855"/>
            <trkpt lat="47.44222" lon="10.65885"/>
            <trkpt lat="47.44246" lon="10.6597"/>
            <trkpt lat="47.44259" lon="10.66021"/>
            <trkpt lat="47.44275" lon="10.66102"/>
            <trkpt lat="47.44294" lon="10.66176"/>
            <trkpt lat="47.44301" lon="10.66202"/>
            <trkpt lat="47.44314" lon="10.66254"/>
            <trkpt lat="47.44339" lon="10.6633"/>
            <trkpt lat="47.44415" lon="10.66466"/>
            <trkpt lat="47.44425" lon="10.6648"/>
            <trkpt lat="47.44429" lon="10.66487"/>
            <trkpt lat="47.44446" lon="10.66513"/>
            <trkpt lat="47.44467" lon="10.66544"/>
            <trkpt lat="47.44598" lon="10.66717"/>
            <trkpt lat="47.44665" lon="10.66803"/>
            <trkpt lat="47.44727" lon="10.66871"/>
            <trkpt lat="47.44767" lon="10.66902"/>
            <trkpt lat="47.44788" lon="10.66915"/>
            <trkpt lat="47.44815" lon="10.66927"/>
            <trkpt lat="47.44849" lon="10.66938"/>
            <trkpt lat="47.44862" lon="10.6694"/>
            <trkpt lat="47.44883" lon="10.6694"/>
            <trkpt lat="47.44896" lon="10.66942"/>
            <trkpt lat="47.44977" lon="10.66936"/>
            <trkpt lat="47.45024" lon="10.66934"/>
            <trkpt lat="47.45056" lon="10.66941"/>
            <trkpt lat="47.45102" lon="10.6696"/>
            <trkpt lat="47.4511" lon="10.66964"/>
            <trkpt lat="47.45117" lon="10.6697"/>
            <trkpt lat="47.45134" lon="10.66982"/>
            <trkpt lat="47.45197" lon="10.67044"/>
            <trkpt lat="47.45234" lon="10.67084"/>
            <trkpt lat="47.45257" lon="10.67109"/>
            <trkpt lat="47.45278" lon="10.6713"/>
            <trkpt lat="47.45345" lon="10.67195"/>
            <trkpt lat="47.45362" lon="10.67208"/>
            <trkpt lat="47.45375" lon="10.67221"/>
            <trkpt lat="47.45377" lon="10.67224"/>
            <trkpt lat="47.45383" lon="10.67231"/>
            <trkpt lat="47.45402" lon="10.67273"/>
            <trkpt lat="47.45452" lon="10.67373"/>
            <trkpt lat="47.4546" lon="10.67393"/>
            <trkpt lat="47.45462" lon="10.67395"/>
            <trkpt lat="47.45484" lon="10.67433"/>
            <trkpt lat="47.45503" lon="10.67463"/>
            <trkpt lat="47.45517" lon="10.67482"/>
            <trkpt lat="47.45584" lon="10.67552"/>
            <trkpt lat="47.45604" lon="10.6757"/>
            <trkpt lat="47.45676" lon="10.67647"/>
            <trkpt lat="47.45719" lon="10.677"/>
            <trkpt lat="47.45722" lon="10.67705"/>
            <trkpt lat="47.45727" lon="10.67713"/>
            <trkpt lat="47.45754" lon="10.6776"/>
            <trkpt lat="47.45781" lon="10.67818"/>
            <trkpt lat="47.45791" lon="10.67835"/>
            <trkpt lat="47.45802" lon="10.67858"/>
            <trkpt lat="47.45804" lon="10.67864"/>
            <trkpt lat="47.45808" lon="10.67871"/>
            <trkpt lat="47.45855" lon="10.67971"/>
            <trkpt lat="47.45863" lon="10.67988"/>
            <trkpt lat="47.45909" lon="10.6809"/>
            <trkpt lat="47.45923" lon="10.68126"/>
            <trkpt lat="47.45941" lon="10.68159"/>
            <trkpt lat="47.45946" lon="10.68169"/>
            <trkpt lat="47.45973" lon="10.68208"/>
            <trkpt lat="47.45998" lon="10.68233"/>
            <trkpt lat="47.46029" lon="10.68273"/>
            <trkpt lat="47.46063" lon="10.68314"/>
            <trkpt lat="47.46076" lon="10.68334"/>
            <trkpt lat="47.46087" lon="10.68352"/>
            <trkpt lat="47.46093" lon="10.6836"/>
            <trkpt lat="47.46094" lon="10.68361"/>
            <trkpt lat="47.46199" lon="10.68537"/>
            <trkpt lat="47.46298" lon="10.68703"/>
            <trkpt lat="47.46334" lon="10.68766"/>
            <trkpt lat="47.46386" lon="10.68854"/>
            <trkpt lat="47.4639" lon="10.68864"/>
            <trkpt lat="47.46412" lon="10.68916"/>
            <trkpt lat="47.46426" lon="10.68939"/>
            <trkpt lat="47.46437" lon="10.68964"/>
            <trkpt lat="47.46461" lon="10.69003"/>
            <trkpt lat="47.46492" lon="10.69042"/>
            <trkpt lat="47.46531" lon="10.69083"/>
            <trkpt lat="47.46639" lon="10.69209"/>
            <trkpt lat="47.46786" lon="10.69391"/>
            <trkpt lat="47.46805" lon="10.69415"/>
            <trkpt lat="47.4684" lon="10.69455"/>
            <trkpt lat="47.46846" lon="10.69458"/>
            <trkpt lat="47.46879" lon="10.6948"/>
            <trkpt lat="47.46908" lon="10.69498"/>
            <trkpt lat="47.46934" lon="10.69515"/>
            <trkpt lat="47.4696" lon="10.69526"/>
            <trkpt lat="47.46971" lon="10.6953"/>
            <trkpt lat="47.47041" lon="10.69549"/>
            <trkpt lat="47.47066" lon="10.69555"/>
            <trkpt lat="47.47103" lon="10.69566"/>
            <trkpt lat="47.47133" lon="10.69579"/>
            <trkpt lat="47.4716" lon="10.69592"/>
            <trkpt lat="47.47192" lon="10.69618"/>
            <trkpt lat="47.47218" lon="10.69643"/>
            <trkpt lat="47.47242" lon="10.69674"/>
            <trkpt lat="47.47266" lon="10.69715"/>
            <trkpt lat="47.47275" lon="10.69732"/>
            <trkpt lat="47.473" lon="10.69781"/>
            <trkpt lat="47.47351" lon="10.69899"/>
            <trkpt lat="47.47382" lon="10.69977"/>
            <trkpt lat="47.47398" lon="10.70029"/>
            <trkpt lat="47.47407" lon="10.70068"/>
            <trkpt lat="47.4741" lon="10.7008"/>
            <trkpt lat="47.47422" lon="10.70142"/>
            <trkpt lat="47.47422" lon="10.70143"/>
            <trkpt lat="47.4743" lon="10.70199"/>
            <trkpt lat="47.47435" lon="10.70231"/>
            <trkpt lat="47.47437" lon="10.7024"/>
            <trkpt lat="47.47447" lon="10.70316"/>
            <trkpt lat="47.47454" lon="10.70363"/>
            <trkpt lat="47.47461" lon="10.70404"/>
            <trkpt lat="47.47469" lon="10.70439"/>
            <trkpt lat="47.4748" lon="10.70478"/>
            <trkpt lat="47.47496" lon="10.7052"/>
            <trkpt lat="47.47503" lon="10.70534"/>
            <trkpt lat="47.47512" lon="10.7055"/>
            <trkpt lat="47.47532" lon="10.70577"/>
            <trkpt lat="47.47549" lon="10.70597"/>
            <trkpt lat="47.47569" lon="10.70605"/>
            <trkpt lat="47.47593" lon="10.70611"/>
            <trkpt lat="47.47628" lon="10.70613"/>
            <trkpt lat="47.47649" lon="10.70616"/>
            <trkpt lat="47.47697" lon="10.70624"/>
            <trkpt lat="47.4773" lon="10.70638"/>
            <trkpt lat="47.47758" lon="10.70658"/>
            <trkpt lat="47.47774" lon="10.70677"/>
            <trkpt lat="47.47801" lon="10.70712"/>
            <trkpt lat="47.47819" lon="10.70754"/>
            <trkpt lat="47.47841" lon="10.70806"/>
            <trkpt lat="47.47842" lon="10.70808"/>
            <trkpt lat="47.47853" lon="10.70841"/>
            <trkpt lat="47.47883" lon="10.70939"/>
            <trkpt lat="47.47894" lon="10.70974"/>
            <trkpt lat="47.47905" lon="10.71022"/>
            <trkpt lat="47.47905" lon="10.71026"/>
            <trkpt lat="47.47909" lon="10.71057"/>
            <trkpt lat="47.4792" lon="10.71139"/>
            <trkpt lat="47.47929" lon="10.71188"/>
            <trkpt lat="47.47943" lon="10.71236"/>
            <trkpt lat="47.47963" lon="10.71289"/>
            <trkpt lat="47.47969" lon="10.71305"/>
            <trkpt lat="47.47983" lon="10.71333"/>
            <trkpt lat="47.48001" lon="10.71365"/>
            <trkpt lat="47.48027" lon="10.714"/>
            <trkpt lat="47.48043" lon="10.71422"/>
            <trkpt lat="47.4808" lon="10.71463"/>
            <trkpt lat="47.48093" lon="10.7148"/>
            <trkpt lat="47.48103" lon="10.71493"/>
            <trkpt lat="47.48131" lon="10.71541"/>
            <trkpt lat="47.48136" lon="10.71556"/>
            <trkpt lat="47.48143" lon="10.71578"/>
            <trkpt lat="47.48152" lon="10.71607"/>
            <trkpt lat="47.48156" lon="10.71621"/>
            <trkpt lat="47.48173" lon="10.71674"/>
            <trkpt lat="47.48178" lon="10.71685"/>
            <trkpt lat="47.48193" lon="10.71713"/>
            <trkpt lat="47.48213" lon="10.71741"/>
            <trkpt lat="47.48256" lon="10.71792"/>
            <trkpt lat="47.48276" lon="10.71813"/>
            <trkpt lat="47.48291" lon="10.71827"/>
            <trkpt lat="47.48342" lon="10.71876"/>
            <trkpt lat="47.48357" lon="10.71889"/>
            <trkpt lat="47.48371" lon="10.71901"/>
            <trkpt lat="47.48421" lon="10.71948"/>
            <trkpt lat="47.48425" lon="10.71952"/>
            <trkpt lat="47.48454" lon="10.7199"/>
            <trkpt lat="47.48499" lon="10.72041"/>
            <trkpt lat="47.48491" lon="10.72076"/>
            <trkpt lat="47.48487" lon="10.72075"/>
            <trkpt lat="47.48479" lon="10.72077"/>
            <trkpt lat="47.48469" lon="10.7208"/>
            <trkpt lat="47.48456" lon="10.72087"/>
            <trkpt lat="47.48441" lon="10.72098"/>
            <trkpt lat="47.48428" lon="10.7211"/>
            <trkpt lat="47.48411" lon="10.72132"/>
            <trkpt lat="47.48402" lon="10.72149"/>
            <trkpt lat="47.48377" lon="10.7219"/>
            <trkpt lat="47.48373" lon="10.72196"/>
            <trkpt lat="47.48368" lon="10.72205"/>
            <trkpt lat="47.48357" lon="10.72225"/>
            <trkpt lat="47.48348" lon="10.72242"/>
            <trkpt lat="47.48345" lon="10.72246"/>
            <trkpt lat="47.48334" lon="10.72266"/>
            <trkpt lat="47.4831" lon="10.72309"/>
            <trkpt lat="47.48291" lon="10.72343"/>
            <trkpt lat="47.48286" lon="10.72351"/>
            <trkpt lat="47.48266" lon="10.72387"/>
            <trkpt lat="47.48262" lon="10.72393"/>
            <trkpt lat="47.4823" lon="10.72447"/>
            <trkpt lat="47.48215" lon="10.72473"/>
            <trkpt lat="47.48205" lon="10.72491"/>
            <trkpt lat="47.48203" lon="10.72495"/>
            <trkpt lat="47.48202" lon="10.72493"/>
            <trkpt lat="47.482" lon="10.72491"/>
            <trkpt lat="47.48197" lon="10.72491"/>
            <trkpt lat="47.48194" lon="10.72491"/>
            <trkpt lat="47.48192" lon="10.72492"/>
            <trkpt lat="47.4819" lon="10.72493"/>
            <trkpt lat="47.48189" lon="10.72495"/>
            <trkpt lat="47.48187" lon="10.72498"/>
            <trkpt lat="47.48185" lon="10.72503"/>
            <trkpt lat="47.48185" lon="10.72507"/>
            <trkpt lat="47.48185" lon="10.72511"/>
            <trkpt lat="47.48185" lon="10.72514"/>
            <trkpt lat="47.48186" lon="10.72517"/>
            <trkpt lat="47.48188" lon="10.7252"/>
            <trkpt lat="47.48183" lon="10.7253"/>
            <trkpt lat="47.48144" lon="10.72595"/>
            <trkpt lat="47.4812" lon="10.72637"/>
            <trkpt lat="47.48085" lon="10.72696"/>
            <trkpt lat="47.48047" lon="10.72765"/>
            <trkpt lat="47.48039" lon="10.72784"/>
            <trkpt lat="47.48008" lon="10.72875"/>
            <trkpt lat="47.47996" lon="10.72917"/>
            <trkpt lat="47.47977" lon="10.7298"/>
            <trkpt lat="47.4797" lon="10.73001"/>
            <trkpt lat="47.47968" lon="10.73009"/>
            <trkpt lat="47.4796" lon="10.73034"/>
            <trkpt lat="47.4795" lon="10.7307"/>
            <trkpt lat="47.47944" lon="10.73084"/>
            <trkpt lat="47.4793" lon="10.73131"/>
            <trkpt lat="47.47921" lon="10.73116"/>
            <trkpt lat="47.47918" lon="10.73111"/>
            <trkpt lat="47.47912" lon="10.73103"/>
            <trkpt lat="47.47898" lon="10.73079"/>
            <trkpt lat="47.47884" lon="10.73043"/>
            <trkpt lat="47.47869" lon="10.73015"/>
            <trkpt lat="47.47854" lon="10.72991"/>
            <trkpt lat="47.4784" lon="10.72973"/>
            <trkpt lat="47.47823" lon="10.72953"/>
            <trkpt lat="47.47806" lon="10.72936"/>
            <trkpt lat="47.4777" lon="10.7291"/>
            <trkpt lat="47.47743" lon="10.72895"/>
            <trkpt lat="47.4772" lon="10.72871"/>
            <trkpt lat="47.47709" lon="10.72862"/>
            <trkpt lat="47.47695" lon="10.72855"/>
            <trkpt lat="47.47686" lon="10.72851"/>
            <trkpt lat="47.47676" lon="10.72847"/>
            <trkpt lat="47.47622" lon="10.72825"/>
            <trkpt lat="47.47602" lon="10.7282"/>
            <trkpt lat="47.4759" lon="10.7282"/>
            <trkpt lat="47.47575" lon="10.72825"/>
            <trkpt lat="47.47541" lon="10.72844"/>
            <trkpt lat="47.47527" lon="10.72848"/>
            <trkpt lat="47.47517" lon="10.72852"/>
            <trkpt lat="47.47498" lon="10.72855"/>
            <trkpt lat="47.4747" lon="10.72852"/>
            <trkpt lat="47.47438" lon="10.7284"/>
            <trkpt lat="47.47419" lon="10.72828"/>
            <trkpt lat="47.47402" lon="10.72813"/>
            <trkpt lat="47.47382" lon="10.72788"/>
            <trkpt lat="47.47363" lon="10.72756"/>
            <trkpt lat="47.47336" lon="10.72691"/>
            <trkpt lat="47.47334" lon="10.72688"/>
            <trkpt lat="47.47317" lon="10.72655"/>
            <trkpt lat="47.47299" lon="10.7263"/>
            <trkpt lat="47.47289" lon="10.72617"/>
            <trkpt lat="47.47266" lon="10.72594"/>
            <trkpt lat="47.47247" lon="10.72577"/>
            <trkpt lat="47.47224" lon="10.72564"/>
            <trkpt lat="47.47193" lon="10.72552"/>
            <trkpt lat="47.47177" lon="10.72547"/>
            <trkpt lat="47.47156" lon="10.72545"/>
            <trkpt lat="47.47122" lon="10.72545"/>
            <trkpt lat="47.47088" lon="10.72546"/>
            <trkpt lat="47.46867" lon="10.72553"/>
            <trkpt lat="47.46838" lon="10.7255"/>
            <trkpt lat="47.46822" lon="10.72543"/>
            <trkpt lat="47.46807" lon="10.72534"/>
            <trkpt lat="47.46793" lon="10.72523"/>
            <trkpt lat="47.46778" lon="10.72507"/>
            <trkpt lat="47.46768" lon="10.72494"/>
            <trkpt lat="47.46752" lon="10.72466"/>
            <trkpt lat="47.46729" lon="10.72428"/>
            <trkpt lat="47.46704" lon="10.72392"/>
            <trkpt lat="47.46673" lon="10.72355"/>
            <trkpt lat="47.46635" lon="10.72314"/>
            <trkpt lat="47.46629" lon="10.72307"/>
            <trkpt lat="47.46592" lon="10.72266"/>
            <trkpt lat="47.46562" lon="10.72233"/>
            <trkpt lat="47.46554" lon="10.72224"/>
            <trkpt lat="47.46534" lon="10.72197"/>
            <trkpt lat="47.46508" lon="10.72158"/>
            <trkpt lat="47.46415" lon="10.72017"/>
            <trkpt lat="47.46399" lon="10.71997"/>
            <trkpt lat="47.46371" lon="10.71964"/>
            <trkpt lat="47.46316" lon="10.71909"/>
            <trkpt lat="47.46295" lon="10.71882"/>
            <trkpt lat="47.46273" lon="10.71852"/>
            <trkpt lat="47.46262" lon="10.71841"/>
            <trkpt lat="47.46246" lon="10.71831"/>
            <trkpt lat="47.46241" lon="10.71828"/>
            <trkpt lat="47.46223" lon="10.71823"/>
            <trkpt lat="47.46193" lon="10.71819"/>
            <trkpt lat="47.46186" lon="10.71819"/>
            <trkpt lat="47.4618" lon="10.71817"/>
            <trkpt lat="47.46156" lon="10.7181"/>
            <trkpt lat="47.46128" lon="10.71797"/>
            <trkpt lat="47.46103" lon="10.71782"/>
            <trkpt lat="47.46094" lon="10.71777"/>
            <trkpt lat="47.46066" lon="10.71762"/>
            <trkpt lat="47.46048" lon="10.71757"/>
            <trkpt lat="47.46039" lon="10.71757"/>
            <trkpt lat="47.46026" lon="10.71757"/>
            <trkpt lat="47.46014" lon="10.71761"/>
            <trkpt lat="47.45989" lon="10.71776"/>
            <trkpt lat="47.45978" lon="10.71787"/>
            <trkpt lat="47.45963" lon="10.71806"/>
            <trkpt lat="47.45952" lon="10.71826"/>
            <trkpt lat="47.45943" lon="10.71848"/>
            <trkpt lat="47.45935" lon="10.71875"/>
            <trkpt lat="47.45932" lon="10.71901"/>
            <trkpt lat="47.45932" lon="10.71921"/>
            <trkpt lat="47.45934" lon="10.71964"/>
            <trkpt lat="47.45935" lon="10.71984"/>
            <trkpt lat="47.45938" lon="10.72008"/>
            <trkpt lat="47.45938" lon="10.72023"/>
            <trkpt lat="47.45939" lon="10.72055"/>
            <trkpt lat="47.45939" lon="10.72059"/>
            <trkpt lat="47.45938" lon="10.72081"/>
            <trkpt lat="47.45935" lon="10.72114"/>
            <trkpt lat="47.45934" lon="10.72119"/>
            <trkpt lat="47.45933" lon="10.72125"/>
            <trkpt lat="47.45929" lon="10.72143"/>
            <trkpt lat="47.45925" lon="10.72154"/>
            <trkpt lat="47.45916" lon="10.72171"/>
            <trkpt lat="47.45904" lon="10.72186"/>
            <trkpt lat="47.45896" lon="10.72193"/>
            <trkpt lat="47.45883" lon="10.72203"/>
            <trkpt lat="47.45856" lon="10.72219"/>
            <trkpt lat="47.45847" lon="10.72224"/>
            <trkpt lat="47.45802" lon="10.72251"/>
            <trkpt lat="47.45782" lon="10.72266"/>
            <trkpt lat="47.4576" lon="10.72283"/>
            <trkpt lat="47.45721" lon="10.72313"/>
            <trkpt lat="47.4569" lon="10.72342"/>
            <trkpt lat="47.45666" lon="10.72366"/>
            <trkpt lat="47.45643" lon="10.72397"/>
            <trkpt lat="47.45626" lon="10.72426"/>
            <trkpt lat="47.45616" lon="10.72446"/>
            <trkpt lat="47.45605" lon="10.72475"/>
            <trkpt lat="47.45545" lon="10.7267"/>
            <trkpt lat="47.45455" lon="10.72964"/>
            <trkpt lat="47.45452" lon="10.72972"/>
            <trkpt lat="47.45438" lon="10.73012"/>
            <trkpt lat="47.45414" lon="10.73063"/>
            <trkpt lat="47.45396" lon="10.73096"/>
            <trkpt lat="47.45373" lon="10.73131"/>
            <trkpt lat="47.4537" lon="10.73134"/>
            <trkpt lat="47.4535" lon="10.73159"/>
            <trkpt lat="47.45328" lon="10.73182"/>
            <trkpt lat="47.45311" lon="10.73197"/>
            <trkpt lat="47.45275" lon="10.73222"/>
            <trkpt lat="47.45252" lon="10.73234"/>
            <trkpt lat="47.45202" lon="10.73256"/>
            <trkpt lat="47.45186" lon="10.73263"/>
            <trkpt lat="47.45171" lon="10.73271"/>
            <trkpt lat="47.45163" lon="10.73276"/>
            <trkpt lat="47.45118" lon="10.73306"/>
            <trkpt lat="47.45109" lon="10.73312"/>
            <trkpt lat="47.45072" lon="10.73332"/>
            <trkpt lat="47.4506" lon="10.73336"/>
            <trkpt lat="47.45045" lon="10.73339"/>
            <trkpt lat="47.45031" lon="10.7334"/>
            <trkpt lat="47.44994" lon="10.73336"/>
            <trkpt lat="47.44965" lon="10.73328"/>
            <trkpt lat="47.44952" lon="10.73325"/>
            <trkpt lat="47.44933" lon="10.73323"/>
            <trkpt lat="47.44918" lon="10.73324"/>
            <trkpt lat="47.44903" lon="10.73326"/>
            <trkpt lat="47.44873" lon="10.73336"/>
            <trkpt lat="47.44842" lon="10.73357"/>
            <trkpt lat="47.44821" lon="10.73377"/>
            <trkpt lat="47.44808" lon="10.7339"/>
            <trkpt lat="47.44788" lon="10.73419"/>
            <trkpt lat="47.44774" lon="10.73446"/>
            <trkpt lat="47.44756" lon="10.73502"/>
            <trkpt lat="47.44749" lon="10.73538"/>
            <trkpt lat="47.44744" lon="10.73587"/>
            <trkpt lat="47.44736" lon="10.73632"/>
            <trkpt lat="47.4473" lon="10.73655"/>
            <trkpt lat="47.44724" lon="10.73673"/>
            <trkpt lat="47.44722" lon="10.73679"/>
            <trkpt lat="47.44716" lon="10.73693"/>
            <trkpt lat="47.44696" lon="10.73729"/>
            <trkpt lat="47.44669" lon="10.73763"/>
            <trkpt lat="47.44626" lon="10.73809"/>
            <trkpt lat="47.44597" lon="10.73836"/>
            <trkpt lat="47.4456" lon="10.73869"/>
            <trkpt lat="47.44399" lon="10.73999"/>
            <trkpt lat="47.44363" lon="10.74027"/>
            <trkpt lat="47.44285" lon="10.74093"/>
            <trkpt lat="47.44266" lon="10.74111"/>
            <trkpt lat="47.44245" lon="10.74137"/>
            <trkpt lat="47.44231" lon="10.74158"/>
            <trkpt lat="47.44212" lon="10.74192"/>
            <trkpt lat="47.44203" lon="10.74214"/>
            <trkpt lat="47.44194" lon="10.74238"/>
            <trkpt lat="47.44177" lon="10.74298"/>
            <trkpt lat="47.44146" lon="10.74427"/>
            <trkpt lat="47.44137" lon="10.74463"/>
            <trkpt lat="47.44127" lon="10.74505"/>
            <trkpt lat="47.44111" lon="10.7457"/>
            <trkpt lat="47.44071" lon="10.74737"/>
            <trkpt lat="47.44052" lon="10.74802"/>
            <trkpt lat="47.44043" lon="10.74827"/>
            <trkpt lat="47.44019" lon="10.74892"/>
            <trkpt lat="47.44005" lon="10.74921"/>
            <trkpt lat="47.44" lon="10.7493"/>
            <trkpt lat="47.43995" lon="10.7494"/>
            <trkpt lat="47.43986" lon="10.74956"/>
            <trkpt lat="47.43975" lon="10.74976"/>
            <trkpt lat="47.43941" lon="10.7503"/>
            <trkpt lat="47.43934" lon="10.75039"/>
            <trkpt lat="47.43907" lon="10.75074"/>
            <trkpt lat="47.43896" lon="10.75089"/>
            <trkpt lat="47.43873" lon="10.75122"/>
            <trkpt lat="47.43861" lon="10.75141"/>
            <trkpt lat="47.43837" lon="10.75183"/>
            <trkpt lat="47.43817" lon="10.75228"/>
            <trkpt lat="47.43804" lon="10.75264"/>
            <trkpt lat="47.43786" lon="10.75333"/>
            <trkpt lat="47.43777" lon="10.75375"/>
            <trkpt lat="47.43772" lon="10.75416"/>
            <trkpt lat="47.43762" lon="10.7556"/>
            <trkpt lat="47.4376" lon="10.7559"/>
            <trkpt lat="47.4376" lon="10.756"/>
            <trkpt lat="47.43749" lon="10.75695"/>
            <trkpt lat="47.4374" lon="10.75752"/>
            <trkpt lat="47.4373" lon="10.75802"/>
            <trkpt lat="47.43717" lon="10.75851"/>
            <trkpt lat="47.43666" lon="10.7603"/>
            <trkpt lat="47.43654" lon="10.76082"/>
            <trkpt lat="47.43648" lon="10.76107"/>
            <trkpt lat="47.43645" lon="10.76123"/>
            <trkpt lat="47.43636" lon="10.76181"/>
            <trkpt lat="47.43634" lon="10.76206"/>
            <trkpt lat="47.43632" lon="10.76238"/>
            <trkpt lat="47.43631" lon="10.763"/>
            <trkpt lat="47.43633" lon="10.76368"/>
            <trkpt lat="47.43633" lon="10.76464"/>
            <trkpt lat="47.43631" lon="10.76497"/>
            <trkpt lat="47.43628" lon="10.76526"/>
            <trkpt lat="47.43623" lon="10.76561"/>
            <trkpt lat="47.43613" lon="10.76617"/>
            <trkpt lat="47.43601" lon="10.7666"/>
            <trkpt lat="47.43589" lon="10.76701"/>
            <trkpt lat="47.43583" lon="10.76722"/>
            <trkpt lat="47.43567" lon="10.76763"/>
            <trkpt lat="47.43564" lon="10.76773"/>
            <trkpt lat="47.43542" lon="10.76824"/>
            <trkpt lat="47.43516" lon="10.76882"/>
            <trkpt lat="47.43465" lon="10.77001"/>
            <trkpt lat="47.43438" lon="10.77068"/>
            <trkpt lat="47.4343" lon="10.77087"/>
            <trkpt lat="47.4342" lon="10.77111"/>
            <trkpt lat="47.43385" lon="10.77181"/>
            <trkpt lat="47.4337" lon="10.77207"/>
            <trkpt lat="47.43345" lon="10.77246"/>
            <trkpt lat="47.43298" lon="10.77307"/>
            <trkpt lat="47.43142" lon="10.77492"/>
            <trkpt lat="47.43061" lon="10.77584"/>
            <trkpt lat="47.43055" lon="10.7759"/>
            <trkpt lat="47.43036" lon="10.7761"/>
            <trkpt lat="47.42973" lon="10.77657"/>
            <trkpt lat="47.42946" lon="10.77675"/>
            <trkpt lat="47.42867" lon="10.77715"/>
            <trkpt lat="47.42846" lon="10.77723"/>
            <trkpt lat="47.42821" lon="10.77733"/>
            <trkpt lat="47.4278" lon="10.77747"/>
            <trkpt lat="47.42772" lon="10.7775"/>
            <trkpt lat="47.42744" lon="10.77761"/>
            <trkpt lat="47.42704" lon="10.77774"/>
            <trkpt lat="47.42655" lon="10.77795"/>
            <trkpt lat="47.42613" lon="10.7782"/>
            <trkpt lat="47.42559" lon="10.77861"/>
            <trkpt lat="47.42532" lon="10.77887"/>
            <trkpt lat="47.42501" lon="10.7792"/>
            <trkpt lat="47.42481" lon="10.77944"/>
            <trkpt lat="47.42447" lon="10.77989"/>
            <trkpt lat="47.42411" lon="10.78046"/>
            <trkpt lat="47.42394" lon="10.78077"/>
            <trkpt lat="47.42386" lon="10.78092"/>
            <trkpt lat="47.42381" lon="10.78102"/>
            <trkpt lat="47.42367" lon="10.78135"/>
            <trkpt lat="47.42363" lon="10.78143"/>
            <trkpt lat="47.42329" lon="10.78233"/>
            <trkpt lat="47.42309" lon="10.78308"/>
            <trkpt lat="47.42302" lon="10.78334"/>
            <trkpt lat="47.42278" lon="10.78456"/>
            <trkpt lat="47.42272" lon="10.78515"/>
            <trkpt lat="47.42269" lon="10.78546"/>
            <trkpt lat="47.42268" lon="10.78562"/>
            <trkpt lat="47.42267" lon="10.78569"/>
            <trkpt lat="47.42267" lon="10.78576"/>
            <trkpt lat="47.42267" lon="10.7858"/>
            <trkpt lat="47.42263" lon="10.78642"/>
            <trkpt lat="47.42258" lon="10.78708"/>
            <trkpt lat="47.42255" lon="10.78751"/>
            <trkpt lat="47.42251" lon="10.78786"/>
            <trkpt lat="47.42245" lon="10.78839"/>
            <trkpt lat="47.42243" lon="10.78857"/>
            <trkpt lat="47.42235" lon="10.78909"/>
            <trkpt lat="47.42213" lon="10.79005"/>
            <trkpt lat="47.42197" lon="10.79063"/>
            <trkpt lat="47.4218" lon="10.79117"/>
            <trkpt lat="47.42159" lon="10.79171"/>
            <trkpt lat="47.42154" lon="10.79185"/>
            <trkpt lat="47.42151" lon="10.79191"/>
            <trkpt lat="47.42131" lon="10.79237"/>
            <trkpt lat="47.42115" lon="10.79269"/>
            <trkpt lat="47.42109" lon="10.79283"/>
            <trkpt lat="47.42102" lon="10.79296"/>
            <trkpt lat="47.42083" lon="10.7933"/>
            <trkpt lat="47.42048" lon="10.79394"/>
            <trkpt lat="47.42037" lon="10.79413"/>
            <trkpt lat="47.41958" lon="10.79544"/>
            <trkpt lat="47.41925" lon="10.79593"/>
            <trkpt lat="47.41888" lon="10.79644"/>
            <trkpt lat="47.41844" lon="10.79711"/>
            <trkpt lat="47.41824" lon="10.79743"/>
            <trkpt lat="47.41809" lon="10.79766"/>
            <trkpt lat="47.41791" lon="10.79799"/>
            <trkpt lat="47.41781" lon="10.79818"/>
            <trkpt lat="47.41779" lon="10.79821"/>
            <trkpt lat="47.41767" lon="10.79848"/>
            <trkpt lat="47.41746" lon="10.79902"/>
            <trkpt lat="47.41731" lon="10.79953"/>
            <trkpt lat="47.4172" lon="10.79997"/>
            <trkpt lat="47.41706" lon="10.80069"/>
            <trkpt lat="47.41705" lon="10.80076"/>
            <trkpt lat="47.41704" lon="10.80092"/>
            <trkpt lat="47.417" lon="10.80144"/>
            <trkpt lat="47.417" lon="10.80161"/>
            <trkpt lat="47.417" lon="10.8019"/>
            <trkpt lat="47.41705" lon="10.8026"/>
            <trkpt lat="47.41716" lon="10.80325"/>
            <trkpt lat="47.41755" lon="10.80492"/>
            <trkpt lat="47.41763" lon="10.80526"/>
            <trkpt lat="47.41779" lon="10.80605"/>
            <trkpt lat="47.41787" lon="10.80652"/>
            <trkpt lat="47.41795" lon="10.80719"/>
            <trkpt lat="47.41799" lon="10.80797"/>
            <trkpt lat="47.418" lon="10.80814"/>
            <trkpt lat="47.418" lon="10.80833"/>
            <trkpt lat="47.41798" lon="10.80933"/>
            <trkpt lat="47.41797" lon="10.80969"/>
            <trkpt lat="47.41794" lon="10.81"/>
            <trkpt lat="47.4179" lon="10.81055"/>
            <trkpt lat="47.41789" lon="10.81077"/>
            <trkpt lat="47.41787" lon="10.81125"/>
            <trkpt lat="47.4178" lon="10.81204"/>
            <trkpt lat="47.41777" lon="10.81289"/>
            <trkpt lat="47.41777" lon="10.81322"/>
            <trkpt lat="47.41778" lon="10.81362"/>
            <trkpt lat="47.41782" lon="10.81404"/>
            <trkpt lat="47.41783" lon="10.81435"/>
            <trkpt lat="47.41789" lon="10.81485"/>
            <trkpt lat="47.41802" lon="10.81577"/>
            <trkpt lat="47.41822" lon="10.81695"/>
            <trkpt lat="47.41834" lon="10.81776"/>
            <trkpt lat="47.41842" lon="10.81838"/>
            <trkpt lat="47.41851" lon="10.8196"/>
            <trkpt lat="47.41851" lon="10.82021"/>
            <trkpt lat="47.41848" lon="10.82104"/>
            <trkpt lat="47.41841" lon="10.82256"/>
            <trkpt lat="47.41841" lon="10.82273"/>
            <trkpt lat="47.4184" lon="10.82284"/>
            <trkpt lat="47.41834" lon="10.82408"/>
            <trkpt lat="47.41829" lon="10.82527"/>
            <trkpt lat="47.41824" lon="10.82716"/>
            <trkpt lat="47.41823" lon="10.82818"/>
            <trkpt lat="47.41823" lon="10.82857"/>
            <trkpt lat="47.41818" lon="10.8294"/>
            <trkpt lat="47.41817" lon="10.82979"/>
            <trkpt lat="47.41816" lon="10.82992"/>
            <trkpt lat="47.41814" lon="10.83003"/>
            <trkpt lat="47.41801" lon="10.83103"/>
            <trkpt lat="47.41799" lon="10.83115"/>
            <trkpt lat="47.41795" lon="10.83146"/>
            <trkpt lat="47.41787" lon="10.8323"/>
            <trkpt lat="47.41786" lon="10.83252"/>
            <trkpt lat="47.41784" lon="10.83309"/>
            <trkpt lat="47.41785" lon="10.83386"/>
            <trkpt lat="47.4179" lon="10.835"/>
            <trkpt lat="47.41793" lon="10.83617"/>
            <trkpt lat="47.41792" lon="10.83784"/>
            <trkpt lat="47.41793" lon="10.83891"/>
            <trkpt lat="47.41793" lon="10.83911"/>
            <trkpt lat="47.41792" lon="10.8396"/>
            <trkpt lat="47.41787" lon="10.84008"/>
            <trkpt lat="47.41768" lon="10.84183"/>
            <trkpt lat="47.4176" lon="10.84251"/>
            <trkpt lat="47.41749" lon="10.84306"/>
            <trkpt lat="47.41744" lon="10.84326"/>
            <trkpt lat="47.41735" lon="10.84359"/>
            <trkpt lat="47.41725" lon="10.84389"/>
            <trkpt lat="47.41699" lon="10.84466"/>
            <trkpt lat="47.4169" lon="10.84492"/>
            <trkpt lat="47.41686" lon="10.84509"/>
            <trkpt lat="47.41682" lon="10.84526"/>
            <trkpt lat="47.41674" lon="10.84575"/>
            <trkpt lat="47.41673" lon="10.84586"/>
            <trkpt lat="47.41671" lon="10.84599"/>
            <trkpt lat="47.41664" lon="10.84652"/>
            <trkpt lat="47.41657" lon="10.8468"/>
            <trkpt lat="47.41648" lon="10.84708"/>
            <trkpt lat="47.41626" lon="10.84756"/>
            <trkpt lat="47.4159" lon="10.84835"/>
            <trkpt lat="47.41574" lon="10.84876"/>
            <trkpt lat="47.41568" lon="10.84895"/>
            <trkpt lat="47.41551" lon="10.84959"/>
            <trkpt lat="47.41543" lon="10.84998"/>
            <trkpt lat="47.4153" lon="10.85079"/>
            <trkpt lat="47.41522" lon="10.85136"/>
            <trkpt lat="47.41503" lon="10.8525"/>
            <trkpt lat="47.415" lon="10.85266"/>
            <trkpt lat="47.41495" lon="10.8529"/>
            <trkpt lat="47.4148" lon="10.85338"/>
            <trkpt lat="47.4146" lon="10.85382"/>
            <trkpt lat="47.41445" lon="10.8541"/>
            <trkpt lat="47.41431" lon="10.85432"/>
            <trkpt lat="47.41417" lon="10.85449"/>
            <trkpt lat="47.41412" lon="10.85456"/>
            <trkpt lat="47.41397" lon="10.85472"/>
            <trkpt lat="47.41372" lon="10.85501"/>
            <trkpt lat="47.41347" lon="10.85534"/>
            <trkpt lat="47.41331" lon="10.85559"/>
            <trkpt lat="47.41325" lon="10.85572"/>
            <trkpt lat="47.4132" lon="10.8558"/>
            <trkpt lat="47.41315" lon="10.85595"/>
            <trkpt lat="47.41291" lon="10.85657"/>
            <trkpt lat="47.41283" lon="10.85684"/>
            <trkpt lat="47.41239" lon="10.85821"/>
            <trkpt lat="47.41158" lon="10.86081"/>
            <trkpt lat="47.41147" lon="10.86107"/>
            <trkpt lat="47.41137" lon="10.86129"/>
            <trkpt lat="47.41123" lon="10.86152"/>
            <trkpt lat="47.41118" lon="10.86161"/>
            <trkpt lat="47.41104" lon="10.8618"/>
            <trkpt lat="47.41097" lon="10.8619"/>
            <trkpt lat="47.41095" lon="10.86193"/>
            <trkpt lat="47.41082" lon="10.86207"/>
            <trkpt lat="47.41064" lon="10.86225"/>
            <trkpt lat="47.41042" lon="10.86243"/>
            <trkpt lat="47.41032" lon="10.8625"/>
            <trkpt lat="47.41004" lon="10.86262"/>
            <trkpt lat="47.40971" lon="10.8628"/>
            <trkpt lat="47.40892" lon="10.86328"/>
            <trkpt lat="47.40861" lon="10.8636"/>
            <trkpt lat="47.40836" lon="10.86392"/>
            <trkpt lat="47.40825" lon="10.86409"/>
            <trkpt lat="47.40813" lon="10.86431"/>
            <trkpt lat="47.40802" lon="10.86455"/>
            <trkpt lat="47.40795" lon="10.86473"/>
            <trkpt lat="47.40786" lon="10.86496"/>
            <trkpt lat="47.40782" lon="10.86519"/>
            <trkpt lat="47.40781" lon="10.86533"/>
            <trkpt lat="47.40782" lon="10.86546"/>
            <trkpt lat="47.40787" lon="10.86557"/>
            <trkpt lat="47.40794" lon="10.86568"/>
            <trkpt lat="47.40799" lon="10.86573"/>
            <trkpt lat="47.40804" lon="10.86577"/>
            <trkpt lat="47.40814" lon="10.8658"/>
            <trkpt lat="47.40823" lon="10.86581"/>
            <trkpt lat="47.40841" lon="10.86575"/>
            <trkpt lat="47.40854" lon="10.86563"/>
            <trkpt lat="47.40861" lon="10.86558"/>
            <trkpt lat="47.40867" lon="10.86555"/>
            <trkpt lat="47.40871" lon="10.86555"/>
            <trkpt lat="47.40873" lon="10.86556"/>
            <trkpt lat="47.40877" lon="10.86558"/>
            <trkpt lat="47.40879" lon="10.86562"/>
            <trkpt lat="47.4088" lon="10.86567"/>
            <trkpt lat="47.4088" lon="10.86572"/>
            <trkpt lat="47.40878" lon="10.86577"/>
            <trkpt lat="47.40874" lon="10.86588"/>
            <trkpt lat="47.40845" lon="10.86629"/>
            <trkpt lat="47.40821" lon="10.86663"/>
            <trkpt lat="47.40797" lon="10.86695"/>
            <trkpt lat="47.40763" lon="10.86731"/>
            <trkpt lat="47.40751" lon="10.86749"/>
            <trkpt lat="47.40747" lon="10.86756"/>
            <trkpt lat="47.40723" lon="10.86797"/>
            <trkpt lat="47.40715" lon="10.86812"/>
            <trkpt lat="47.40692" lon="10.86861"/>
            <trkpt lat="47.4069" lon="10.86866"/>
            <trkpt lat="47.40656" lon="10.86948"/>
            <trkpt lat="47.40632" lon="10.87007"/>
            <trkpt lat="47.40612" lon="10.87055"/>
            <trkpt lat="47.40607" lon="10.87067"/>
            <trkpt lat="47.40581" lon="10.87131"/>
            <trkpt lat="47.40556" lon="10.87194"/>
            <trkpt lat="47.40547" lon="10.87221"/>
            <trkpt lat="47.40545" lon="10.87232"/>
            <trkpt lat="47.40542" lon="10.87242"/>
            <trkpt lat="47.40539" lon="10.87266"/>
            <trkpt lat="47.40535" lon="10.8729"/>
            <trkpt lat="47.40534" lon="10.87369"/>
            <trkpt lat="47.40538" lon="10.87519"/>
            <trkpt lat="47.40537" lon="10.87552"/>
            <trkpt lat="47.4053" lon="10.87608"/>
            <trkpt lat="47.40524" lon="10.87633"/>
            <trkpt lat="47.40521" lon="10.87646"/>
            <trkpt lat="47.4052" lon="10.87653"/>
            <trkpt lat="47.4051" lon="10.87683"/>
            <trkpt lat="47.40497" lon="10.87714"/>
            <trkpt lat="47.4048" lon="10.87742"/>
            <trkpt lat="47.40469" lon="10.87761"/>
            <trkpt lat="47.40438" lon="10.878"/>
            <trkpt lat="47.40418" lon="10.87821"/>
            <trkpt lat="47.40388" lon="10.87858"/>
            <trkpt lat="47.40337" lon="10.87914"/>
            <trkpt lat="47.40282" lon="10.87976"/>
            <trkpt lat="47.40215" lon="10.88053"/>
            <trkpt lat="47.402" lon="10.88072"/>
            <trkpt lat="47.40193" lon="10.88085"/>
            <trkpt lat="47.40188" lon="10.88096"/>
            <trkpt lat="47.40185" lon="10.88104"/>
            <trkpt lat="47.40182" lon="10.88116"/>
            <trkpt lat="47.40176" lon="10.88135"/>
            <trkpt lat="47.40169" lon="10.88161"/>
            <trkpt lat="47.40155" lon="10.88203"/>
            <trkpt lat="47.40148" lon="10.88222"/>
            <trkpt lat="47.40124" lon="10.88288"/>
            <trkpt lat="47.40112" lon="10.88322"/>
            <trkpt lat="47.40099" lon="10.88357"/>
            <trkpt lat="47.40094" lon="10.88372"/>
            <trkpt lat="47.40091" lon="10.88388"/>
            <trkpt lat="47.40091" lon="10.88402"/>
            <trkpt lat="47.40093" lon="10.88414"/>
            <trkpt lat="47.40098" lon="10.88426"/>
            <trkpt lat="47.40101" lon="10.88438"/>
            <trkpt lat="47.40103" lon="10.88447"/>
            <trkpt lat="47.40105" lon="10.88461"/>
            <trkpt lat="47.40106" lon="10.88477"/>
            <trkpt lat="47.40107" lon="10.88495"/>
            <trkpt lat="47.40104" lon="10.88531"/>
            <trkpt lat="47.401" lon="10.88564"/>
            <trkpt lat="47.40097" lon="10.88581"/>
            <trkpt lat="47.40087" lon="10.88632"/>
            <trkpt lat="47.40082" lon="10.88653"/>
            <trkpt lat="47.40079" lon="10.88678"/>
            <trkpt lat="47.40076" lon="10.88706"/>
            <trkpt lat="47.40076" lon="10.8871"/>
            <trkpt lat="47.40076" lon="10.88733"/>
            <trkpt lat="47.40078" lon="10.88755"/>
            <trkpt lat="47.40082" lon="10.88776"/>
            <trkpt lat="47.40085" lon="10.88783"/>
            <trkpt lat="47.4009" lon="10.88792"/>
            <trkpt lat="47.40103" lon="10.88803"/>
            <trkpt lat="47.40127" lon="10.88816"/>
            <trkpt lat="47.40151" lon="10.8883"/>
            <trkpt lat="47.40164" lon="10.8884"/>
            <trkpt lat="47.40177" lon="10.88853"/>
            <trkpt lat="47.40194" lon="10.88876"/>
            <trkpt lat="47.40223" lon="10.88926"/>
            <trkpt lat="47.40227" lon="10.88932"/>
            <trkpt lat="47.40231" lon="10.88938"/>
            <trkpt lat="47.40235" lon="10.88944"/>
            <trkpt lat="47.40252" lon="10.88989"/>
            <trkpt lat="47.40259" lon="10.89011"/>
            <trkpt lat="47.40265" lon="10.89029"/>
            <trkpt lat="47.4027" lon="10.89054"/>
            <trkpt lat="47.40274" lon="10.89075"/>
            <trkpt lat="47.40274" lon="10.89097"/>
            <trkpt lat="47.40273" lon="10.89151"/>
            <trkpt lat="47.40276" lon="10.89172"/>
            <trkpt lat="47.40283" lon="10.89204"/>
            <trkpt lat="47.40302" lon="10.89255"/>
            <trkpt lat="47.40319" lon="10.89294"/>
            <trkpt lat="47.40397" lon="10.89451"/>
            <trkpt lat="47.40408" lon="10.89483"/>
            <trkpt lat="47.40418" lon="10.89517"/>
            <trkpt lat="47.40422" lon="10.89555"/>
            <trkpt lat="47.40425" lon="10.89604"/>
            <trkpt lat="47.40424" lon="10.89664"/>
            <trkpt lat="47.40426" lon="10.89695"/>
            <trkpt lat="47.40431" lon="10.89725"/>
            <trkpt lat="47.40451" lon="10.89805"/>
            <trkpt lat="47.4046" lon="10.89844"/>
            <trkpt lat="47.40461" lon="10.89848"/>
            <trkpt lat="47.40466" lon="10.89884"/>
            <trkpt lat="47.40468" lon="10.89943"/>
            <trkpt lat="47.40468" lon="10.89986"/>
            <trkpt lat="47.40469" lon="10.9002"/>
            <trkpt lat="47.40475" lon="10.90046"/>
            <trkpt lat="47.40484" lon="10.90084"/>
            <trkpt lat="47.40494" lon="10.90112"/>
            <trkpt lat="47.40512" lon="10.90143"/>
            <trkpt lat="47.40523" lon="10.90156"/>
            <trkpt lat="47.40586" lon="10.9024"/>
            <trkpt lat="47.40619" lon="10.90284"/>
            <trkpt lat="47.40647" lon="10.90319"/>
            <trkpt lat="47.40656" lon="10.90331"/>
            <trkpt lat="47.40665" lon="10.90351"/>
            <trkpt lat="47.40673" lon="10.9037"/>
            <trkpt lat="47.40677" lon="10.90384"/>
            <trkpt lat="47.40686" lon="10.90448"/>
            <trkpt lat="47.40689" lon="10.9048"/>
            <trkpt lat="47.40697" lon="10.90549"/>
            <trkpt lat="47.40707" lon="10.9062"/>
            <trkpt lat="47.4071" lon="10.90657"/>
            <trkpt lat="47.40707" lon="10.90693"/>
            <trkpt lat="47.40689" lon="10.90803"/>
            <trkpt lat="47.40687" lon="10.90823"/>
            <trkpt lat="47.40687" lon="10.90843"/>
            <trkpt lat="47.40689" lon="10.9086"/>
            <trkpt lat="47.4071" lon="10.90985"/>
            <trkpt lat="47.40721" lon="10.91046"/>
            <trkpt lat="47.40727" lon="10.9107"/>
            <trkpt lat="47.40731" lon="10.9109"/>
            <trkpt lat="47.40735" lon="10.91103"/>
            <trkpt lat="47.40739" lon="10.91114"/>
            <trkpt lat="47.40741" lon="10.91119"/>
            <trkpt lat="47.40746" lon="10.9113"/>
            <trkpt lat="47.40751" lon="10.91143"/>
            <trkpt lat="47.40756" lon="10.91155"/>
            <trkpt lat="47.40757" lon="10.91161"/>
            <trkpt lat="47.40768" lon="10.91159"/>
            <trkpt lat="47.40781" lon="10.91158"/>
            <trkpt lat="47.40786" lon="10.91154"/>
            <trkpt lat="47.4081" lon="10.91161"/>
            <trkpt lat="47.40834" lon="10.91168"/>
            <trkpt lat="47.40872" lon="10.91182"/>
            <trkpt lat="47.40909" lon="10.91196"/>
            <trkpt lat="47.40928" lon="10.91208"/>
            <trkpt lat="47.40973" lon="10.91239"/>
            <trkpt lat="47.41035" lon="10.91281"/>
            <trkpt lat="47.41036" lon="10.91281"/>
            <trkpt lat="47.41088" lon="10.91319"/>
            <trkpt lat="47.41101" lon="10.91324"/>
            <trkpt lat="47.41117" lon="10.91326"/>
            <trkpt lat="47.41214" lon="10.91321"/>
            <trkpt lat="47.41237" lon="10.91322"/>
            <trkpt lat="47.41248" lon="10.91325"/>
            <trkpt lat="47.4127" lon="10.91335"/>
            <trkpt lat="47.41285" lon="10.91346"/>
            <trkpt lat="47.41303" lon="10.91361"/>
            <trkpt lat="47.41312" lon="10.91368"/>
            <trkpt lat="47.4132" lon="10.91373"/>
            <trkpt lat="47.41329" lon="10.91377"/>
            <trkpt lat="47.41356" lon="10.91385"/>
            <trkpt lat="47.4144" lon="10.91406"/>
            <trkpt lat="47.41493" lon="10.91421"/>
            <trkpt lat="47.41522" lon="10.91433"/>
            <trkpt lat="47.41566" lon="10.91448"/>
            <trkpt lat="47.4158" lon="10.91456"/>
            <trkpt lat="47.4159" lon="10.91466"/>
            <trkpt lat="47.41596" lon="10.91471"/>
            <trkpt lat="47.4161" lon="10.91487"/>
            <trkpt lat="47.41631" lon="10.91506"/>
            <trkpt lat="47.41656" lon="10.91524"/>
            <trkpt lat="47.41691" lon="10.91543"/>
            <trkpt lat="47.41699" lon="10.91549"/>
            <trkpt lat="47.41702" lon="10.91551"/>
            <trkpt lat="47.41753" lon="10.91593"/>
            <trkpt lat="47.41768" lon="10.91603"/>
            <trkpt lat="47.41811" lon="10.91625"/>
            <trkpt lat="47.4187" lon="10.9165"/>
            <trkpt lat="47.41881" lon="10.91655"/>
            <trkpt lat="47.4191" lon="10.91671"/>
            <trkpt lat="47.4195" lon="10.91707"/>
            <trkpt lat="47.41973" lon="10.91725"/>
            <trkpt lat="47.42015" lon="10.91755"/>
            <trkpt lat="47.42114" lon="10.9184"/>
            <trkpt lat="47.42148" lon="10.91867"/>
            <trkpt lat="47.42223" lon="10.91915"/>
            <trkpt lat="47.42271" lon="10.91943"/>
            <trkpt lat="47.42295" lon="10.91957"/>
            <trkpt lat="47.42307" lon="10.91962"/>
            <trkpt lat="47.42329" lon="10.91966"/>
            <trkpt lat="47.42346" lon="10.91963"/>
            <trkpt lat="47.42367" lon="10.91955"/>
            <trkpt lat="47.42373" lon="10.91952"/>
            <trkpt lat="47.42376" lon="10.9195"/>
            <trkpt lat="47.42379" lon="10.91948"/>
            <trkpt lat="47.42411" lon="10.9193"/>
            <trkpt lat="47.42454" lon="10.91923"/>
            <trkpt lat="47.42484" lon="10.91916"/>
            <trkpt lat="47.42513" lon="10.91905"/>
            <trkpt lat="47.42632" lon="10.91835"/>
            <trkpt lat="47.42651" lon="10.91826"/>
            <trkpt lat="47.42662" lon="10.91823"/>
            <trkpt lat="47.42681" lon="10.91822"/>
            <trkpt lat="47.42683" lon="10.91823"/>
            <trkpt lat="47.42695" lon="10.91823"/>
            <trkpt lat="47.42725" lon="10.91827"/>
            <trkpt lat="47.42781" lon="10.91833"/>
            <trkpt lat="47.4282" lon="10.91838"/>
            <trkpt lat="47.42863" lon="10.9184"/>
            <trkpt lat="47.42879" lon="10.91841"/>
            <trkpt lat="47.42896" lon="10.91837"/>
            <trkpt lat="47.4295" lon="10.91814"/>
            <trkpt lat="47.42969" lon="10.91808"/>
            <trkpt lat="47.42983" lon="10.91806"/>
            <trkpt lat="47.42997" lon="10.91807"/>
            <trkpt lat="47.43011" lon="10.91809"/>
            <trkpt lat="47.4317" lon="10.91861"/>
            <trkpt lat="47.43199" lon="10.9187"/>
            <trkpt lat="47.43205" lon="10.91872"/>
            <trkpt lat="47.43216" lon="10.91876"/>
            <trkpt lat="47.43227" lon="10.91881"/>
            <trkpt lat="47.43244" lon="10.91889"/>
            <trkpt lat="47.43267" lon="10.91903"/>
            <trkpt lat="47.43276" lon="10.91908"/>
            <trkpt lat="47.43315" lon="10.91935"/>
            <trkpt lat="47.43331" lon="10.91944"/>
            <trkpt lat="47.43353" lon="10.91959"/>
            <trkpt lat="47.43397" lon="10.91987"/>
            <trkpt lat="47.43424" lon="10.92005"/>
            <trkpt lat="47.43453" lon="10.92024"/>
            <trkpt lat="47.43475" lon="10.92041"/>
            <trkpt lat="47.43476" lon="10.92042"/>
            <trkpt lat="47.43492" lon="10.92055"/>
            <trkpt lat="47.435" lon="10.92062"/>
            <trkpt lat="47.43522" lon="10.92082"/>
            <trkpt lat="47.4353" lon="10.92089"/>
            <trkpt lat="47.43619" lon="10.92167"/>
            <trkpt lat="47.43647" lon="10.9219"/>
            <trkpt lat="47.43669" lon="10.92204"/>
            <trkpt lat="47.43684" lon="10.92211"/>
            <trkpt lat="47.43717" lon="10.92219"/>
            <trkpt lat="47.43721" lon="10.92219"/>
            <trkpt lat="47.43745" lon="10.92221"/>
            <trkpt lat="47.43774" lon="10.9222"/>
            <trkpt lat="47.43806" lon="10.92215"/>
            <trkpt lat="47.43896" lon="10.92191"/>
            <trkpt lat="47.43898" lon="10.92191"/>
            <trkpt lat="47.43991" lon="10.92164"/>
            <trkpt lat="47.44076" lon="10.92141"/>
            <trkpt lat="47.4412" lon="10.92131"/>
            <trkpt lat="47.4433" lon="10.92103"/>
            <trkpt lat="47.44361" lon="10.92102"/>
            <trkpt lat="47.44392" lon="10.92109"/>
            <trkpt lat="47.44485" lon="10.92138"/>
            <trkpt lat="47.44524" lon="10.92151"/>
            <trkpt lat="47.44538" lon="10.92157"/>
            <trkpt lat="47.44551" lon="10.92164"/>
            <trkpt lat="47.44575" lon="10.92183"/>
            <trkpt lat="47.44611" lon="10.92218"/>
            <trkpt lat="47.44621" lon="10.92225"/>
            <trkpt lat="47.44637" lon="10.92233"/>
            <trkpt lat="47.44668" lon="10.92242"/>
            <trkpt lat="47.4473" lon="10.92252"/>
            <trkpt lat="47.44747" lon="10.92258"/>
            <trkpt lat="47.44764" lon="10.92266"/>
            <trkpt lat="47.44842" lon="10.92312"/>
            <trkpt lat="47.44904" lon="10.92348"/>
            <trkpt lat="47.44949" lon="10.92369"/>
            <trkpt lat="47.44977" lon="10.92379"/>
            <trkpt lat="47.45008" lon="10.92385"/>
            <trkpt lat="47.45029" lon="10.92388"/>
            <trkpt lat="47.4506" lon="10.92392"/>
            <trkpt lat="47.45097" lon="10.9239"/>
            <trkpt lat="47.45117" lon="10.92387"/>
            <trkpt lat="47.45172" lon="10.92374"/>
            <trkpt lat="47.45237" lon="10.92353"/>
            <trkpt lat="47.45256" lon="10.92347"/>
            <trkpt lat="47.45266" lon="10.92344"/>
            <trkpt lat="47.45336" lon="10.92321"/>
            <trkpt lat="47.45392" lon="10.92301"/>
            <trkpt lat="47.45405" lon="10.92298"/>
            <trkpt lat="47.45428" lon="10.92295"/>
            <trkpt lat="47.45486" lon="10.92301"/>
            <trkpt lat="47.45506" lon="10.92301"/>
            <trkpt lat="47.45555" lon="10.92295"/>
            <trkpt lat="47.45576" lon="10.9229"/>
            <trkpt lat="47.45599" lon="10.92281"/>
            <trkpt lat="47.45623" lon="10.92269"/>
            <trkpt lat="47.45642" lon="10.92258"/>
            <trkpt lat="47.4566" lon="10.92244"/>
            <trkpt lat="47.45683" lon="10.92223"/>
            <trkpt lat="47.457" lon="10.92203"/>
            <trkpt lat="47.45752" lon="10.92135"/>
            <trkpt lat="47.45775" lon="10.92105"/>
            <trkpt lat="47.45792" lon="10.92091"/>
            <trkpt lat="47.45809" lon="10.92078"/>
            <trkpt lat="47.45826" lon="10.92069"/>
            <trkpt lat="47.4586" lon="10.92058"/>
            <trkpt lat="47.45911" lon="10.92049"/>
            <trkpt lat="47.45934" lon="10.92047"/>
            <trkpt lat="47.45964" lon="10.92049"/>
            <trkpt lat="47.46037" lon="10.92065"/>
            <trkpt lat="47.46094" lon="10.92081"/>
            <trkpt lat="47.46132" lon="10.92092"/>
            <trkpt lat="47.46177" lon="10.92109"/>
            <trkpt lat="47.46203" lon="10.92121"/>
            <trkpt lat="47.46258" lon="10.92153"/>
            <trkpt lat="47.46327" lon="10.92195"/>
            <trkpt lat="47.46433" lon="10.92258"/>
            <trkpt lat="47.46449" lon="10.92269"/>
            <trkpt lat="47.46472" lon="10.92281"/>
            <trkpt lat="47.46499" lon="10.92298"/>
            <trkpt lat="47.4652" lon="10.92313"/>
            <trkpt lat="47.46553" lon="10.92346"/>
            <trkpt lat="47.46564" lon="10.92361"/>
            <trkpt lat="47.46578" lon="10.92382"/>
            <trkpt lat="47.46603" lon="10.92431"/>
            <trkpt lat="47.4663" lon="10.92507"/>
            <trkpt lat="47.46647" lon="10.92562"/>
            <trkpt lat="47.46654" lon="10.92587"/>
            <trkpt lat="47.46683" lon="10.9267"/>
            <trkpt lat="47.46694" lon="10.92699"/>
            <trkpt lat="47.46707" lon="10.92723"/>
            <trkpt lat="47.46719" lon="10.92742"/>
            <trkpt lat="47.46736" lon="10.92764"/>
            <trkpt lat="47.46869" lon="10.92917"/>
            <trkpt lat="47.4689" lon="10.92937"/>
            <trkpt lat="47.46945" lon="10.92973"/>
            <trkpt lat="47.46977" lon="10.92997"/>
            <trkpt lat="47.46993" lon="10.93013"/>
            <trkpt lat="47.47002" lon="10.93023"/>
            <trkpt lat="47.47004" lon="10.93026"/>
            <trkpt lat="47.47231" lon="10.93352"/>
            <trkpt lat="47.47386" lon="10.93575"/>
            <trkpt lat="47.47425" lon="10.93637"/>
            <trkpt lat="47.4748" lon="10.93731"/>
            <trkpt lat="47.47495" lon="10.93754"/>
            <trkpt lat="47.4751" lon="10.93776"/>
            <trkpt lat="47.47533" lon="10.938"/>
            <trkpt lat="47.47555" lon="10.9382"/>
            <trkpt lat="47.47589" lon="10.93842"/>
            <trkpt lat="47.47608" lon="10.93852"/>
            <trkpt lat="47.47665" lon="10.93876"/>
            <trkpt lat="47.47688" lon="10.93889"/>
            <trkpt lat="47.47711" lon="10.93908"/>
            <trkpt lat="47.47722" lon="10.93921"/>
            <trkpt lat="47.47741" lon="10.93949"/>
            <trkpt lat="47.47758" lon="10.93986"/>
            <trkpt lat="47.47764" lon="10.94003"/>
            <trkpt lat="47.47765" lon="10.94007"/>
            <trkpt lat="47.47773" lon="10.9404"/>
            <trkpt lat="47.47775" lon="10.94056"/>
            <trkpt lat="47.47774" lon="10.94061"/>
            <trkpt lat="47.47775" lon="10.94074"/>
            <trkpt lat="47.4778" lon="10.94135"/>
            <trkpt lat="47.47781" lon="10.94142"/>
            <trkpt lat="47.47784" lon="10.94147"/>
            <trkpt lat="47.4779" lon="10.94216"/>
            <trkpt lat="47.47792" lon="10.94238"/>
            <trkpt lat="47.47797" lon="10.94287"/>
            <trkpt lat="47.478" lon="10.9432"/>
            <trkpt lat="47.47803" lon="10.94353"/>
            <trkpt lat="47.47818" lon="10.94465"/>
            <trkpt lat="47.47826" lon="10.94507"/>
            <trkpt lat="47.47837" lon="10.94538"/>
            <trkpt lat="47.4785" lon="10.94569"/>
            <trkpt lat="47.47877" lon="10.94626"/>
            <trkpt lat="47.48008" lon="10.94898"/>
            <trkpt lat="47.4802" lon="10.94931"/>
            <trkpt lat="47.48032" lon="10.94976"/>
            <trkpt lat="47.4804" lon="10.95026"/>
            <trkpt lat="47.48044" lon="10.95086"/>
            <trkpt lat="47.48045" lon="10.95153"/>
            <trkpt lat="47.48039" lon="10.95533"/>
            <trkpt lat="47.48034" lon="10.95878"/>
            <trkpt lat="47.48025" lon="10.96433"/>
            <trkpt lat="47.48025" lon="10.96436"/>
            <trkpt lat="47.48025" lon="10.96493"/>
            <trkpt lat="47.48028" lon="10.96525"/>
            <trkpt lat="47.4804" lon="10.96591"/>
            <trkpt lat="47.48049" lon="10.96639"/>
            <trkpt lat="47.48056" lon="10.96687"/>
            <trkpt lat="47.48058" lon="10.96714"/>
            <trkpt lat="47.48062" lon="10.97005"/>
            <trkpt lat="47.48065" lon="10.9705"/>
            <trkpt lat="47.48071" lon="10.97114"/>
            <trkpt lat="47.48079" lon="10.97159"/>
            <trkpt lat="47.48103" lon="10.97232"/>
            <trkpt lat="47.48139" lon="10.97339"/>
            <trkpt lat="47.48148" lon="10.9736"/>
            <trkpt lat="47.48175" lon="10.97407"/>
            <trkpt lat="47.48196" lon="10.97435"/>
            <trkpt lat="47.48208" lon="10.97448"/>
            <trkpt lat="47.48231" lon="10.97465"/>
            <trkpt lat="47.48251" lon="10.97475"/>
            <trkpt lat="47.48291" lon="10.97496"/>
            <trkpt lat="47.48302" lon="10.97502"/>
            <trkpt lat="47.48327" lon="10.97519"/>
            <trkpt lat="47.48356" lon="10.97544"/>
            <trkpt lat="47.48386" lon="10.97576"/>
            <trkpt lat="47.48412" lon="10.97613"/>
            <trkpt lat="47.48438" lon="10.97657"/>
            <trkpt lat="47.48457" lon="10.97699"/>
            <trkpt lat="47.48464" lon="10.97719"/>
            <trkpt lat="47.48472" lon="10.97746"/>
            <trkpt lat="47.48481" lon="10.97783"/>
            <trkpt lat="47.48486" lon="10.97824"/>
            <trkpt lat="47.48487" lon="10.97876"/>
            <trkpt lat="47.48485" lon="10.97897"/>
            <trkpt lat="47.48481" lon="10.97929"/>
            <trkpt lat="47.48477" lon="10.97949"/>
            <trkpt lat="47.48468" lon="10.97979"/>
            <trkpt lat="47.48455" lon="10.9802"/>
            <trkpt lat="47.48448" lon="10.98047"/>
            <trkpt lat="47.48443" lon="10.98085"/>
            <trkpt lat="47.48441" lon="10.98135"/>
            <trkpt lat="47.48444" lon="10.98224"/>
            <trkpt lat="47.48442" lon="10.98273"/>
            <trkpt lat="47.48435" lon="10.98329"/>
            <trkpt lat="47.48425" lon="10.98395"/>
            <trkpt lat="47.48418" lon="10.98463"/>
            <trkpt lat="47.48411" lon="10.98513"/>
            <trkpt lat="47.48402" lon="10.98551"/>
            <trkpt lat="47.48386" lon="10.98609"/>
            <trkpt lat="47.48377" lon="10.98633"/>
            <trkpt lat="47.48363" lon="10.98669"/>
            <trkpt lat="47.48342" lon="10.98712"/>
            <trkpt lat="47.48318" lon="10.98754"/>
            <trkpt lat="47.48297" lon="10.98784"/>
            <trkpt lat="47.48291" lon="10.98793"/>
            <trkpt lat="47.48286" lon="10.988"/>
            <trkpt lat="47.48264" lon="10.98837"/>
            <trkpt lat="47.48245" lon="10.9888"/>
            <trkpt lat="47.48236" lon="10.98903"/>
            <trkpt lat="47.48223" lon="10.98951"/>
            <trkpt lat="47.48216" lon="10.98982"/>
            <trkpt lat="47.48211" lon="10.99027"/>
            <trkpt lat="47.48209" lon="10.99059"/>
            <trkpt lat="47.48208" lon="10.99243"/>
            <trkpt lat="47.4821" lon="10.99307"/>
            <trkpt lat="47.48222" lon="10.99407"/>
            <trkpt lat="47.48234" lon="10.9952"/>
            <trkpt lat="47.48237" lon="10.99597"/>
            <trkpt lat="47.48237" lon="10.99627"/>
            <trkpt lat="47.48233" lon="10.9968"/>
            <trkpt lat="47.4823" lon="10.997"/>
            <trkpt lat="47.48224" lon="10.99738"/>
            <trkpt lat="47.48212" lon="10.99788"/>
            <trkpt lat="47.48189" lon="10.99864"/>
            <trkpt lat="47.48176" lon="10.9991"/>
            <trkpt lat="47.48172" lon="10.99931"/>
            <trkpt lat="47.48168" lon="10.99953"/>
            <trkpt lat="47.4816" lon="11.00017"/>
            <trkpt lat="47.48156" lon="11.00084"/>
            <trkpt lat="47.48151" lon="11.00223"/>
            <trkpt lat="47.4815" lon="11.00307"/>
            <trkpt lat="47.48153" lon="11.00354"/>
            <trkpt lat="47.4816" lon="11.00433"/>
            <trkpt lat="47.48161" lon="11.00464"/>
            <trkpt lat="47.48157" lon="11.00562"/>
            <trkpt lat="47.48157" lon="11.00592"/>
            <trkpt lat="47.48164" lon="11.00689"/>
            <trkpt lat="47.4817" lon="11.00754"/>
            <trkpt lat="47.48173" lon="11.00803"/>
            <trkpt lat="47.48173" lon="11.0083"/>
            <trkpt lat="47.48176" lon="11.00944"/>
            <trkpt lat="47.48184" lon="11.01071"/>
            <trkpt lat="47.48182" lon="11.01112"/>
            <trkpt lat="47.48179" lon="11.01139"/>
            <trkpt lat="47.48168" lon="11.01189"/>
            <trkpt lat="47.48161" lon="11.01219"/>
            <trkpt lat="47.48153" lon="11.01258"/>
            <trkpt lat="47.48148" lon="11.01305"/>
            <trkpt lat="47.48144" lon="11.01434"/>
            <trkpt lat="47.48141" lon="11.01532"/>
            <trkpt lat="47.48143" lon="11.01705"/>
            <trkpt lat="47.48144" lon="11.0179"/>
            <trkpt lat="47.48147" lon="11.02008"/>
            <trkpt lat="47.4815" lon="11.02057"/>
            <trkpt lat="47.48154" lon="11.02099"/>
            <trkpt lat="47.48171" lon="11.02218"/>
            <trkpt lat="47.48177" lon="11.02271"/>
            <trkpt lat="47.48196" lon="11.02521"/>
            <trkpt lat="47.48208" lon="11.02672"/>
            <trkpt lat="47.48211" lon="11.02694"/>
            <trkpt lat="47.48215" lon="11.02716"/>
            <trkpt lat="47.48229" lon="11.02767"/>
            <trkpt lat="47.48239" lon="11.02792"/>
            <trkpt lat="47.48279" lon="11.02885"/>
            <trkpt lat="47.48289" lon="11.02914"/>
            <trkpt lat="47.48291" lon="11.02921"/>
            <trkpt lat="47.48299" lon="11.02962"/>
            <trkpt lat="47.48312" lon="11.03027"/>
            <trkpt lat="47.48324" lon="11.0309"/>
            <trkpt lat="47.48326" lon="11.0312"/>
            <trkpt lat="47.48327" lon="11.03161"/>
            <trkpt lat="47.48323" lon="11.03253"/>
            <trkpt lat="47.48324" lon="11.03284"/>
            <trkpt lat="47.48328" lon="11.03328"/>
            <trkpt lat="47.48331" lon="11.03345"/>
            <trkpt lat="47.48344" lon="11.03427"/>
            <trkpt lat="47.48349" lon="11.0347"/>
            <trkpt lat="47.4835" lon="11.03499"/>
            <trkpt lat="47.48352" lon="11.03613"/>
            <trkpt lat="47.48352" lon="11.03623"/>
            <trkpt lat="47.48352" lon="11.03654"/>
            <trkpt lat="47.48352" lon="11.03726"/>
            <trkpt lat="47.4835" lon="11.03752"/>
            <trkpt lat="47.48346" lon="11.03783"/>
            <trkpt lat="47.4834" lon="11.03817"/>
            <trkpt lat="47.48332" lon="11.03855"/>
            <trkpt lat="47.48321" lon="11.039"/>
            <trkpt lat="47.48319" lon="11.03907"/>
            <trkpt lat="47.48311" lon="11.03931"/>
            <trkpt lat="47.48304" lon="11.03946"/>
            <trkpt lat="47.48291" lon="11.03976"/>
            <trkpt lat="47.48289" lon="11.03979"/>
            <trkpt lat="47.48284" lon="11.03995"/>
            <trkpt lat="47.4828" lon="11.04017"/>
            <trkpt lat="47.48276" lon="11.04057"/>
            <trkpt lat="47.48268" lon="11.04102"/>
            <trkpt lat="47.48261" lon="11.0413"/>
            <trkpt lat="47.48251" lon="11.04166"/>
            <trkpt lat="47.48186" lon="11.04392"/>
            <trkpt lat="47.48164" lon="11.04463"/>
            <trkpt lat="47.48154" lon="11.04489"/>
            <trkpt lat="47.48137" lon="11.04526"/>
            <trkpt lat="47.48119" lon="11.04557"/>
            <trkpt lat="47.48101" lon="11.04588"/>
            <trkpt lat="47.48088" lon="11.04613"/>
            <trkpt lat="47.4806" lon="11.04675"/>
            <trkpt lat="47.48049" lon="11.04713"/>
            <trkpt lat="47.48043" lon="11.04744"/>
            <trkpt lat="47.48042" lon="11.04761"/>
            <trkpt lat="47.4804" lon="11.0478"/>
            <trkpt lat="47.48039" lon="11.04788"/>
            <trkpt lat="47.48038" lon="11.04821"/>
            <trkpt lat="47.48038" lon="11.04839"/>
            <trkpt lat="47.48039" lon="11.04865"/>
            <trkpt lat="47.4804" lon="11.04893"/>
            <trkpt lat="47.48037" lon="11.04894"/>
            <trkpt lat="47.48035" lon="11.04896"/>
            <trkpt lat="47.48033" lon="11.04897"/>
            <trkpt lat="47.48032" lon="11.04899"/>
            <trkpt lat="47.4803" lon="11.04902"/>
            <trkpt lat="47.48028" lon="11.04906"/>
            <trkpt lat="47.48027" lon="11.0491"/>
            <trkpt lat="47.48027" lon="11.04914"/>
            <trkpt lat="47.48027" lon="11.04917"/>
            <trkpt lat="47.47997" lon="11.04923"/>
            <trkpt lat="47.47994" lon="11.04923"/>
            <trkpt lat="47.47978" lon="11.04929"/>
            <trkpt lat="47.4796" lon="11.04938"/>
            <trkpt lat="47.4795" lon="11.04945"/>
            <trkpt lat="47.47942" lon="11.04953"/>
            <trkpt lat="47.47937" lon="11.04957"/>
            <trkpt lat="47.47908" lon="11.04997"/>
            <trkpt lat="47.47898" lon="11.05022"/>
            <trkpt lat="47.47896" lon="11.05026"/>
            <trkpt lat="47.47888" lon="11.05058"/>
            <trkpt lat="47.47886" lon="11.05069"/>
            <trkpt lat="47.47883" lon="11.0509"/>
            <trkpt lat="47.47882" lon="11.05099"/>
            <trkpt lat="47.47883" lon="11.05133"/>
            <trkpt lat="47.47885" lon="11.05157"/>
            <trkpt lat="47.4789" lon="11.05176"/>
            <trkpt lat="47.47896" lon="11.05198"/>
            <trkpt lat="47.47899" lon="11.05206"/>
            <trkpt lat="47.47902" lon="11.05214"/>
            <trkpt lat="47.47907" lon="11.05225"/>
            <trkpt lat="47.47907" lon="11.05225"/>
            <trkpt lat="47.47907" lon="11.05226"/>
            <trkpt lat="47.47912" lon="11.05236"/>
            <trkpt lat="47.47922" lon="11.05256"/>
            <trkpt lat="47.47927" lon="11.05265"/>
            <trkpt lat="47.47933" lon="11.05278"/>
            <trkpt lat="47.47951" lon="11.05315"/>
            <trkpt lat="47.4796" lon="11.05339"/>
            <trkpt lat="47.47962" lon="11.05346"/>
            <trkpt lat="47.47964" lon="11.0535"/>
            <trkpt lat="47.47971" lon="11.05376"/>
            <trkpt lat="47.47974" lon="11.05388"/>
            <trkpt lat="47.47981" lon="11.05426"/>
            <trkpt lat="47.47989" lon="11.05481"/>
            <trkpt lat="47.47991" lon="11.05494"/>
            <trkpt lat="47.48001" lon="11.05567"/>
            <trkpt lat="47.48005" lon="11.05596"/>
            <trkpt lat="47.4801" lon="11.05632"/>
            <trkpt lat="47.4801" lon="11.05646"/>
            <trkpt lat="47.48011" lon="11.05658"/>
            <trkpt lat="47.48012" lon="11.05692"/>
            <trkpt lat="47.4801" lon="11.0573"/>
            <trkpt lat="47.48006" lon="11.0578"/>
            <trkpt lat="47.48006" lon="11.05831"/>
            <trkpt lat="47.48009" lon="11.05856"/>
            <trkpt lat="47.48013" lon="11.05882"/>
            <trkpt lat="47.48058" lon="11.06056"/>
            <trkpt lat="47.48064" lon="11.06075"/>
            <trkpt lat="47.48065" lon="11.06081"/>
            <trkpt lat="47.48074" lon="11.06107"/>
            <trkpt lat="47.48081" lon="11.06123"/>
            <trkpt lat="47.48092" lon="11.06144"/>
            <trkpt lat="47.48113" lon="11.06175"/>
            <trkpt lat="47.48127" lon="11.06192"/>
            <trkpt lat="47.48139" lon="11.06202"/>
            <trkpt lat="47.48164" lon="11.06221"/>
            <trkpt lat="47.48222" lon="11.06253"/>
            <trkpt lat="47.48247" lon="11.0627"/>
            <trkpt lat="47.48251" lon="11.06273"/>
            <trkpt lat="47.48257" lon="11.06283"/>
            <trkpt lat="47.48277" lon="11.06302"/>
            <trkpt lat="47.48291" lon="11.06318"/>
            <trkpt lat="47.48311" lon="11.06342"/>
            <trkpt lat="47.48334" lon="11.06377"/>
            <trkpt lat="47.48341" lon="11.06383"/>
            <trkpt lat="47.48374" lon="11.06452"/>
            <trkpt lat="47.48398" lon="11.06505"/>
            <trkpt lat="47.48431" lon="11.06571"/>
            <trkpt lat="47.48501" lon="11.06685"/>
            <trkpt lat="47.48507" lon="11.06695"/>
            <trkpt lat="47.48544" lon="11.06757"/>
            <trkpt lat="47.48555" lon="11.06774"/>
            <trkpt lat="47.4856" lon="11.06781"/>
            <trkpt lat="47.48568" lon="11.06795"/>
            <trkpt lat="47.48628" lon="11.0689"/>
            <trkpt lat="47.48634" lon="11.06901"/>
            <trkpt lat="47.48687" lon="11.0698"/>
            <trkpt lat="47.48698" lon="11.06994"/>
            <trkpt lat="47.48718" lon="11.07023"/>
            <trkpt lat="47.48745" lon="11.07064"/>
            <trkpt lat="47.48794" lon="11.07153"/>
            <trkpt lat="47.48833" lon="11.07226"/>
            <trkpt lat="47.48866" lon="11.07286"/>
            <trkpt lat="47.48881" lon="11.07313"/>
            <trkpt lat="47.48938" lon="11.07422"/>
            <trkpt lat="47.48943" lon="11.07432"/>
            <trkpt lat="47.48984" lon="11.07524"/>
            <trkpt lat="47.49001" lon="11.07559"/>
            <trkpt lat="47.49011" lon="11.07583"/>
            <trkpt lat="47.49036" lon="11.07642"/>
            <trkpt lat="47.49043" lon="11.07661"/>
            <trkpt lat="47.49055" lon="11.07712"/>
            <trkpt lat="47.49058" lon="11.07734"/>
            <trkpt lat="47.49077" lon="11.07839"/>
            <trkpt lat="47.49084" lon="11.07877"/>
            <trkpt lat="47.49104" lon="11.08004"/>
            <trkpt lat="47.49124" lon="11.08176"/>
            <trkpt lat="47.49136" lon="11.08262"/>
            <trkpt lat="47.49146" lon="11.08313"/>
            <trkpt lat="47.49153" lon="11.08348"/>
            <trkpt lat="47.49165" lon="11.08407"/>
            <trkpt lat="47.4917" lon="11.08428"/>
            <trkpt lat="47.49177" lon="11.08453"/>
            <trkpt lat="47.49183" lon="11.08474"/>
            <trkpt lat="47.49195" lon="11.08503"/>
            <trkpt lat="47.49211" lon="11.08548"/>
            <trkpt lat="47.49213" lon="11.08555"/>
            <trkpt lat="47.49235" lon="11.08609"/>
            <trkpt lat="47.49218" lon="11.08629"/>
            <trkpt lat="47.49215" lon="11.08632"/>
            <trkpt lat="47.49213" lon="11.08634"/>
            <trkpt lat="47.49206" lon="11.0864"/>
            <trkpt lat="47.49197" lon="11.08645"/>
            <trkpt lat="47.49183" lon="11.08651"/>
            <trkpt lat="47.49173" lon="11.08654"/>
            <trkpt lat="47.4912" lon="11.08676"/>
            <trkpt lat="47.49074" lon="11.08688"/>
            <trkpt lat="47.49059" lon="11.08692"/>
            <trkpt lat="47.49047" lon="11.08696"/>
            <trkpt lat="47.48992" lon="11.08727"/>
            <trkpt lat="47.48974" lon="11.08738"/>
            <trkpt lat="47.48942" lon="11.08758"/>
            <trkpt lat="47.4896" lon="11.08795"/>
            <trkpt lat="47.48966" lon="11.08809"/>
            <trkpt lat="47.4899" lon="11.08866"/>
            <trkpt lat="47.49022" lon="11.08942"/>
            <trkpt lat="47.4905" lon="11.09014"/>
            <trkpt lat="47.4905" lon="11.09017"/>
            <trkpt lat="47.4905" lon="11.09021"/>
            <trkpt lat="47.4905" lon="11.09024"/>
            <trkpt lat="47.49051" lon="11.09028"/>
            <trkpt lat="47.49079" lon="11.09114"/>
            <trkpt lat="47.49085" lon="11.0913"/>
            <trkpt lat="47.49117" lon="11.09245"/>
            <trkpt lat="47.49132" lon="11.09295"/>
            <trkpt lat="47.49162" lon="11.09409"/>
            <trkpt lat="47.49181" lon="11.09481"/>
            <trkpt lat="47.49201" lon="11.09546"/>
            <trkpt lat="47.49208" lon="11.09568"/>
            <trkpt lat="47.49225" lon="11.09619"/>
            <trkpt lat="47.49243" lon="11.09674"/>
            <trkpt lat="47.49246" lon="11.09685"/>
            <trkpt lat="47.49254" lon="11.0971"/>
            <trkpt lat="47.49265" lon="11.09745"/>
            <trkpt lat="47.49271" lon="11.09772"/>
            <trkpt lat="47.49273" lon="11.09789"/>
            <trkpt lat="47.49273" lon="11.09795"/>
            <trkpt lat="47.49272" lon="11.09806"/>
            <trkpt lat="47.49271" lon="11.09813"/>
            <trkpt lat="47.4927" lon="11.09815"/>
            <trkpt lat="47.49266" lon="11.09823"/>
            <trkpt lat="47.49263" lon="11.09828"/>
            <trkpt lat="47.4926" lon="11.09831"/>
            <trkpt lat="47.49253" lon="11.09839"/>
            <trkpt lat="47.4925" lon="11.09841"/>
            <trkpt lat="47.49208" lon="11.09869"/>
            <trkpt lat="47.49201" lon="11.09874"/>
            <trkpt lat="47.49193" lon="11.09881"/>
            <trkpt lat="47.49189" lon="11.09885"/>
            <trkpt lat="47.49185" lon="11.09894"/>
            <trkpt lat="47.49182" lon="11.09901"/>
            <trkpt lat="47.49181" lon="11.09912"/>
            <trkpt lat="47.4918" lon="11.09922"/>
            <trkpt lat="47.49181" lon="11.09929"/>
            <trkpt lat="47.49183" lon="11.09938"/>
            <trkpt lat="47.49186" lon="11.09947"/>
            <trkpt lat="47.49188" lon="11.09951"/>
            <trkpt lat="47.49193" lon="11.09969"/>
            <trkpt lat="47.49197" lon="11.09983"/>
            <trkpt lat="47.49202" lon="11.10004"/>
            <trkpt lat="47.49206" lon="11.10016"/>
            <trkpt lat="47.49219" lon="11.10062"/>
            <trkpt lat="47.49221" lon="11.1007"/>
            <trkpt lat="47.49221" lon="11.1008"/>
            <trkpt lat="47.49227" lon="11.10099"/>
            <trkpt lat="47.49242" lon="11.10134"/>
            <trkpt lat="47.49257" lon="11.10168"/>
            <trkpt lat="47.49269" lon="11.10193"/>
            <trkpt lat="47.49296" lon="11.10261"/>
            <trkpt lat="47.49325" lon="11.10345"/>
            <trkpt lat="47.4933" lon="11.1035"/>
            <trkpt lat="47.49332" lon="11.10361"/>
            <trkpt lat="47.49362" lon="11.10446"/>
            <trkpt lat="47.49376" lon="11.10483"/>
            <trkpt lat="47.49374" lon="11.10496"/>
            <trkpt lat="47.49385" lon="11.10525"/>
            <trkpt lat="47.49384" lon="11.10533"/>
            <trkpt lat="47.49384" lon="11.10549"/>
            <trkpt lat="47.49383" lon="11.10562"/>
            <trkpt lat="47.49381" lon="11.10571"/>
            <trkpt lat="47.49375" lon="11.10589"/>
            <trkpt lat="47.4937" lon="11.10595"/>
            <trkpt lat="47.49333" lon="11.10631"/>
            <trkpt lat="47.49298" lon="11.10665"/>
            <trkpt lat="47.49294" lon="11.10674"/>
            <trkpt lat="47.49288" lon="11.10678"/>
            <trkpt lat="47.49281" lon="11.10684"/>
            <trkpt lat="47.49265" lon="11.10699"/>
            <trkpt lat="47.49229" lon="11.10739"/>
            <trkpt lat="47.49214" lon="11.10757"/>
            <trkpt lat="47.49186" lon="11.10797"/>
            <trkpt lat="47.49157" lon="11.10846"/>
            <trkpt lat="47.4915" lon="11.1086"/>
            <trkpt lat="47.49128" lon="11.10906"/>
            <trkpt lat="47.49116" lon="11.10934"/>
            <trkpt lat="47.4911" lon="11.10953"/>
            <trkpt lat="47.49096" lon="11.11"/>
            <trkpt lat="47.49077" lon="11.1106"/>
            <trkpt lat="47.49067" lon="11.11092"/>
            <trkpt lat="47.49039" lon="11.11181"/>
            <trkpt lat="47.49031" lon="11.11204"/>
            <trkpt lat="47.49007" lon="11.11259"/>
            <trkpt lat="47.48989" lon="11.11291"/>
            <trkpt lat="47.48969" lon="11.1132"/>
            <trkpt lat="47.48944" lon="11.11353"/>
            <trkpt lat="47.4892" lon="11.11379"/>
            <trkpt lat="47.4888" lon="11.1142"/>
            <trkpt lat="47.4887" lon="11.11433"/>
            <trkpt lat="47.48843" lon="11.1147"/>
            <trkpt lat="47.48789" lon="11.11551"/>
            <trkpt lat="47.4876" lon="11.11595"/>
            <trkpt lat="47.48712" lon="11.11668"/>
            <trkpt lat="47.48663" lon="11.11738"/>
            <trkpt lat="47.48649" lon="11.11756"/>
            <trkpt lat="47.48634" lon="11.11775"/>
            <trkpt lat="47.48615" lon="11.11785"/>
            <trkpt lat="47.48594" lon="11.11816"/>
            <trkpt lat="47.4858" lon="11.11835"/>
            <trkpt lat="47.48514" lon="11.11913"/>
            <trkpt lat="47.4851" lon="11.11918"/>
            <trkpt lat="47.48498" lon="11.1193"/>
            <trkpt lat="47.48482" lon="11.1196"/>
            <trkpt lat="47.48478" lon="11.1197"/>
            <trkpt lat="47.4847" lon="11.1198"/>
            <trkpt lat="47.4845" lon="11.12006"/>
            <trkpt lat="47.48441" lon="11.1202"/>
            <trkpt lat="47.48425" lon="11.12048"/>
            <trkpt lat="47.48415" lon="11.12072"/>
            <trkpt lat="47.48408" lon="11.12102"/>
            <trkpt lat="47.48406" lon="11.12121"/>
            <trkpt lat="47.48402" lon="11.12166"/>
            <trkpt lat="47.48402" lon="11.12187"/>
            <trkpt lat="47.48408" lon="11.12248"/>
            <trkpt lat="47.48416" lon="11.12289"/>
            <trkpt lat="47.48418" lon="11.12297"/>
            <trkpt lat="47.4843" lon="11.12334"/>
            <trkpt lat="47.48445" lon="11.12382"/>
            <trkpt lat="47.48457" lon="11.12426"/>
            <trkpt lat="47.48468" lon="11.12476"/>
            <trkpt lat="47.4847" lon="11.12489"/>
            <trkpt lat="47.48478" lon="11.12518"/>
            <trkpt lat="47.4849" lon="11.12552"/>
            <trkpt lat="47.48512" lon="11.12597"/>
            <trkpt lat="47.48524" lon="11.12625"/>
            <trkpt lat="47.48536" lon="11.12665"/>
            <trkpt lat="47.4854" lon="11.12686"/>
            <trkpt lat="47.48564" lon="11.12812"/>
            <trkpt lat="47.48587" lon="11.1291"/>
            <trkpt lat="47.4859" lon="11.1293"/>
            <trkpt lat="47.48593" lon="11.12949"/>
            <trkpt lat="47.48597" lon="11.12981"/>
            <trkpt lat="47.48597" lon="11.1302"/>
            <trkpt lat="47.48597" lon="11.13026"/>
            <trkpt lat="47.48593" lon="11.13069"/>
            <trkpt lat="47.48584" lon="11.13116"/>
            <trkpt lat="47.48577" lon="11.13149"/>
            <trkpt lat="47.48571" lon="11.13182"/>
            <trkpt lat="47.48569" lon="11.13208"/>
            <trkpt lat="47.48572" lon="11.13266"/>
            <trkpt lat="47.48571" lon="11.13281"/>
            <trkpt lat="47.48571" lon="11.13288"/>
            <trkpt lat="47.48569" lon="11.13296"/>
            <trkpt lat="47.48566" lon="11.13305"/>
            <trkpt lat="47.48563" lon="11.13314"/>
            <trkpt lat="47.4856" lon="11.13322"/>
            <trkpt lat="47.48552" lon="11.13334"/>
            <trkpt lat="47.4855" lon="11.13337"/>
            <trkpt lat="47.4854" lon="11.13348"/>
            <trkpt lat="47.48528" lon="11.13362"/>
            <trkpt lat="47.48514" lon="11.13381"/>
            <trkpt lat="47.4851" lon="11.13388"/>
            <trkpt lat="47.48503" lon="11.13402"/>
            <trkpt lat="47.485" lon="11.13411"/>
            <trkpt lat="47.48496" lon="11.13424"/>
            <trkpt lat="47.48494" lon="11.13435"/>
            <trkpt lat="47.48493" lon="11.13443"/>
            <trkpt lat="47.48493" lon="11.13457"/>
            <trkpt lat="47.48493" lon="11.13471"/>
            <trkpt lat="47.48499" lon="11.13496"/>
            <trkpt lat="47.48507" lon="11.13515"/>
            <trkpt lat="47.48525" lon="11.13543"/>
            <trkpt lat="47.4853" lon="11.13554"/>
            <trkpt lat="47.48536" lon="11.13574"/>
            <trkpt lat="47.48538" lon="11.13585"/>
            <trkpt lat="47.48538" lon="11.13594"/>
            <trkpt lat="47.48538" lon="11.13618"/>
            <trkpt lat="47.48532" lon="11.13686"/>
            <trkpt lat="47.48529" lon="11.13721"/>
            <trkpt lat="47.48526" lon="11.13772"/>
            <trkpt lat="47.48527" lon="11.13826"/>
            <trkpt lat="47.48531" lon="11.13883"/>
            <trkpt lat="47.48545" lon="11.14014"/>
            <trkpt lat="47.48545" lon="11.14017"/>
            <trkpt lat="47.48548" lon="11.14051"/>
            <trkpt lat="47.48549" lon="11.14101"/>
            <trkpt lat="47.48544" lon="11.1427"/>
            <trkpt lat="47.48546" lon="11.14326"/>
            <trkpt lat="47.4855" lon="11.14385"/>
            <trkpt lat="47.48556" lon="11.14428"/>
            <trkpt lat="47.48566" lon="11.14488"/>
            <trkpt lat="47.48587" lon="11.14607"/>
            <trkpt lat="47.48599" lon="11.14708"/>
            <trkpt lat="47.48612" lon="11.14828"/>
            <trkpt lat="47.48626" lon="11.14932"/>
            <trkpt lat="47.48632" lon="11.14965"/>
            <trkpt lat="47.48634" lon="11.14982"/>
            <trkpt lat="47.48647" lon="11.15088"/>
            <trkpt lat="47.48654" lon="11.15159"/>
            <trkpt lat="47.48658" lon="11.15195"/>
            <trkpt lat="47.4866" lon="11.15204"/>
            <trkpt lat="47.48672" lon="11.1526"/>
            <trkpt lat="47.48679" lon="11.1529"/>
            <trkpt lat="47.48698" lon="11.15346"/>
            <trkpt lat="47.48716" lon="11.15393"/>
            <trkpt lat="47.48747" lon="11.1546"/>
            <trkpt lat="47.48756" lon="11.15484"/>
            <trkpt lat="47.48759" lon="11.15492"/>
            <trkpt lat="47.48762" lon="11.15503"/>
            <trkpt lat="47.48764" lon="11.15515"/>
            <trkpt lat="47.48769" lon="11.15552"/>
            <trkpt lat="47.4877" lon="11.15617"/>
            <trkpt lat="47.48772" lon="11.1568"/>
            <trkpt lat="47.48777" lon="11.15765"/>
            <trkpt lat="47.48779" lon="11.15786"/>
            <trkpt lat="47.48787" lon="11.15845"/>
            <trkpt lat="47.488" lon="11.15931"/>
            <trkpt lat="47.48809" lon="11.15984"/>
            <trkpt lat="47.48814" lon="11.16025"/>
            <trkpt lat="47.4882" lon="11.16103"/>
            <trkpt lat="47.48826" lon="11.16191"/>
            <trkpt lat="47.48828" lon="11.16211"/>
            <trkpt lat="47.48835" lon="11.1629"/>
            <trkpt lat="47.48844" lon="11.16372"/>
            <trkpt lat="47.48885" lon="11.16672"/>
            <trkpt lat="47.48893" lon="11.1673"/>
            <trkpt lat="47.48907" lon="11.16858"/>
            <trkpt lat="47.48913" lon="11.16944"/>
            <trkpt lat="47.48917" lon="11.17031"/>
            <trkpt lat="47.48918" lon="11.17117"/>
            <trkpt lat="47.48916" lon="11.17197"/>
            <trkpt lat="47.48913" lon="11.1725"/>
            <trkpt lat="47.48908" lon="11.17311"/>
            <trkpt lat="47.48901" lon="11.17369"/>
            <trkpt lat="47.48898" lon="11.17396"/>
            <trkpt lat="47.48884" lon="11.17494"/>
            <trkpt lat="47.48876" lon="11.1756"/>
            <trkpt lat="47.48869" lon="11.17646"/>
            <trkpt lat="47.48865" lon="11.17732"/>
            <trkpt lat="47.48863" lon="11.17766"/>
            <trkpt lat="47.48857" lon="11.1783"/>
            <trkpt lat="47.48845" lon="11.17907"/>
            <trkpt lat="47.4884" lon="11.17936"/>
            <trkpt lat="47.48824" lon="11.1801"/>
            <trkpt lat="47.48802" lon="11.18099"/>
            <trkpt lat="47.48797" lon="11.18128"/>
            <trkpt lat="47.48789" lon="11.18185"/>
            <trkpt lat="47.48785" lon="11.18238"/>
            <trkpt lat="47.48783" lon="11.18308"/>
            <trkpt lat="47.48783" lon="11.18319"/>
            <trkpt lat="47.48782" lon="11.18408"/>
            <trkpt lat="47.48782" lon="11.18442"/>
            <trkpt lat="47.48779" lon="11.18502"/>
            <trkpt lat="47.48772" lon="11.18615"/>
            <trkpt lat="47.48771" lon="11.18668"/>
            <trkpt lat="47.48773" lon="11.1873"/>
            <trkpt lat="47.48777" lon="11.18788"/>
            <trkpt lat="47.48786" lon="11.18857"/>
            <trkpt lat="47.48799" lon="11.18934"/>
            <trkpt lat="47.48811" lon="11.19032"/>
            <trkpt lat="47.48815" lon="11.19093"/>
            <trkpt lat="47.48815" lon="11.19148"/>
            <trkpt lat="47.48809" lon="11.19258"/>
            <trkpt lat="47.48805" lon="11.19309"/>
            <trkpt lat="47.48806" lon="11.19361"/>
            <trkpt lat="47.48809" lon="11.19398"/>
            <trkpt lat="47.48815" lon="11.19443"/>
            <trkpt lat="47.48843" lon="11.19567"/>
            <trkpt lat="47.48847" lon="11.19594"/>
            <trkpt lat="47.48851" lon="11.19635"/>
            <trkpt lat="47.48852" lon="11.19687"/>
            <trkpt lat="47.4885" lon="11.19736"/>
            <trkpt lat="47.48847" lon="11.19783"/>
            <trkpt lat="47.48847" lon="11.19841"/>
            <trkpt lat="47.48847" lon="11.19865"/>
            <trkpt lat="47.48849" lon="11.1989"/>
            <trkpt lat="47.48855" lon="11.19926"/>
            <trkpt lat="47.48862" lon="11.19959"/>
            <trkpt lat="47.48878" lon="11.20017"/>
            <trkpt lat="47.48901" lon="11.20077"/>
            <trkpt lat="47.48937" lon="11.20166"/>
            <trkpt lat="47.48961" lon="11.20233"/>
            <trkpt lat="47.48975" lon="11.20289"/>
            <trkpt lat="47.48985" lon="11.20349"/>
            <trkpt lat="47.4899" lon="11.20421"/>
            <trkpt lat="47.48992" lon="11.20483"/>
            <trkpt lat="47.48988" lon="11.20556"/>
            <trkpt lat="47.48983" lon="11.20605"/>
            <trkpt lat="47.48981" lon="11.20626"/>
            <trkpt lat="47.48943" lon="11.20916"/>
            <trkpt lat="47.48933" lon="11.2101"/>
            <trkpt lat="47.48929" lon="11.21098"/>
            <trkpt lat="47.48929" lon="11.21164"/>
            <trkpt lat="47.48931" lon="11.21265"/>
            <trkpt lat="47.48941" lon="11.21424"/>
            <trkpt lat="47.48946" lon="11.21503"/>
            <trkpt lat="47.48948" lon="11.21572"/>
            <trkpt lat="47.48948" lon="11.21598"/>
            <trkpt lat="47.48944" lon="11.21659"/>
            <trkpt lat="47.48935" lon="11.21762"/>
            <trkpt lat="47.4893" lon="11.21828"/>
            <trkpt lat="47.48928" lon="11.21903"/>
            <trkpt lat="47.48928" lon="11.21985"/>
            <trkpt lat="47.48927" lon="11.22036"/>
            <trkpt lat="47.48923" lon="11.2208"/>
            <trkpt lat="47.48916" lon="11.22128"/>
            <trkpt lat="47.48909" lon="11.22162"/>
            <trkpt lat="47.48903" lon="11.22186"/>
            <trkpt lat="47.48885" lon="11.22247"/>
            <trkpt lat="47.48863" lon="11.22311"/>
            <trkpt lat="47.48803" lon="11.22483"/>
            <trkpt lat="47.48786" lon="11.22526"/>
            <trkpt lat="47.48764" lon="11.22574"/>
            <trkpt lat="47.48746" lon="11.22609"/>
            <trkpt lat="47.48709" lon="11.2267"/>
            <trkpt lat="47.48639" lon="11.22776"/>
            <trkpt lat="47.48624" lon="11.22803"/>
            <trkpt lat="47.48612" lon="11.22822"/>
            <trkpt lat="47.48591" lon="11.22864"/>
            <trkpt lat="47.48559" lon="11.22936"/>
            <trkpt lat="47.48539" lon="11.22989"/>
            <trkpt lat="47.48512" lon="11.2307"/>
            <trkpt lat="47.48488" lon="11.23145"/>
            <trkpt lat="47.48457" lon="11.23229"/>
            <trkpt lat="47.48447" lon="11.23263"/>
            <trkpt lat="47.48433" lon="11.23313"/>
            <trkpt lat="47.48422" lon="11.23367"/>
            <trkpt lat="47.48395" lon="11.23526"/>
            <trkpt lat="47.48387" lon="11.23574"/>
            <trkpt lat="47.48386" lon="11.2358"/>
            <trkpt lat="47.48375" lon="11.23636"/>
            <trkpt lat="47.48373" lon="11.23647"/>
            <trkpt lat="47.48359" lon="11.23718"/>
            <trkpt lat="47.48352" lon="11.23762"/>
            <trkpt lat="47.48342" lon="11.23811"/>
            <trkpt lat="47.48334" lon="11.23841"/>
            <trkpt lat="47.48321" lon="11.23891"/>
            <trkpt lat="47.48301" lon="11.23958"/>
            <trkpt lat="47.48291" lon="11.23996"/>
            <trkpt lat="47.48285" lon="11.24016"/>
            <trkpt lat="47.48278" lon="11.24053"/>
            <trkpt lat="47.48277" lon="11.24062"/>
            <trkpt lat="47.4827" lon="11.24112"/>
            <trkpt lat="47.48268" lon="11.24137"/>
            <trkpt lat="47.48268" lon="11.2416"/>
            <trkpt lat="47.48271" lon="11.24216"/>
            <trkpt lat="47.48271" lon="11.24224"/>
            <trkpt lat="47.48276" lon="11.24256"/>
            <trkpt lat="47.48287" lon="11.24306"/>
            <trkpt lat="47.48291" lon="11.24318"/>
            <trkpt lat="47.48294" lon="11.24327"/>
            <trkpt lat="47.48297" lon="11.24335"/>
            <trkpt lat="47.48303" lon="11.24354"/>
            <trkpt lat="47.48317" lon="11.24384"/>
            <trkpt lat="47.48331" lon="11.24411"/>
            <trkpt lat="47.48355" lon="11.24451"/>
            <trkpt lat="47.48405" lon="11.24523"/>
            <trkpt lat="47.48437" lon="11.24568"/>
            <trkpt lat="47.48461" lon="11.24605"/>
            <trkpt lat="47.4849" lon="11.24654"/>
            <trkpt lat="47.48515" lon="11.24709"/>
            <trkpt lat="47.48533" lon="11.2476"/>
            <trkpt lat="47.48572" lon="11.24881"/>
            <trkpt lat="47.48573" lon="11.24884"/>
            <trkpt lat="47.4859" lon="11.24931"/>
            <trkpt lat="47.48599" lon="11.24951"/>
            <trkpt lat="47.48615" lon="11.24983"/>
            <trkpt lat="47.48626" lon="11.25"/>
            <trkpt lat="47.48639" lon="11.25021"/>
            <trkpt lat="47.4868" lon="11.25069"/>
            <trkpt lat="47.487" lon="11.25086"/>
            <trkpt lat="47.48726" lon="11.25104"/>
            <trkpt lat="47.48807" lon="11.25148"/>
            <trkpt lat="47.48895" lon="11.25184"/>
            <trkpt lat="47.48916" lon="11.25193"/>
            <trkpt lat="47.49065" lon="11.25253"/>
            <trkpt lat="47.4908" lon="11.2526"/>
            <trkpt lat="47.49127" lon="11.25283"/>
            <trkpt lat="47.49177" lon="11.25314"/>
            <trkpt lat="47.49208" lon="11.25337"/>
            <trkpt lat="47.49225" lon="11.25352"/>
            <trkpt lat="47.49236" lon="11.25362"/>
            <trkpt lat="47.49242" lon="11.25367"/>
            <trkpt lat="47.49269" lon="11.25393"/>
            <trkpt lat="47.49314" lon="11.25445"/>
            <trkpt lat="47.49329" lon="11.25466"/>
            <trkpt lat="47.4937" lon="11.25524"/>
            <trkpt lat="47.49391" lon="11.25555"/>
            <trkpt lat="47.49456" lon="11.25652"/>
            <trkpt lat="47.49514" lon="11.25727"/>
            <trkpt lat="47.4953" lon="11.25746"/>
            <trkpt lat="47.49544" lon="11.25765"/>
            <trkpt lat="47.49602" lon="11.25832"/>
            <trkpt lat="47.49622" lon="11.25854"/>
            <trkpt lat="47.49637" lon="11.25872"/>
            <trkpt lat="47.49706" lon="11.25948"/>
            <trkpt lat="47.49724" lon="11.25969"/>
            <trkpt lat="47.49779" lon="11.26037"/>
            <trkpt lat="47.49833" lon="11.26116"/>
            <trkpt lat="47.49861" lon="11.26166"/>
            <trkpt lat="47.49902" lon="11.26245"/>
            <trkpt lat="47.49907" lon="11.26253"/>
            <trkpt lat="47.49919" lon="11.26283"/>
            <trkpt lat="47.49923" lon="11.26291"/>
            <trkpt lat="47.49927" lon="11.263"/>
            <trkpt lat="47.49945" lon="11.26346"/>
            <trkpt lat="47.49952" lon="11.26366"/>
            <trkpt lat="47.4997" lon="11.26426"/>
            <trkpt lat="47.49979" lon="11.26459"/>
            <trkpt lat="47.49986" lon="11.26486"/>
            <trkpt lat="47.50006" lon="11.26587"/>
            <trkpt lat="47.50016" lon="11.26651"/>
            <trkpt lat="47.5002" lon="11.26713"/>
            <trkpt lat="47.50022" lon="11.26741"/>
            <trkpt lat="47.5002" lon="11.26805"/>
            <trkpt lat="47.50017" lon="11.26857"/>
            <trkpt lat="47.50009" lon="11.26919"/>
            <trkpt lat="47.50003" lon="11.26952"/>
            <trkpt lat="47.49983" lon="11.27021"/>
            <trkpt lat="47.49971" lon="11.27061"/>
            <trkpt lat="47.49956" lon="11.27103"/>
            <trkpt lat="47.49931" lon="11.2716"/>
            <trkpt lat="47.49923" lon="11.27178"/>
            <trkpt lat="47.49913" lon="11.27195"/>
            <trkpt lat="47.49912" lon="11.27197"/>
            <trkpt lat="47.49889" lon="11.27235"/>
            <trkpt lat="47.4987" lon="11.27263"/>
            <trkpt lat="47.49828" lon="11.27315"/>
            <trkpt lat="47.49787" lon="11.27358"/>
            <trkpt lat="47.49748" lon="11.27389"/>
            <trkpt lat="47.49731" lon="11.27392"/>
            <trkpt lat="47.49715" lon="11.2739"/>
            <trkpt lat="47.49705" lon="11.27388"/>
            <trkpt lat="47.49695" lon="11.27383"/>
            <trkpt lat="47.49688" lon="11.27377"/>
            <trkpt lat="47.49676" lon="11.2736"/>
            <trkpt lat="47.4967" lon="11.27349"/>
            <trkpt lat="47.49668" lon="11.27341"/>
            <trkpt lat="47.49666" lon="11.27334"/>
            <trkpt lat="47.49663" lon="11.27311"/>
            <trkpt lat="47.49663" lon="11.27302"/>
            <trkpt lat="47.49665" lon="11.27285"/>
            <trkpt lat="47.49668" lon="11.27277"/>
            <trkpt lat="47.49671" lon="11.27266"/>
            <trkpt lat="47.49677" lon="11.27249"/>
            <trkpt lat="47.49688" lon="11.27236"/>
            <trkpt lat="47.49698" lon="11.27229"/>
            <trkpt lat="47.49704" lon="11.27226"/>
            <trkpt lat="47.49709" lon="11.27224"/>
            <trkpt lat="47.49717" lon="11.27223"/>
            <trkpt lat="47.49724" lon="11.27223"/>
            <trkpt lat="47.49727" lon="11.27223"/>
            <trkpt lat="47.49732" lon="11.27224"/>
            <trkpt lat="47.49743" lon="11.2723"/>
            <trkpt lat="47.49749" lon="11.27234"/>
            <trkpt lat="47.49754" lon="11.27239"/>
            <trkpt lat="47.4976" lon="11.27246"/>
            <trkpt lat="47.49766" lon="11.27257"/>
            <trkpt lat="47.49769" lon="11.27262"/>
            <trkpt lat="47.49776" lon="11.27279"/>
            <trkpt lat="47.49781" lon="11.27298"/>
            <trkpt lat="47.49782" lon="11.27303"/>
            <trkpt lat="47.49784" lon="11.27316"/>
            <trkpt lat="47.49786" lon="11.27329"/>
            <trkpt lat="47.49787" lon="11.27351"/>
            <trkpt lat="47.49787" lon="11.27358"/>
            <trkpt lat="47.49781" lon="11.2743"/>
            <trkpt lat="47.49768" lon="11.2755"/>
            <trkpt lat="47.49764" lon="11.27602"/>
            <trkpt lat="47.49763" lon="11.27614"/>
            <trkpt lat="47.49761" lon="11.27676"/>
            <trkpt lat="47.49763" lon="11.27702"/>
            <trkpt lat="47.49765" lon="11.27722"/>
            <trkpt lat="47.49766" lon="11.27725"/>
            <trkpt lat="47.49768" lon="11.27732"/>
            <trkpt lat="47.4977" lon="11.27737"/>
            <trkpt lat="47.49771" lon="11.27739"/>
            <trkpt lat="47.49773" lon="11.27743"/>
            <trkpt lat="47.49777" lon="11.27749"/>
            <trkpt lat="47.49782" lon="11.27754"/>
            <trkpt lat="47.49786" lon="11.27758"/>
            <trkpt lat="47.49793" lon="11.27763"/>
            <trkpt lat="47.49831" lon="11.27776"/>
            <trkpt lat="47.49884" lon="11.27787"/>
            <trkpt lat="47.49891" lon="11.27788"/>
            <trkpt lat="47.49897" lon="11.27789"/>
            <trkpt lat="47.49931" lon="11.27794"/>
            <trkpt lat="47.49978" lon="11.27797"/>
            <trkpt lat="47.49983" lon="11.27798"/>
            <trkpt lat="47.49989" lon="11.27801"/>
            <trkpt lat="47.49999" lon="11.27803"/>
            <trkpt lat="47.50027" lon="11.27808"/>
            <trkpt lat="47.5006" lon="11.27811"/>
            <trkpt lat="47.50074" lon="11.27813"/>
            <trkpt lat="47.50081" lon="11.2781"/>
            <trkpt lat="47.50096" lon="11.27813"/>
            <trkpt lat="47.50113" lon="11.27815"/>
            <trkpt lat="47.50136" lon="11.27818"/>
            <trkpt lat="47.50228" lon="11.27828"/>
            <trkpt lat="47.5026" lon="11.27832"/>
            <trkpt lat="47.50316" lon="11.27843"/>
            <trkpt lat="47.50352" lon="11.27852"/>
            <trkpt lat="47.50367" lon="11.27856"/>
            <trkpt lat="47.50389" lon="11.27857"/>
            <trkpt lat="47.504" lon="11.27855"/>
            <trkpt lat="47.50439" lon="11.27849"/>
            <trkpt lat="47.50488" lon="11.2785"/>
            <trkpt lat="47.5049" lon="11.2785"/>
            <trkpt lat="47.50504" lon="11.27849"/>
            <trkpt lat="47.50519" lon="11.27844"/>
            <trkpt lat="47.50527" lon="11.27842"/>
            <trkpt lat="47.50533" lon="11.27841"/>
            <trkpt lat="47.50551" lon="11.27839"/>
            <trkpt lat="47.50574" lon="11.27836"/>
            <trkpt lat="47.50608" lon="11.27825"/>
            <trkpt lat="47.50619" lon="11.27824"/>
            <trkpt lat="47.50637" lon="11.27825"/>
            <trkpt lat="47.50688" lon="11.27833"/>
            <trkpt lat="47.50696" lon="11.27837"/>
            <trkpt lat="47.50713" lon="11.2784"/>
            <trkpt lat="47.50723" lon="11.27843"/>
            <trkpt lat="47.50761" lon="11.27851"/>
            <trkpt lat="47.50794" lon="11.27861"/>
            <trkpt lat="47.50821" lon="11.27869"/>
            <trkpt lat="47.5084" lon="11.27875"/>
            <trkpt lat="47.50887" lon="11.2789"/>
            <trkpt lat="47.50897" lon="11.27893"/>
            <trkpt lat="47.50932" lon="11.27902"/>
            <trkpt lat="47.50956" lon="11.2791"/>
            <trkpt lat="47.51028" lon="11.27941"/>
            <trkpt lat="47.51041" lon="11.27947"/>
            <trkpt lat="47.51333" lon="11.28059"/>
            <trkpt lat="47.5142" lon="11.28097"/>
            <trkpt lat="47.51482" lon="11.28125"/>
            <trkpt lat="47.51531" lon="11.28148"/>
            <trkpt lat="47.51546" lon="11.28155"/>
            <trkpt lat="47.51567" lon="11.28165"/>
            <trkpt lat="47.51589" lon="11.28178"/>
            <trkpt lat="47.51601" lon="11.28187"/>
            <trkpt lat="47.51613" lon="11.28201"/>
            <trkpt lat="47.51643" lon="11.28247"/>
            <trkpt lat="47.5165" lon="11.28258"/>
            <trkpt lat="47.51664" lon="11.28274"/>
            <trkpt lat="47.51704" lon="11.28314"/>
            <trkpt lat="47.51737" lon="11.28349"/>
            <trkpt lat="47.51747" lon="11.28356"/>
            <trkpt lat="47.51751" lon="11.28359"/>
            <trkpt lat="47.5176" lon="11.28363"/>
            <trkpt lat="47.51765" lon="11.28364"/>
            <trkpt lat="47.51771" lon="11.28365"/>
            <trkpt lat="47.51775" lon="11.28366"/>
            <trkpt lat="47.51784" lon="11.28365"/>
            <trkpt lat="47.51796" lon="11.28361"/>
            <trkpt lat="47.51812" lon="11.28352"/>
            <trkpt lat="47.51826" lon="11.28343"/>
            <trkpt lat="47.51891" lon="11.28304"/>
            <trkpt lat="47.51913" lon="11.28291"/>
            <trkpt lat="47.51926" lon="11.28282"/>
            <trkpt lat="47.51936" lon="11.28277"/>
            <trkpt lat="47.5197" lon="11.28255"/>
            <trkpt lat="47.52003" lon="11.28232"/>
            <trkpt lat="47.52078" lon="11.28175"/>
            <trkpt lat="47.52094" lon="11.28167"/>
            <trkpt lat="47.52098" lon="11.28166"/>
            <trkpt lat="47.52107" lon="11.28165"/>
            <trkpt lat="47.52111" lon="11.28166"/>
            <trkpt lat="47.52146" lon="11.28177"/>
            <trkpt lat="47.52152" lon="11.2818"/>
            <trkpt lat="47.52152" lon="11.2818"/>
            <trkpt lat="47.5216" lon="11.28184"/>
            <trkpt lat="47.52177" lon="11.28191"/>
            <trkpt lat="47.52185" lon="11.28196"/>
            <trkpt lat="47.52199" lon="11.28207"/>
            <trkpt lat="47.5222" lon="11.28238"/>
            <trkpt lat="47.52239" lon="11.28278"/>
            <trkpt lat="47.52253" lon="11.28307"/>
            <trkpt lat="47.52263" lon="11.28322"/>
            <trkpt lat="47.52283" lon="11.28346"/>
            <trkpt lat="47.52298" lon="11.28361"/>
            <trkpt lat="47.52329" lon="11.28383"/>
            <trkpt lat="47.52356" lon="11.28407"/>
            <trkpt lat="47.52379" lon="11.28426"/>
            <trkpt lat="47.52393" lon="11.28436"/>
            <trkpt lat="47.52426" lon="11.28451"/>
            <trkpt lat="47.52437" lon="11.28459"/>
            <trkpt lat="47.52442" lon="11.28464"/>
            <trkpt lat="47.52444" lon="11.28467"/>
            <trkpt lat="47.5245" lon="11.28478"/>
            <trkpt lat="47.52453" lon="11.28488"/>
            <trkpt lat="47.52456" lon="11.28501"/>
            <trkpt lat="47.52457" lon="11.28508"/>
            <trkpt lat="47.52459" lon="11.28514"/>
            <trkpt lat="47.52465" lon="11.28521"/>
            <trkpt lat="47.52469" lon="11.28525"/>
            <trkpt lat="47.5247" lon="11.28525"/>
            <trkpt lat="47.52473" lon="11.28527"/>
            <trkpt lat="47.5248" lon="11.28529"/>
            <trkpt lat="47.5249" lon="11.28531"/>
            <trkpt lat="47.52496" lon="11.28534"/>
            <trkpt lat="47.52501" lon="11.28538"/>
            <trkpt lat="47.52509" lon="11.2855"/>
            <trkpt lat="47.52517" lon="11.28571"/>
            <trkpt lat="47.5252" lon="11.28579"/>
            <trkpt lat="47.52523" lon="11.28585"/>
            <trkpt lat="47.52528" lon="11.28592"/>
            <trkpt lat="47.52533" lon="11.28597"/>
            <trkpt lat="47.52541" lon="11.28604"/>
            <trkpt lat="47.52544" lon="11.28606"/>
            <trkpt lat="47.52549" lon="11.28611"/>
            <trkpt lat="47.52552" lon="11.28615"/>
            <trkpt lat="47.52554" lon="11.2862"/>
            <trkpt lat="47.52559" lon="11.28631"/>
            <trkpt lat="47.52562" lon="11.28639"/>
            <trkpt lat="47.52565" lon="11.28644"/>
            <trkpt lat="47.52571" lon="11.28649"/>
            <trkpt lat="47.52566" lon="11.28671"/>
            <trkpt lat="47.52565" lon="11.28675"/>
            <trkpt lat="47.52562" lon="11.28697"/>
            <trkpt lat="47.52562" lon="11.28736"/>
            <trkpt lat="47.52559" lon="11.2875"/>
            <trkpt lat="47.52554" lon="11.28764"/>
            <trkpt lat="47.5255" lon="11.28771"/>
            <trkpt lat="47.52546" lon="11.28777"/>
            <trkpt lat="47.52541" lon="11.28782"/>
            <trkpt lat="47.52533" lon="11.28788"/>
            <trkpt lat="47.52527" lon="11.28795"/>
            <trkpt lat="47.5252" lon="11.28802"/>
            <trkpt lat="47.52517" lon="11.28807"/>
            <trkpt lat="47.52514" lon="11.28812"/>
            <trkpt lat="47.52511" lon="11.28818"/>
            <trkpt lat="47.5251" lon="11.28823"/>
            <trkpt lat="47.52508" lon="11.28829"/>
            <trkpt lat="47.52508" lon="11.28834"/>
            <trkpt lat="47.52508" lon="11.28841"/>
            <trkpt lat="47.52509" lon="11.28846"/>
            <trkpt lat="47.5251" lon="11.28853"/>
            <trkpt lat="47.52513" lon="11.28859"/>
            <trkpt lat="47.52521" lon="11.28877"/>
            <trkpt lat="47.52536" lon="11.28904"/>
            <trkpt lat="47.5254" lon="11.28914"/>
            <trkpt lat="47.52543" lon="11.28925"/>
            <trkpt lat="47.52553" lon="11.28961"/>
            <trkpt lat="47.52556" lon="11.28969"/>
            <trkpt lat="47.52564" lon="11.28987"/>
            <trkpt lat="47.52573" lon="11.29002"/>
            <trkpt lat="47.52587" lon="11.29028"/>
            <trkpt lat="47.52618" lon="11.29087"/>
            <trkpt lat="47.5262" lon="11.29091"/>
            <trkpt lat="47.52622" lon="11.29098"/>
            <trkpt lat="47.52626" lon="11.29112"/>
            <trkpt lat="47.52635" lon="11.29153"/>
            <trkpt lat="47.52642" lon="11.29175"/>
            <trkpt lat="47.52664" lon="11.2922"/>
            <trkpt lat="47.52666" lon="11.29226"/>
            <trkpt lat="47.52668" lon="11.29232"/>
            <trkpt lat="47.5267" lon="11.2924"/>
            <trkpt lat="47.52671" lon="11.29248"/>
            <trkpt lat="47.52671" lon="11.29255"/>
            <trkpt lat="47.52669" lon="11.29272"/>
            <trkpt lat="47.52666" lon="11.29299"/>
            <trkpt lat="47.52665" lon="11.29307"/>
            <trkpt lat="47.52666" lon="11.29323"/>
            <trkpt lat="47.52675" lon="11.29395"/>
            <trkpt lat="47.52676" lon="11.29404"/>
            <trkpt lat="47.52679" lon="11.29445"/>
            <trkpt lat="47.52681" lon="11.29463"/>
            <trkpt lat="47.52682" lon="11.29476"/>
            <trkpt lat="47.52685" lon="11.29497"/>
            <trkpt lat="47.52686" lon="11.295"/>
            <trkpt lat="47.52687" lon="11.29506"/>
            <trkpt lat="47.52693" lon="11.29525"/>
            <trkpt lat="47.52697" lon="11.29538"/>
            <trkpt lat="47.52723" lon="11.29605"/>
            <trkpt lat="47.52739" lon="11.29651"/>
            <trkpt lat="47.52747" lon="11.29688"/>
            <trkpt lat="47.52753" lon="11.29722"/>
            <trkpt lat="47.52753" lon="11.29739"/>
            <trkpt lat="47.52753" lon="11.29748"/>
            <trkpt lat="47.5275" lon="11.29764"/>
            <trkpt lat="47.52748" lon="11.2977"/>
            <trkpt lat="47.52738" lon="11.298"/>
            <trkpt lat="47.52723" lon="11.29851"/>
            <trkpt lat="47.52719" lon="11.29879"/>
            <trkpt lat="47.52719" lon="11.29891"/>
            <trkpt lat="47.52719" lon="11.29898"/>
            <trkpt lat="47.5272" lon="11.29904"/>
            <trkpt lat="47.52722" lon="11.2991"/>
            <trkpt lat="47.52727" lon="11.29924"/>
            <trkpt lat="47.5273" lon="11.2993"/>
            <trkpt lat="47.52768" lon="11.30006"/>
            <trkpt lat="47.52794" lon="11.30051"/>
            <trkpt lat="47.52831" lon="11.3011"/>
            <trkpt lat="47.52885" lon="11.30175"/>
            <trkpt lat="47.52899" lon="11.30187"/>
            <trkpt lat="47.52905" lon="11.30191"/>
            <trkpt lat="47.52933" lon="11.30204"/>
            <trkpt lat="47.5294" lon="11.30208"/>
            <trkpt lat="47.52946" lon="11.30213"/>
            <trkpt lat="47.52958" lon="11.30227"/>
            <trkpt lat="47.52961" lon="11.30231"/>
            <trkpt lat="47.52966" lon="11.30241"/>
            <trkpt lat="47.52983" lon="11.30268"/>
            <trkpt lat="47.52997" lon="11.30298"/>
            <trkpt lat="47.53007" lon="11.30321"/>
            <trkpt lat="47.53012" lon="11.30338"/>
            <trkpt lat="47.53028" lon="11.30373"/>
            <trkpt lat="47.53031" lon="11.30379"/>
            <trkpt lat="47.53033" lon="11.30383"/>
            <trkpt lat="47.53044" lon="11.30396"/>
            <trkpt lat="47.53069" lon="11.30423"/>
            <trkpt lat="47.53083" lon="11.30435"/>
            <trkpt lat="47.53089" lon="11.30439"/>
            <trkpt lat="47.531" lon="11.30449"/>
            <trkpt lat="47.53105" lon="11.30454"/>
            <trkpt lat="47.53109" lon="11.30458"/>
            <trkpt lat="47.53114" lon="11.30466"/>
            <trkpt lat="47.53116" lon="11.30471"/>
            <trkpt lat="47.53119" lon="11.30482"/>
            <trkpt lat="47.53119" lon="11.30488"/>
            <trkpt lat="47.53119" lon="11.30495"/>
            <trkpt lat="47.53118" lon="11.30501"/>
            <trkpt lat="47.53111" lon="11.30516"/>
            <trkpt lat="47.5311" lon="11.3052"/>
            <trkpt lat="47.53098" lon="11.30543"/>
            <trkpt lat="47.53095" lon="11.3055"/>
            <trkpt lat="47.53084" lon="11.30586"/>
            <trkpt lat="47.53081" lon="11.30603"/>
            <trkpt lat="47.53079" lon="11.30614"/>
            <trkpt lat="47.53077" lon="11.30632"/>
            <trkpt lat="47.53077" lon="11.30643"/>
            <trkpt lat="47.53081" lon="11.3069"/>
            <trkpt lat="47.53082" lon="11.30699"/>
            <trkpt lat="47.53086" lon="11.30716"/>
            <trkpt lat="47.53099" lon="11.30766"/>
            <trkpt lat="47.53116" lon="11.30809"/>
            <trkpt lat="47.53129" lon="11.30836"/>
            <trkpt lat="47.53135" lon="11.30851"/>
            <trkpt lat="47.53137" lon="11.3086"/>
            <trkpt lat="47.53138" lon="11.30865"/>
            <trkpt lat="47.53138" lon="11.3087"/>
            <trkpt lat="47.53139" lon="11.30904"/>
            <trkpt lat="47.53139" lon="11.30913"/>
            <trkpt lat="47.5314" lon="11.30922"/>
            <trkpt lat="47.53142" lon="11.30929"/>
            <trkpt lat="47.53145" lon="11.3094"/>
            <trkpt lat="47.53148" lon="11.30951"/>
            <trkpt lat="47.53175" lon="11.31011"/>
            <trkpt lat="47.53181" lon="11.3102"/>
            <trkpt lat="47.53185" lon="11.31026"/>
            <trkpt lat="47.53188" lon="11.31029"/>
            <trkpt lat="47.53191" lon="11.3103"/>
            <trkpt lat="47.53199" lon="11.3103"/>
            <trkpt lat="47.53202" lon="11.31029"/>
            <trkpt lat="47.53218" lon="11.31019"/>
            <trkpt lat="47.53221" lon="11.31018"/>
            <trkpt lat="47.53225" lon="11.31017"/>
            <trkpt lat="47.5323" lon="11.31018"/>
            <trkpt lat="47.53234" lon="11.31019"/>
            <trkpt lat="47.53237" lon="11.31022"/>
            <trkpt lat="47.53239" lon="11.31024"/>
            <trkpt lat="47.53241" lon="11.31028"/>
            <trkpt lat="47.53242" lon="11.31031"/>
            <trkpt lat="47.53242" lon="11.31035"/>
            <trkpt lat="47.53242" lon="11.31041"/>
            <trkpt lat="47.53239" lon="11.31054"/>
            <trkpt lat="47.5323" lon="11.31091"/>
            <trkpt lat="47.53227" lon="11.31099"/>
            <trkpt lat="47.53212" lon="11.31139"/>
            <trkpt lat="47.53211" lon="11.31145"/>
            <trkpt lat="47.5321" lon="11.3115"/>
            <trkpt lat="47.5321" lon="11.3116"/>
            <trkpt lat="47.53212" lon="11.31178"/>
            <trkpt lat="47.53219" lon="11.31231"/>
            <trkpt lat="47.53227" lon="11.31308"/>
            <trkpt lat="47.53232" lon="11.31367"/>
            <trkpt lat="47.53235" lon="11.3138"/>
            <trkpt lat="47.53244" lon="11.31398"/>
            <trkpt lat="47.53246" lon="11.31403"/>
            <trkpt lat="47.53251" lon="11.3142"/>
            <trkpt lat="47.53253" lon="11.31428"/>
            <trkpt lat="47.53264" lon="11.31485"/>
            <trkpt lat="47.53272" lon="11.31542"/>
            <trkpt lat="47.53272" lon="11.3156"/>
            <trkpt lat="47.53271" lon="11.31579"/>
            <trkpt lat="47.53269" lon="11.31592"/>
            <trkpt lat="47.53263" lon="11.31638"/>
            <trkpt lat="47.53263" lon="11.31646"/>
            <trkpt lat="47.5326" lon="11.31795"/>
            <trkpt lat="47.5326" lon="11.31815"/>
            <trkpt lat="47.53261" lon="11.31822"/>
            <trkpt lat="47.53262" lon="11.31837"/>
            <trkpt lat="47.53263" lon="11.31842"/>
            <trkpt lat="47.53267" lon="11.31855"/>
            <trkpt lat="47.53269" lon="11.3186"/>
            <trkpt lat="47.53273" lon="11.31869"/>
            <trkpt lat="47.53275" lon="11.31874"/>
            <trkpt lat="47.53282" lon="11.31885"/>
            <trkpt lat="47.53285" lon="11.3189"/>
            <trkpt lat="47.53295" lon="11.31905"/>
            <trkpt lat="47.53302" lon="11.3192"/>
            <trkpt lat="47.53305" lon="11.31928"/>
            <trkpt lat="47.53308" lon="11.3194"/>
            <trkpt lat="47.53372" lon="11.32312"/>
            <trkpt lat="47.53383" lon="11.32419"/>
            <trkpt lat="47.53387" lon="11.3247"/>
            <trkpt lat="47.53396" lon="11.32551"/>
            <trkpt lat="47.53398" lon="11.32562"/>
            <trkpt lat="47.53401" lon="11.32572"/>
            <trkpt lat="47.53418" lon="11.32604"/>
            <trkpt lat="47.5342" lon="11.32612"/>
            <trkpt lat="47.53423" lon="11.32619"/>
            <trkpt lat="47.53424" lon="11.32629"/>
            <trkpt lat="47.53425" lon="11.3266"/>
            <trkpt lat="47.53426" lon="11.32672"/>
            <trkpt lat="47.53426" lon="11.32683"/>
            <trkpt lat="47.53428" lon="11.3269"/>
            <trkpt lat="47.53433" lon="11.32706"/>
            <trkpt lat="47.53444" lon="11.3273"/>
            <trkpt lat="47.53452" lon="11.32752"/>
            <trkpt lat="47.53468" lon="11.32805"/>
            <trkpt lat="47.53483" lon="11.32862"/>
            <trkpt lat="47.53486" lon="11.32869"/>
            <trkpt lat="47.53489" lon="11.32875"/>
            <trkpt lat="47.53491" lon="11.3288"/>
            <trkpt lat="47.53497" lon="11.32887"/>
            <trkpt lat="47.53521" lon="11.32914"/>
            <trkpt lat="47.53572" lon="11.32964"/>
            <trkpt lat="47.53581" lon="11.32977"/>
            <trkpt lat="47.53584" lon="11.32984"/>
            <trkpt lat="47.53587" lon="11.32996"/>
            <trkpt lat="47.5359" lon="11.33011"/>
            <trkpt lat="47.53594" lon="11.33065"/>
            <trkpt lat="47.53603" lon="11.33116"/>
            <trkpt lat="47.53624" lon="11.33203"/>
            <trkpt lat="47.53635" lon="11.3323"/>
            <trkpt lat="47.53641" lon="11.33241"/>
            <trkpt lat="47.53663" lon="11.33268"/>
            <trkpt lat="47.53818" lon="11.33482"/>
            <trkpt lat="47.53828" lon="11.33494"/>
            <trkpt lat="47.53834" lon="11.33503"/>
            <trkpt lat="47.53843" lon="11.33524"/>
            <trkpt lat="47.53851" lon="11.33558"/>
            <trkpt lat="47.53857" lon="11.33592"/>
            <trkpt lat="47.5386" lon="11.33607"/>
            <trkpt lat="47.53865" lon="11.33619"/>
            <trkpt lat="47.53873" lon="11.33635"/>
            <trkpt lat="47.5388" lon="11.33645"/>
            <trkpt lat="47.53905" lon="11.33676"/>
            <trkpt lat="47.53914" lon="11.33695"/>
            <trkpt lat="47.53927" lon="11.33728"/>
            <trkpt lat="47.53931" lon="11.33745"/>
            <trkpt lat="47.53936" lon="11.33766"/>
            <trkpt lat="47.53938" lon="11.33789"/>
            <trkpt lat="47.53941" lon="11.33837"/>
            <trkpt lat="47.53947" lon="11.33902"/>
            <trkpt lat="47.5395" lon="11.33918"/>
            <trkpt lat="47.53955" lon="11.33929"/>
            <trkpt lat="47.53964" lon="11.33945"/>
            <trkpt lat="47.5397" lon="11.33959"/>
            <trkpt lat="47.53976" lon="11.33979"/>
            <trkpt lat="47.53992" lon="11.34053"/>
            <trkpt lat="47.53992" lon="11.34054"/>
            <trkpt lat="47.54001" lon="11.34132"/>
            <trkpt lat="47.54004" lon="11.34144"/>
            <trkpt lat="47.54015" lon="11.34173"/>
            <trkpt lat="47.54022" lon="11.34199"/>
            <trkpt lat="47.54036" lon="11.34278"/>
            <trkpt lat="47.54051" lon="11.34402"/>
            <trkpt lat="47.54053" lon="11.34445"/>
            <trkpt lat="47.54057" lon="11.34478"/>
            <trkpt lat="47.54064" lon="11.34516"/>
            <trkpt lat="47.54068" lon="11.34548"/>
            <trkpt lat="47.54075" lon="11.34617"/>
            <trkpt lat="47.54085" lon="11.34684"/>
            <trkpt lat="47.54087" lon="11.34713"/>
            <trkpt lat="47.54087" lon="11.34739"/>
            <trkpt lat="47.54088" lon="11.34759"/>
            <trkpt lat="47.54092" lon="11.34793"/>
            <trkpt lat="47.54096" lon="11.34817"/>
            <trkpt lat="47.541" lon="11.3485"/>
            <trkpt lat="47.54106" lon="11.34897"/>
            <trkpt lat="47.5411" lon="11.34915"/>
            <trkpt lat="47.54133" lon="11.34982"/>
            <trkpt lat="47.54139" lon="11.35013"/>
            <trkpt lat="47.54141" lon="11.35046"/>
            <trkpt lat="47.54141" lon="11.35049"/>
            <trkpt lat="47.54138" lon="11.35085"/>
            <trkpt lat="47.54137" lon="11.35099"/>
            <trkpt lat="47.54137" lon="11.35111"/>
            <trkpt lat="47.54138" lon="11.35121"/>
            <trkpt lat="47.5414" lon="11.3513"/>
            <trkpt lat="47.54146" lon="11.35153"/>
            <trkpt lat="47.54164" lon="11.35206"/>
            <trkpt lat="47.54166" lon="11.35215"/>
            <trkpt lat="47.54169" lon="11.35228"/>
            <trkpt lat="47.54173" lon="11.35275"/>
            <trkpt lat="47.54175" lon="11.35308"/>
            <trkpt lat="47.54174" lon="11.35363"/>
            <trkpt lat="47.54176" lon="11.35383"/>
            <trkpt lat="47.54178" lon="11.35392"/>
            <trkpt lat="47.54193" lon="11.3543"/>
            <trkpt lat="47.5427" lon="11.35589"/>
            <trkpt lat="47.54294" lon="11.3565"/>
            <trkpt lat="47.54324" lon="11.35733"/>
            <trkpt lat="47.54341" lon="11.35782"/>
            <trkpt lat="47.54355" lon="11.35814"/>
            <trkpt lat="47.5436" lon="11.35824"/>
            <trkpt lat="47.54376" lon="11.35848"/>
            <trkpt lat="47.54421" lon="11.35931"/>
            <trkpt lat="47.54431" lon="11.35953"/>
            <trkpt lat="47.54433" lon="11.3596"/>
            <trkpt lat="47.54438" lon="11.35986"/>
            <trkpt lat="47.54439" lon="11.3599"/>
            <trkpt lat="47.5445" lon="11.36043"/>
            <trkpt lat="47.54463" lon="11.36098"/>
            <trkpt lat="47.5447" lon="11.36117"/>
            <trkpt lat="47.54474" lon="11.36124"/>
            <trkpt lat="47.54486" lon="11.36152"/>
            <trkpt lat="47.54487" lon="11.36156"/>
            <trkpt lat="47.54489" lon="11.36162"/>
            <trkpt lat="47.5449" lon="11.3617"/>
            <trkpt lat="47.5449" lon="11.36178"/>
            <trkpt lat="47.54489" lon="11.36186"/>
            <trkpt lat="47.54487" lon="11.36212"/>
            <trkpt lat="47.54487" lon="11.36245"/>
            <trkpt lat="47.54489" lon="11.36353"/>
            <trkpt lat="47.54498" lon="11.36545"/>
            <trkpt lat="47.54502" lon="11.3657"/>
            <trkpt lat="47.54504" lon="11.36577"/>
            <trkpt lat="47.54505" lon="11.36583"/>
            <trkpt lat="47.54541" lon="11.36676"/>
            <trkpt lat="47.5456" lon="11.3674"/>
            <trkpt lat="47.54604" lon="11.36891"/>
            <trkpt lat="47.54668" lon="11.37123"/>
            <trkpt lat="47.54675" lon="11.37142"/>
            <trkpt lat="47.54681" lon="11.37157"/>
            <trkpt lat="47.54696" lon="11.37181"/>
            <trkpt lat="47.54735" lon="11.37237"/>
            <trkpt lat="47.54742" lon="11.37249"/>
            <trkpt lat="47.54751" lon="11.3727"/>
            <trkpt lat="47.54769" lon="11.37319"/>
            <trkpt lat="47.54782" lon="11.37359"/>
            <trkpt lat="47.54787" lon="11.37377"/>
            <trkpt lat="47.54789" lon="11.37396"/>
            <trkpt lat="47.54796" lon="11.37713"/>
            <trkpt lat="47.54798" lon="11.3773"/>
            <trkpt lat="47.54806" lon="11.37768"/>
            <trkpt lat="47.54813" lon="11.37793"/>
            <trkpt lat="47.54822" lon="11.37816"/>
            <trkpt lat="47.54855" lon="11.37886"/>
            <trkpt lat="47.54862" lon="11.37908"/>
            <trkpt lat="47.54868" lon="11.37935"/>
            <trkpt lat="47.54872" lon="11.3796"/>
            <trkpt lat="47.54873" lon="11.37978"/>
            <trkpt lat="47.54874" lon="11.38"/>
            <trkpt lat="47.54872" lon="11.38027"/>
            <trkpt lat="47.5487" lon="11.38047"/>
            <trkpt lat="47.54865" lon="11.38072"/>
            <trkpt lat="47.54857" lon="11.38125"/>
            <trkpt lat="47.54856" lon="11.38147"/>
            <trkpt lat="47.54858" lon="11.38178"/>
            <trkpt lat="47.54858" lon="11.38184"/>
            <trkpt lat="47.5486" lon="11.38197"/>
            <trkpt lat="47.54866" lon="11.38224"/>
            <trkpt lat="47.54877" lon="11.38256"/>
            <trkpt lat="47.54883" lon="11.38269"/>
            <trkpt lat="47.54899" lon="11.38304"/>
            <trkpt lat="47.54902" lon="11.38312"/>
            <trkpt lat="47.54913" lon="11.38366"/>
            <trkpt lat="47.54915" lon="11.38384"/>
            <trkpt lat="47.54916" lon="11.38423"/>
            <trkpt lat="47.5492" lon="11.38446"/>
            <trkpt lat="47.54926" lon="11.38464"/>
            <trkpt lat="47.54929" lon="11.38471"/>
            <trkpt lat="47.54988" lon="11.38569"/>
            <trkpt lat="47.55002" lon="11.38591"/>
            <trkpt lat="47.55006" lon="11.38599"/>
            <trkpt lat="47.55009" lon="11.38609"/>
            <trkpt lat="47.55013" lon="11.38619"/>
            <trkpt lat="47.55014" lon="11.38627"/>
            <trkpt lat="47.55016" lon="11.38635"/>
            <trkpt lat="47.55024" lon="11.38676"/>
            <trkpt lat="47.55038" lon="11.38723"/>
            <trkpt lat="47.55053" lon="11.38771"/>
            <trkpt lat="47.55065" lon="11.38816"/>
            <trkpt lat="47.55069" lon="11.38901"/>
            <trkpt lat="47.55079" lon="11.3903"/>
            <trkpt lat="47.55085" lon="11.39083"/>
            <trkpt lat="47.55086" lon="11.39227"/>
            <trkpt lat="47.55088" lon="11.39269"/>
            <trkpt lat="47.5509" lon="11.39283"/>
            <trkpt lat="47.55108" lon="11.39359"/>
            <trkpt lat="47.55163" lon="11.39538"/>
            <trkpt lat="47.55168" lon="11.39563"/>
            <trkpt lat="47.55182" lon="11.39666"/>
            <trkpt lat="47.55188" lon="11.39729"/>
            <trkpt lat="47.55207" lon="11.4002"/>
            <trkpt lat="47.55236" lon="11.40312"/>
            <trkpt lat="47.55242" lon="11.40381"/>
            <trkpt lat="47.55244" lon="11.40405"/>
            <trkpt lat="47.55282" lon="11.40757"/>
            <trkpt lat="47.55292" lon="11.40863"/>
            <trkpt lat="47.55312" lon="11.4104"/>
            <trkpt lat="47.55319" lon="11.41162"/>
            <trkpt lat="47.55331" lon="11.41386"/>
            <trkpt lat="47.55337" lon="11.41447"/>
            <trkpt lat="47.55349" lon="11.41501"/>
            <trkpt lat="47.55353" lon="11.41533"/>
            <trkpt lat="47.55352" lon="11.41573"/>
            <trkpt lat="47.5535" lon="11.41623"/>
            <trkpt lat="47.55352" lon="11.41732"/>
            <trkpt lat="47.55356" lon="11.4181"/>
            <trkpt lat="47.5536" lon="11.41852"/>
            <trkpt lat="47.55361" lon="11.41857"/>
            <trkpt lat="47.55362" lon="11.41878"/>
            <trkpt lat="47.5536" lon="11.41929"/>
            <trkpt lat="47.55362" lon="11.4197"/>
            <trkpt lat="47.55366" lon="11.42005"/>
            <trkpt lat="47.55362" lon="11.42071"/>
            <trkpt lat="47.5536" lon="11.42092"/>
            <trkpt lat="47.5536" lon="11.42114"/>
            <trkpt lat="47.55372" lon="11.42269"/>
            <trkpt lat="47.55374" lon="11.42342"/>
            <trkpt lat="47.55377" lon="11.42367"/>
            <trkpt lat="47.55377" lon="11.42408"/>
            <trkpt lat="47.55374" lon="11.42445"/>
            <trkpt lat="47.55368" lon="11.42473"/>
            <trkpt lat="47.5536" lon="11.42504"/>
            <trkpt lat="47.55355" lon="11.42535"/>
            <trkpt lat="47.55353" lon="11.42568"/>
            <trkpt lat="47.55353" lon="11.42576"/>
            <trkpt lat="47.55353" lon="11.42578"/>
            <trkpt lat="47.55354" lon="11.42593"/>
            <trkpt lat="47.55354" lon="11.42599"/>
            <trkpt lat="47.55357" lon="11.42618"/>
            <trkpt lat="47.55359" lon="11.42625"/>
            <trkpt lat="47.5537" lon="11.42654"/>
            <trkpt lat="47.55381" lon="11.42678"/>
            <trkpt lat="47.55387" lon="11.42688"/>
            <trkpt lat="47.55434" lon="11.42754"/>
            <trkpt lat="47.55452" lon="11.42774"/>
            <trkpt lat="47.55459" lon="11.42781"/>
            <trkpt lat="47.5549" lon="11.42807"/>
            <trkpt lat="47.55508" lon="11.4282"/>
            <trkpt lat="47.55539" lon="11.42835"/>
            <trkpt lat="47.55597" lon="11.42858"/>
            <trkpt lat="47.55615" lon="11.42867"/>
            <trkpt lat="47.55621" lon="11.42871"/>
            <trkpt lat="47.55642" lon="11.42891"/>
            <trkpt lat="47.5567" lon="11.42924"/>
            <trkpt lat="47.55715" lon="11.42986"/>
            <trkpt lat="47.55742" lon="11.4304"/>
            <trkpt lat="47.55792" lon="11.4312"/>
            <trkpt lat="47.55805" lon="11.43149"/>
            <trkpt lat="47.55818" lon="11.43189"/>
            <trkpt lat="47.55835" lon="11.43236"/>
            <trkpt lat="47.55848" lon="11.43281"/>
            <trkpt lat="47.55863" lon="11.43321"/>
            <trkpt lat="47.55865" lon="11.43325"/>
            <trkpt lat="47.55894" lon="11.43384"/>
            <trkpt lat="47.55928" lon="11.43449"/>
            <trkpt lat="47.55944" lon="11.4348"/>
            <trkpt lat="47.5595" lon="11.4349"/>
            <trkpt lat="47.55963" lon="11.43515"/>
            <trkpt lat="47.55966" lon="11.43522"/>
            <trkpt lat="47.55981" lon="11.43555"/>
            <trkpt lat="47.55991" lon="11.43582"/>
            <trkpt lat="47.55992" lon="11.43584"/>
            <trkpt lat="47.55992" lon="11.43586"/>
            <trkpt lat="47.55992" lon="11.43589"/>
            <trkpt lat="47.55992" lon="11.43591"/>
            <trkpt lat="47.55992" lon="11.43593"/>
            <trkpt lat="47.55992" lon="11.43596"/>
            <trkpt lat="47.55991" lon="11.43598"/>
            <trkpt lat="47.5599" lon="11.43601"/>
            <trkpt lat="47.55984" lon="11.43609"/>
            <trkpt lat="47.55976" lon="11.43617"/>
            <trkpt lat="47.55967" lon="11.43626"/>
            <trkpt lat="47.55954" lon="11.43637"/>
            <trkpt lat="47.5594" lon="11.43648"/>
            <trkpt lat="47.55929" lon="11.43654"/>
            <trkpt lat="47.55927" lon="11.43686"/>
            <trkpt lat="47.55924" lon="11.43702"/>
            <trkpt lat="47.55905" lon="11.43781"/>
            <trkpt lat="47.559" lon="11.43801"/>
            <trkpt lat="47.55859" lon="11.43958"/>
            <trkpt lat="47.55851" lon="11.43985"/>
            <trkpt lat="47.55838" lon="11.44016"/>
            <trkpt lat="47.55803" lon="11.44091"/>
            <trkpt lat="47.55793" lon="11.44116"/>
            <trkpt lat="47.55781" lon="11.44158"/>
            <trkpt lat="47.55777" lon="11.44182"/>
            <trkpt lat="47.55773" lon="11.44223"/>
            <trkpt lat="47.55769" lon="11.44303"/>
            <trkpt lat="47.55766" lon="11.44333"/>
            <trkpt lat="47.55756" lon="11.44373"/>
            <trkpt lat="47.55746" lon="11.44401"/>
            <trkpt lat="47.55705" lon="11.44489"/>
            <trkpt lat="47.55693" lon="11.44523"/>
            <trkpt lat="47.55688" lon="11.44543"/>
            <trkpt lat="47.55682" lon="11.44576"/>
            <trkpt lat="47.5566" lon="11.44745"/>
            <trkpt lat="47.55658" lon="11.44775"/>
            <trkpt lat="47.55656" lon="11.44794"/>
            <trkpt lat="47.55655" lon="11.44854"/>
            <trkpt lat="47.55656" lon="11.44916"/>
            <trkpt lat="47.55663" lon="11.45036"/>
            <trkpt lat="47.55675" lon="11.45199"/>
            <trkpt lat="47.5568" lon="11.45235"/>
            <trkpt lat="47.55688" lon="11.45273"/>
            <trkpt lat="47.55691" lon="11.4529"/>
            <trkpt lat="47.55703" lon="11.45327"/>
            <trkpt lat="47.55715" lon="11.45356"/>
            <trkpt lat="47.55738" lon="11.45402"/>
            <trkpt lat="47.55762" lon="11.45438"/>
            <trkpt lat="47.55806" lon="11.45488"/>
            <trkpt lat="47.55845" lon="11.45532"/>
            <trkpt lat="47.5587" lon="11.45567"/>
            <trkpt lat="47.55893" lon="11.45611"/>
            <trkpt lat="47.5591" lon="11.45656"/>
            <trkpt lat="47.55921" lon="11.45694"/>
            <trkpt lat="47.5593" lon="11.45736"/>
            <trkpt lat="47.55935" lon="11.45776"/>
            <trkpt lat="47.55937" lon="11.45817"/>
            <trkpt lat="47.55938" lon="11.45843"/>
            <trkpt lat="47.55934" lon="11.45892"/>
            <trkpt lat="47.55929" lon="11.45932"/>
            <trkpt lat="47.55911" lon="11.46039"/>
            <trkpt lat="47.55907" lon="11.46096"/>
            <trkpt lat="47.55906" lon="11.46126"/>
            <trkpt lat="47.5591" lon="11.46248"/>
            <trkpt lat="47.55909" lon="11.4629"/>
            <trkpt lat="47.55905" lon="11.4633"/>
            <trkpt lat="47.55898" lon="11.46371"/>
            <trkpt lat="47.55889" lon="11.46409"/>
            <trkpt lat="47.55856" lon="11.46509"/>
            <trkpt lat="47.55845" lon="11.46553"/>
            <trkpt lat="47.55837" lon="11.46602"/>
            <trkpt lat="47.55835" lon="11.46642"/>
            <trkpt lat="47.55834" lon="11.46674"/>
            <trkpt lat="47.55834" lon="11.46683"/>
            <trkpt lat="47.55836" lon="11.4671"/>
            <trkpt lat="47.55841" lon="11.46756"/>
            <trkpt lat="47.55846" lon="11.46782"/>
            <trkpt lat="47.55858" lon="11.4683"/>
            <trkpt lat="47.55864" lon="11.46848"/>
            <trkpt lat="47.55893" lon="11.46927"/>
            <trkpt lat="47.55903" lon="11.46961"/>
            <trkpt lat="47.55905" lon="11.46973"/>
            <trkpt lat="47.55912" lon="11.47007"/>
            <trkpt lat="47.55917" lon="11.47038"/>
            <trkpt lat="47.5592" lon="11.47081"/>
            <trkpt lat="47.55921" lon="11.47122"/>
            <trkpt lat="47.55918" lon="11.47165"/>
            <trkpt lat="47.55909" lon="11.47228"/>
            <trkpt lat="47.55868" lon="11.47439"/>
            <trkpt lat="47.55856" lon="11.47511"/>
            <trkpt lat="47.55851" lon="11.47561"/>
            <trkpt lat="47.55848" lon="11.4763"/>
            <trkpt lat="47.55849" lon="11.477"/>
            <trkpt lat="47.5586" lon="11.47906"/>
            <trkpt lat="47.5586" lon="11.47995"/>
            <trkpt lat="47.5584" lon="11.48279"/>
            <trkpt lat="47.55839" lon="11.48366"/>
            <trkpt lat="47.55844" lon="11.48433"/>
            <trkpt lat="47.55853" lon="11.48506"/>
            <trkpt lat="47.55865" lon="11.4859"/>
            <trkpt lat="47.55869" lon="11.48629"/>
            <trkpt lat="47.55869" lon="11.48629"/>
            <trkpt lat="47.5587" lon="11.48644"/>
            <trkpt lat="47.55869" lon="11.4868"/>
            <trkpt lat="47.55867" lon="11.48717"/>
            <trkpt lat="47.5585" lon="11.48818"/>
            <trkpt lat="47.55845" lon="11.48868"/>
            <trkpt lat="47.55844" lon="11.48899"/>
            <trkpt lat="47.55844" lon="11.48919"/>
            <trkpt lat="47.55848" lon="11.48965"/>
            <trkpt lat="47.55857" lon="11.49029"/>
            <trkpt lat="47.5587" lon="11.49103"/>
            <trkpt lat="47.55878" lon="11.49162"/>
            <trkpt lat="47.55879" lon="11.4917"/>
            <trkpt lat="47.55898" lon="11.49415"/>
            <trkpt lat="47.55916" lon="11.49658"/>
            <trkpt lat="47.55919" lon="11.49692"/>
            <trkpt lat="47.55928" lon="11.49751"/>
            <trkpt lat="47.55934" lon="11.49783"/>
            <trkpt lat="47.55947" lon="11.49839"/>
            <trkpt lat="47.55961" lon="11.49887"/>
            <trkpt lat="47.56008" lon="11.50016"/>
            <trkpt lat="47.56022" lon="11.50067"/>
            <trkpt lat="47.56033" lon="11.50116"/>
            <trkpt lat="47.56039" lon="11.50158"/>
            <trkpt lat="47.56044" lon="11.50229"/>
            <trkpt lat="47.56045" lon="11.50265"/>
            <trkpt lat="47.56043" lon="11.50317"/>
            <trkpt lat="47.56037" lon="11.50359"/>
            <trkpt lat="47.56029" lon="11.5041"/>
            <trkpt lat="47.56025" lon="11.50449"/>
            <trkpt lat="47.56024" lon="11.50494"/>
            <trkpt lat="47.56025" lon="11.50638"/>
            <trkpt lat="47.56031" lon="11.50759"/>
            <trkpt lat="47.56039" lon="11.50825"/>
            <trkpt lat="47.56047" lon="11.50869"/>
            <trkpt lat="47.56099" lon="11.51102"/>
            <trkpt lat="47.56113" lon="11.51174"/>
            <trkpt lat="47.56135" lon="11.51304"/>
            <trkpt lat="47.56143" lon="11.51367"/>
            <trkpt lat="47.56145" lon="11.51384"/>
            <trkpt lat="47.56154" lon="11.5148"/>
            <trkpt lat="47.56159" lon="11.51522"/>
            <trkpt lat="47.56167" lon="11.51552"/>
            <trkpt lat="47.56174" lon="11.51577"/>
            <trkpt lat="47.5619" lon="11.51616"/>
            <trkpt lat="47.56208" lon="11.51652"/>
            <trkpt lat="47.56237" lon="11.517"/>
            <trkpt lat="47.56263" lon="11.51735"/>
            <trkpt lat="47.56317" lon="11.51796"/>
            <trkpt lat="47.56362" lon="11.51846"/>
            <trkpt lat="47.56403" lon="11.51896"/>
            <trkpt lat="47.56427" lon="11.51931"/>
            <trkpt lat="47.56454" lon="11.51976"/>
            <trkpt lat="47.56478" lon="11.52029"/>
            <trkpt lat="47.56539" lon="11.52177"/>
            <trkpt lat="47.5657" lon="11.52236"/>
            <trkpt lat="47.56598" lon="11.52281"/>
            <trkpt lat="47.56621" lon="11.52311"/>
            <trkpt lat="47.56704" lon="11.52411"/>
            <trkpt lat="47.56731" lon="11.52447"/>
            <trkpt lat="47.56764" lon="11.52499"/>
            <trkpt lat="47.56787" lon="11.52547"/>
            <trkpt lat="47.56799" lon="11.52578"/>
            <trkpt lat="47.56802" lon="11.52588"/>
            <trkpt lat="47.56816" lon="11.52642"/>
            <trkpt lat="47.56824" lon="11.52696"/>
            <trkpt lat="47.56835" lon="11.52782"/>
            <trkpt lat="47.56843" lon="11.52823"/>
            <trkpt lat="47.56853" lon="11.52854"/>
            <trkpt lat="47.56866" lon="11.52885"/>
            <trkpt lat="47.5688" lon="11.52909"/>
            <trkpt lat="47.56892" lon="11.52926"/>
            <trkpt lat="47.5691" lon="11.52948"/>
            <trkpt lat="47.56947" lon="11.5298"/>
            <trkpt lat="47.56973" lon="11.52997"/>
            <trkpt lat="47.57023" lon="11.53026"/>
            <trkpt lat="47.57058" lon="11.53047"/>
            <trkpt lat="47.57074" lon="11.53058"/>
            <trkpt lat="47.5708" lon="11.53063"/>
            <trkpt lat="47.57111" lon="11.53089"/>
            <trkpt lat="47.57131" lon="11.53111"/>
            <trkpt lat="47.57145" lon="11.5313"/>
            <trkpt lat="47.57151" lon="11.53139"/>
            <trkpt lat="47.57174" lon="11.53185"/>
            <trkpt lat="47.57193" lon="11.53231"/>
            <trkpt lat="47.57204" lon="11.53261"/>
            <trkpt lat="47.57237" lon="11.53348"/>
            <trkpt lat="47.57243" lon="11.53363"/>
            <trkpt lat="47.57263" lon="11.53403"/>
            <trkpt lat="47.57288" lon="11.53448"/>
            <trkpt lat="47.57316" lon="11.53495"/>
            <trkpt lat="47.5734" lon="11.53527"/>
            <trkpt lat="47.57359" lon="11.53551"/>
            <trkpt lat="47.57372" lon="11.53564"/>
            <trkpt lat="47.57403" lon="11.53598"/>
            <trkpt lat="47.57429" lon="11.53622"/>
            <trkpt lat="47.57461" lon="11.53646"/>
            <trkpt lat="47.57487" lon="11.53664"/>
            <trkpt lat="47.57528" lon="11.53687"/>
            <trkpt lat="47.57577" lon="11.53707"/>
            <trkpt lat="47.57633" lon="11.53724"/>
            <trkpt lat="47.5766" lon="11.53732"/>
            <trkpt lat="47.57703" lon="11.53747"/>
            <trkpt lat="47.5774" lon="11.53765"/>
            <trkpt lat="47.57754" lon="11.53774"/>
            <trkpt lat="47.57764" lon="11.53782"/>
            <trkpt lat="47.57783" lon="11.53798"/>
            <trkpt lat="47.57801" lon="11.53818"/>
            <trkpt lat="47.57824" lon="11.53854"/>
            <trkpt lat="47.57839" lon="11.53886"/>
            <trkpt lat="47.57845" lon="11.539"/>
            <trkpt lat="47.5785" lon="11.53915"/>
            <trkpt lat="47.57853" lon="11.53929"/>
            <trkpt lat="47.57854" lon="11.53948"/>
            <trkpt lat="47.57854" lon="11.53964"/>
            <trkpt lat="47.57852" lon="11.53977"/>
            <trkpt lat="47.57849" lon="11.5399"/>
            <trkpt lat="47.5784" lon="11.54028"/>
            <trkpt lat="47.57838" lon="11.5405"/>
            <trkpt lat="47.57838" lon="11.54075"/>
            <trkpt lat="47.57846" lon="11.54131"/>
            <trkpt lat="47.57858" lon="11.54189"/>
            <trkpt lat="47.57877" lon="11.54253"/>
            <trkpt lat="47.57896" lon="11.54304"/>
            <trkpt lat="47.57912" lon="11.54342"/>
            <trkpt lat="47.57929" lon="11.54379"/>
            <trkpt lat="47.57937" lon="11.54402"/>
            <trkpt lat="47.57939" lon="11.54411"/>
            <trkpt lat="47.5794" lon="11.54421"/>
            <trkpt lat="47.5794" lon="11.54451"/>
            <trkpt lat="47.57937" lon="11.54484"/>
            <trkpt lat="47.57934" lon="11.54512"/>
            <trkpt lat="47.57933" lon="11.54524"/>
            <trkpt lat="47.57934" lon="11.54534"/>
            <trkpt lat="47.57935" lon="11.54545"/>
            <trkpt lat="47.57937" lon="11.54554"/>
            <trkpt lat="47.57944" lon="11.54574"/>
            <trkpt lat="47.57956" lon="11.54593"/>
            <trkpt lat="47.5797" lon="11.54612"/>
            <trkpt lat="47.57988" lon="11.54632"/>
            <trkpt lat="47.58" lon="11.54651"/>
            <trkpt lat="47.58015" lon="11.54693"/>
            <trkpt lat="47.58022" lon="11.54705"/>
            <trkpt lat="47.58033" lon="11.54719"/>
            <trkpt lat="47.5804" lon="11.54724"/>
            <trkpt lat="47.58045" lon="11.54729"/>
            <trkpt lat="47.58051" lon="11.54732"/>
            <trkpt lat="47.58063" lon="11.54736"/>
            <trkpt lat="47.58082" lon="11.54736"/>
            <trkpt lat="47.58095" lon="11.54733"/>
            <trkpt lat="47.58102" lon="11.5473"/>
            <trkpt lat="47.58111" lon="11.54725"/>
            <trkpt lat="47.58149" lon="11.54707"/>
            <trkpt lat="47.5816" lon="11.54702"/>
            <trkpt lat="47.5817" lon="11.547"/>
            <trkpt lat="47.58186" lon="11.54697"/>
            <trkpt lat="47.58227" lon="11.54696"/>
            <trkpt lat="47.58261" lon="11.54701"/>
            <trkpt lat="47.5829" lon="11.54709"/>
            <trkpt lat="47.5833" lon="11.54724"/>
            <trkpt lat="47.5842" lon="11.54763"/>
            <trkpt lat="47.58468" lon="11.54788"/>
            <trkpt lat="47.58523" lon="11.54831"/>
            <trkpt lat="47.58533" lon="11.54837"/>
            <trkpt lat="47.58546" lon="11.54843"/>
            <trkpt lat="47.58548" lon="11.54843"/>
            <trkpt lat="47.5856" lon="11.54846"/>
            <trkpt lat="47.58572" lon="11.54847"/>
            <trkpt lat="47.58581" lon="11.54847"/>
            <trkpt lat="47.58605" lon="11.54849"/>
            <trkpt lat="47.58605" lon="11.54859"/>
            <trkpt lat="47.58608" lon="11.54874"/>
            <trkpt lat="47.58609" lon="11.54884"/>
            <trkpt lat="47.58616" lon="11.54908"/>
            <trkpt lat="47.58622" lon="11.54926"/>
            <trkpt lat="47.5863" lon="11.54952"/>
            <trkpt lat="47.58638" lon="11.54983"/>
            <trkpt lat="47.58652" lon="11.55029"/>
            <trkpt lat="47.58656" lon="11.55057"/>
            <trkpt lat="47.58656" lon="11.5506"/>
            <trkpt lat="47.58657" lon="11.55068"/>
            <trkpt lat="47.58656" lon="11.55078"/>
            <trkpt lat="47.58655" lon="11.55092"/>
            <trkpt lat="47.58651" lon="11.55105"/>
            <trkpt lat="47.58646" lon="11.55115"/>
            <trkpt lat="47.58637" lon="11.55127"/>
            <trkpt lat="47.58627" lon="11.55136"/>
            <trkpt lat="47.5858" lon="11.55171"/>
            <trkpt lat="47.58568" lon="11.55183"/>
            <trkpt lat="47.58558" lon="11.55198"/>
            <trkpt lat="47.58547" lon="11.55219"/>
            <trkpt lat="47.58542" lon="11.55233"/>
            <trkpt lat="47.58532" lon="11.55269"/>
            <trkpt lat="47.58528" lon="11.55294"/>
            <trkpt lat="47.58517" lon="11.55375"/>
            <trkpt lat="47.58506" lon="11.55429"/>
            <trkpt lat="47.58482" lon="11.55537"/>
            <trkpt lat="47.58475" lon="11.55575"/>
            <trkpt lat="47.58471" lon="11.55627"/>
            <trkpt lat="47.58471" lon="11.55665"/>
            <trkpt lat="47.58472" lon="11.55691"/>
            <trkpt lat="47.58478" lon="11.55748"/>
            <trkpt lat="47.5848" lon="11.55762"/>
            <trkpt lat="47.58498" lon="11.5587"/>
            <trkpt lat="47.58516" lon="11.5597"/>
            <trkpt lat="47.58531" lon="11.5608"/>
            <trkpt lat="47.58535" lon="11.56127"/>
            <trkpt lat="47.5854" lon="11.56202"/>
            <trkpt lat="47.58542" lon="11.56297"/>
            <trkpt lat="47.58543" lon="11.56373"/>
            <trkpt lat="47.58548" lon="11.56446"/>
            <trkpt lat="47.58568" lon="11.56626"/>
            <trkpt lat="47.58571" lon="11.56657"/>
            <trkpt lat="47.58571" lon="11.56704"/>
            <trkpt lat="47.58567" lon="11.56749"/>
            <trkpt lat="47.58564" lon="11.56771"/>
            <trkpt lat="47.5855" lon="11.56855"/>
            <trkpt lat="47.58547" lon="11.56885"/>
            <trkpt lat="47.58547" lon="11.56941"/>
            <trkpt lat="47.58548" lon="11.57001"/>
            <trkpt lat="47.58548" lon="11.57025"/>
            <trkpt lat="47.58541" lon="11.57082"/>
            <trkpt lat="47.58528" lon="11.57166"/>
            <trkpt lat="47.58522" lon="11.57215"/>
            <trkpt lat="47.58521" lon="11.57239"/>
            <trkpt lat="47.58523" lon="11.57282"/>
            <trkpt lat="47.58526" lon="11.57311"/>
            <trkpt lat="47.58529" lon="11.57391"/>
            <trkpt lat="47.58528" lon="11.57448"/>
            <trkpt lat="47.58526" lon="11.57487"/>
            <trkpt lat="47.5852" lon="11.57542"/>
            <trkpt lat="47.58513" lon="11.57594"/>
            <trkpt lat="47.58494" lon="11.5768"/>
            <trkpt lat="47.5848" lon="11.57723"/>
            <trkpt lat="47.58459" lon="11.57776"/>
            <trkpt lat="47.58432" lon="11.57824"/>
            <trkpt lat="47.5838" lon="11.57912"/>
            <trkpt lat="47.58361" lon="11.57953"/>
            <trkpt lat="47.58358" lon="11.57959"/>
            <trkpt lat="47.58354" lon="11.5797"/>
            <trkpt lat="47.58336" lon="11.58031"/>
            <trkpt lat="47.58308" lon="11.58155"/>
            <trkpt lat="47.58304" lon="11.58171"/>
            <trkpt lat="47.58269" lon="11.58277"/>
            <trkpt lat="47.58261" lon="11.58299"/>
            <trkpt lat="47.58243" lon="11.58358"/>
            <trkpt lat="47.58225" lon="11.58431"/>
            <trkpt lat="47.58215" lon="11.58478"/>
            <trkpt lat="47.58204" lon="11.58552"/>
            <trkpt lat="47.58201" lon="11.58586"/>
            <trkpt lat="47.58197" lon="11.58679"/>
            <trkpt lat="47.58198" lon="11.58714"/>
            <trkpt lat="47.58202" lon="11.58771"/>
            <trkpt lat="47.58209" lon="11.58831"/>
            <trkpt lat="47.58214" lon="11.58859"/>
            <trkpt lat="47.58229" lon="11.58925"/>
            <trkpt lat="47.58241" lon="11.58966"/>
            <trkpt lat="47.58282" lon="11.59093"/>
            <trkpt lat="47.58294" lon="11.59138"/>
            <trkpt lat="47.58302" lon="11.59184"/>
            <trkpt lat="47.58305" lon="11.59219"/>
            <trkpt lat="47.58305" lon="11.59244"/>
            <trkpt lat="47.58301" lon="11.59294"/>
            <trkpt lat="47.58285" lon="11.59379"/>
            <trkpt lat="47.58274" lon="11.59434"/>
            <trkpt lat="47.58269" lon="11.59465"/>
            <trkpt lat="47.58264" lon="11.59519"/>
            <trkpt lat="47.58263" lon="11.59549"/>
            <trkpt lat="47.58265" lon="11.59579"/>
            <trkpt lat="47.58273" lon="11.59628"/>
            <trkpt lat="47.58281" lon="11.59656"/>
            <trkpt lat="47.58288" lon="11.59675"/>
            <trkpt lat="47.583" lon="11.59702"/>
            <trkpt lat="47.58314" lon="11.59725"/>
            <trkpt lat="47.58337" lon="11.59755"/>
            <trkpt lat="47.58366" lon="11.59789"/>
            <trkpt lat="47.58398" lon="11.59838"/>
            <trkpt lat="47.58425" lon="11.59883"/>
            <trkpt lat="47.58441" lon="11.59916"/>
            <trkpt lat="47.58455" lon="11.5995"/>
            <trkpt lat="47.58466" lon="11.59979"/>
            <trkpt lat="47.58474" lon="11.60011"/>
            <trkpt lat="47.58478" lon="11.60036"/>
            <trkpt lat="47.58481" lon="11.60063"/>
            <trkpt lat="47.58481" lon="11.60086"/>
            <trkpt lat="47.58481" lon="11.60106"/>
            <trkpt lat="47.58475" lon="11.60153"/>
            <trkpt lat="47.58475" lon="11.60156"/>
            <trkpt lat="47.5847" lon="11.60176"/>
            <trkpt lat="47.58457" lon="11.60218"/>
            <trkpt lat="47.58423" lon="11.60309"/>
            <trkpt lat="47.58401" lon="11.60378"/>
            <trkpt lat="47.58389" lon="11.60426"/>
            <trkpt lat="47.5837" lon="11.60515"/>
            <trkpt lat="47.58361" lon="11.60578"/>
            <trkpt lat="47.58355" lon="11.60644"/>
            <trkpt lat="47.58346" lon="11.60685"/>
            <trkpt lat="47.58342" lon="11.60702"/>
            <trkpt lat="47.58331" lon="11.60735"/>
            <trkpt lat="47.58323" lon="11.60753"/>
            <trkpt lat="47.58314" lon="11.60771"/>
            <trkpt lat="47.583" lon="11.60793"/>
            <trkpt lat="47.5824" lon="11.60868"/>
            <trkpt lat="47.58215" lon="11.60905"/>
            <trkpt lat="47.58203" lon="11.60925"/>
            <trkpt lat="47.58191" lon="11.60946"/>
            <trkpt lat="47.58169" lon="11.60997"/>
            <trkpt lat="47.58152" lon="11.61045"/>
            <trkpt lat="47.58144" lon="11.61072"/>
            <trkpt lat="47.58137" lon="11.61101"/>
            <trkpt lat="47.58134" lon="11.61116"/>
            <trkpt lat="47.58124" lon="11.61175"/>
            <trkpt lat="47.5812" lon="11.61213"/>
            <trkpt lat="47.58117" lon="11.61252"/>
            <trkpt lat="47.58117" lon="11.61299"/>
            <trkpt lat="47.58119" lon="11.61354"/>
            <trkpt lat="47.58127" lon="11.61427"/>
            <trkpt lat="47.58136" lon="11.61479"/>
            <trkpt lat="47.5815" lon="11.61537"/>
            <trkpt lat="47.58162" lon="11.61576"/>
            <trkpt lat="47.58194" lon="11.61657"/>
            <trkpt lat="47.58212" lon="11.61693"/>
            <trkpt lat="47.58227" lon="11.61722"/>
            <trkpt lat="47.5825" lon="11.61742"/>
            <trkpt lat="47.58281" lon="11.61761"/>
            <trkpt lat="47.58331" lon="11.61794"/>
            <trkpt lat="47.58331" lon="11.61794"/>
            <trkpt lat="47.58331" lon="11.61794"/>
            <trkpt lat="47.58347" lon="11.61807"/>
            <trkpt lat="47.5836" lon="11.61821"/>
            <trkpt lat="47.58369" lon="11.61833"/>
            <trkpt lat="47.58384" lon="11.61857"/>
            <trkpt lat="47.584" lon="11.61886"/>
            <trkpt lat="47.58417" lon="11.61934"/>
            <trkpt lat="47.58428" lon="11.61961"/>
            <trkpt lat="47.58439" lon="11.61996"/>
            <trkpt lat="47.58449" lon="11.62035"/>
            <trkpt lat="47.58457" lon="11.62087"/>
            <trkpt lat="47.58462" lon="11.62153"/>
            <trkpt lat="47.58464" lon="11.62187"/>
            <trkpt lat="47.58466" lon="11.62241"/>
            <trkpt lat="47.58465" lon="11.62296"/>
            <trkpt lat="47.58464" lon="11.62332"/>
            <trkpt lat="47.58462" lon="11.62354"/>
            <trkpt lat="47.5846" lon="11.62372"/>
            <trkpt lat="47.58456" lon="11.624"/>
            <trkpt lat="47.58443" lon="11.6245"/>
            <trkpt lat="47.58426" lon="11.62498"/>
            <trkpt lat="47.58416" lon="11.6252"/>
            <trkpt lat="47.58401" lon="11.62548"/>
            <trkpt lat="47.58381" lon="11.6258"/>
            <trkpt lat="47.58357" lon="11.62611"/>
            <trkpt lat="47.58288" lon="11.62693"/>
            <trkpt lat="47.58269" lon="11.62719"/>
            <trkpt lat="47.58246" lon="11.62751"/>
            <trkpt lat="47.58206" lon="11.62819"/>
            <trkpt lat="47.58187" lon="11.62855"/>
            <trkpt lat="47.58167" lon="11.62899"/>
            <trkpt lat="47.58145" lon="11.62952"/>
            <trkpt lat="47.5812" lon="11.63027"/>
            <trkpt lat="47.58104" lon="11.63092"/>
            <trkpt lat="47.58093" lon="11.63168"/>
            <trkpt lat="47.58091" lon="11.63199"/>
            <trkpt lat="47.5809" lon="11.6322"/>
            <trkpt lat="47.58091" lon="11.63241"/>
            <trkpt lat="47.58098" lon="11.63283"/>
            <trkpt lat="47.58104" lon="11.63306"/>
            <trkpt lat="47.58111" lon="11.63322"/>
            <trkpt lat="47.58121" lon="11.63339"/>
            <trkpt lat="47.58133" lon="11.63357"/>
            <trkpt lat="47.58151" lon="11.63377"/>
            <trkpt lat="47.58172" lon="11.63394"/>
            <trkpt lat="47.58198" lon="11.6341"/>
            <trkpt lat="47.58202" lon="11.63412"/>
            <trkpt lat="47.58211" lon="11.63416"/>
            <trkpt lat="47.58223" lon="11.63425"/>
            <trkpt lat="47.58244" lon="11.6344"/>
            <trkpt lat="47.58251" lon="11.63417"/>
            <trkpt lat="47.5826" lon="11.63396"/>
            <trkpt lat="47.58268" lon="11.63381"/>
            <trkpt lat="47.58272" lon="11.63373"/>
            <trkpt lat="47.58287" lon="11.63352"/>
            <trkpt lat="47.58299" lon="11.63338"/>
            <trkpt lat="47.58326" lon="11.63317"/>
            <trkpt lat="47.58373" lon="11.63295"/>
            <trkpt lat="47.58385" lon="11.63291"/>
            <trkpt lat="47.58411" lon="11.63292"/>
            <trkpt lat="47.58427" lon="11.63294"/>
            <trkpt lat="47.58435" lon="11.63294"/>
            <trkpt lat="47.58452" lon="11.63286"/>
            <trkpt lat="47.58458" lon="11.6328"/>
            <trkpt lat="47.58468" lon="11.63269"/>
            <trkpt lat="47.58484" lon="11.63243"/>
            <trkpt lat="47.58518" lon="11.63173"/>
            <trkpt lat="47.58528" lon="11.63159"/>
            <trkpt lat="47.58535" lon="11.63152"/>
            <trkpt lat="47.5855" lon="11.63146"/>
            <trkpt lat="47.58565" lon="11.63145"/>
            <trkpt lat="47.58579" lon="11.63148"/>
            <trkpt lat="47.58605" lon="11.6316"/>
            <trkpt lat="47.58654" lon="11.63185"/>
            <trkpt lat="47.58673" lon="11.6319"/>
            <trkpt lat="47.58692" lon="11.63192"/>
            <trkpt lat="47.58716" lon="11.63198"/>
            <trkpt lat="47.58755" lon="11.63216"/>
            <trkpt lat="47.58776" lon="11.63222"/>
            <trkpt lat="47.58788" lon="11.63224"/>
            <trkpt lat="47.58843" lon="11.63229"/>
            <trkpt lat="47.58859" lon="11.63234"/>
            <trkpt lat="47.58879" lon="11.63245"/>
            <trkpt lat="47.58944" lon="11.63273"/>
            <trkpt lat="47.58976" lon="11.63283"/>
            <trkpt lat="47.58987" lon="11.63283"/>
            <trkpt lat="47.59009" lon="11.63279"/>
            <trkpt lat="47.59045" lon="11.63267"/>
            <trkpt lat="47.59072" lon="11.6326"/>
            <trkpt lat="47.59099" lon="11.63256"/>
            <trkpt lat="47.59125" lon="11.63259"/>
            <trkpt lat="47.59164" lon="11.63272"/>
            <trkpt lat="47.59183" lon="11.63281"/>
            <trkpt lat="47.59195" lon="11.63293"/>
            <trkpt lat="47.59256" lon="11.6336"/>
            <trkpt lat="47.5927" lon="11.63369"/>
            <trkpt lat="47.59273" lon="11.63373"/>
            <trkpt lat="47.59277" lon="11.63379"/>
            <trkpt lat="47.59321" lon="11.63433"/>
            <trkpt lat="47.59339" lon="11.6345"/>
            <trkpt lat="47.59348" lon="11.63457"/>
            <trkpt lat="47.594" lon="11.63481"/>
            <trkpt lat="47.59416" lon="11.63493"/>
            <trkpt lat="47.59426" lon="11.63503"/>
            <trkpt lat="47.59442" lon="11.63523"/>
            <trkpt lat="47.59472" lon="11.63571"/>
            <trkpt lat="47.59492" lon="11.63597"/>
            <trkpt lat="47.59498" lon="11.63603"/>
            <trkpt lat="47.59507" lon="11.63611"/>
            <trkpt lat="47.59513" lon="11.63615"/>
            <trkpt lat="47.59521" lon="11.63618"/>
            <trkpt lat="47.59536" lon="11.63624"/>
            <trkpt lat="47.59552" lon="11.63627"/>
            <trkpt lat="47.59568" lon="11.63628"/>
            <trkpt lat="47.59627" lon="11.63619"/>
            <trkpt lat="47.59704" lon="11.63606"/>
            <trkpt lat="47.59722" lon="11.63606"/>
            <trkpt lat="47.59746" lon="11.63615"/>
            <trkpt lat="47.59785" lon="11.63637"/>
            <trkpt lat="47.59793" lon="11.6364"/>
            <trkpt lat="47.59819" lon="11.63648"/>
            <trkpt lat="47.59846" lon="11.6365"/>
            <trkpt lat="47.59871" lon="11.63648"/>
            <trkpt lat="47.59907" lon="11.63639"/>
            <trkpt lat="47.59942" lon="11.6363"/>
            <trkpt lat="47.59958" lon="11.63628"/>
            <trkpt lat="47.59973" lon="11.63631"/>
            <trkpt lat="47.59993" lon="11.63639"/>
            <trkpt lat="47.60022" lon="11.63658"/>
            <trkpt lat="47.60043" lon="11.63669"/>
            <trkpt lat="47.60072" lon="11.63677"/>
            <trkpt lat="47.60103" lon="11.6368"/>
            <trkpt lat="47.60115" lon="11.6368"/>
            <trkpt lat="47.60139" lon="11.63673"/>
            <trkpt lat="47.6016" lon="11.63663"/>
            <trkpt lat="47.60177" lon="11.6365"/>
            <trkpt lat="47.60221" lon="11.63613"/>
            <trkpt lat="47.6025" lon="11.63595"/>
            <trkpt lat="47.60277" lon="11.63584"/>
            <trkpt lat="47.60304" lon="11.63577"/>
            <trkpt lat="47.60331" lon="11.63572"/>
            <trkpt lat="47.60354" lon="11.63571"/>
            <trkpt lat="47.60363" lon="11.6357"/>
            <trkpt lat="47.60385" lon="11.6357"/>
            <trkpt lat="47.60416" lon="11.63573"/>
            <trkpt lat="47.60445" lon="11.63583"/>
            <trkpt lat="47.60469" lon="11.63597"/>
            <trkpt lat="47.60491" lon="11.63616"/>
            <trkpt lat="47.60515" lon="11.63644"/>
            <trkpt lat="47.60522" lon="11.63655"/>
            <trkpt lat="47.60528" lon="11.63666"/>
            <trkpt lat="47.60544" lon="11.63694"/>
            <trkpt lat="47.60555" lon="11.63716"/>
            <trkpt lat="47.60573" lon="11.63753"/>
            <trkpt lat="47.60598" lon="11.63797"/>
            <trkpt lat="47.60607" lon="11.63809"/>
            <trkpt lat="47.60618" lon="11.63821"/>
            <trkpt lat="47.60637" lon="11.63839"/>
            <trkpt lat="47.60653" lon="11.63852"/>
            <trkpt lat="47.6069" lon="11.63874"/>
            <trkpt lat="47.60788" lon="11.63927"/>
            <trkpt lat="47.60805" lon="11.63938"/>
            <trkpt lat="47.60827" lon="11.63955"/>
            <trkpt lat="47.60845" lon="11.63973"/>
            <trkpt lat="47.60867" lon="11.64"/>
            <trkpt lat="47.60881" lon="11.64024"/>
            <trkpt lat="47.60891" lon="11.64046"/>
            <trkpt lat="47.60904" lon="11.64085"/>
            <trkpt lat="47.6091" lon="11.6411"/>
            <trkpt lat="47.60914" lon="11.64133"/>
            <trkpt lat="47.60917" lon="11.64169"/>
            <trkpt lat="47.60917" lon="11.64224"/>
            <trkpt lat="47.60916" lon="11.64286"/>
            <trkpt lat="47.60919" lon="11.64317"/>
            <trkpt lat="47.60927" lon="11.64362"/>
            <trkpt lat="47.60937" lon="11.64398"/>
            <trkpt lat="47.60963" lon="11.64478"/>
            <trkpt lat="47.60969" lon="11.64501"/>
            <trkpt lat="47.60973" lon="11.64528"/>
            <trkpt lat="47.60975" lon="11.64551"/>
            <trkpt lat="47.60976" lon="11.64557"/>
            <trkpt lat="47.60977" lon="11.64586"/>
            <trkpt lat="47.60982" lon="11.64654"/>
            <trkpt lat="47.60986" lon="11.64684"/>
            <trkpt lat="47.60988" lon="11.64696"/>
            <trkpt lat="47.6099" lon="11.64713"/>
            <trkpt lat="47.60999" lon="11.64744"/>
            <trkpt lat="47.61006" lon="11.64765"/>
            <trkpt lat="47.61014" lon="11.64787"/>
            <trkpt lat="47.61022" lon="11.64808"/>
            <trkpt lat="47.61033" lon="11.64831"/>
            <trkpt lat="47.61045" lon="11.64854"/>
            <trkpt lat="47.61055" lon="11.64873"/>
            <trkpt lat="47.61093" lon="11.64936"/>
            <trkpt lat="47.61128" lon="11.6499"/>
            <trkpt lat="47.61132" lon="11.64995"/>
            <trkpt lat="47.61162" lon="11.65041"/>
            <trkpt lat="47.61175" lon="11.65063"/>
            <trkpt lat="47.61181" lon="11.65071"/>
            <trkpt lat="47.61219" lon="11.65131"/>
            <trkpt lat="47.61248" lon="11.65187"/>
            <trkpt lat="47.61265" lon="11.65225"/>
            <trkpt lat="47.61286" lon="11.65279"/>
            <trkpt lat="47.61298" lon="11.65322"/>
            <trkpt lat="47.613" lon="11.65332"/>
            <trkpt lat="47.61302" lon="11.6534"/>
            <trkpt lat="47.61303" lon="11.65345"/>
            <trkpt lat="47.61311" lon="11.65388"/>
            <trkpt lat="47.61316" lon="11.6543"/>
            <trkpt lat="47.61318" lon="11.65465"/>
            <trkpt lat="47.61318" lon="11.65509"/>
            <trkpt lat="47.61313" lon="11.65559"/>
            <trkpt lat="47.6131" lon="11.65579"/>
            <trkpt lat="47.61308" lon="11.65587"/>
            <trkpt lat="47.61301" lon="11.65617"/>
            <trkpt lat="47.61288" lon="11.65657"/>
            <trkpt lat="47.6128" lon="11.65679"/>
            <trkpt lat="47.6125" lon="11.65742"/>
            <trkpt lat="47.61209" lon="11.65814"/>
            <trkpt lat="47.6117" lon="11.65888"/>
            <trkpt lat="47.61151" lon="11.65932"/>
            <trkpt lat="47.61135" lon="11.6598"/>
            <trkpt lat="47.61118" lon="11.66051"/>
            <trkpt lat="47.61111" lon="11.6609"/>
            <trkpt lat="47.61108" lon="11.66131"/>
            <trkpt lat="47.61103" lon="11.66221"/>
            <trkpt lat="47.61103" lon="11.66292"/>
            <trkpt lat="47.61108" lon="11.66372"/>
            <trkpt lat="47.61118" lon="11.6645"/>
            <trkpt lat="47.61124" lon="11.66483"/>
            <trkpt lat="47.6114" lon="11.66545"/>
            <trkpt lat="47.61147" lon="11.66569"/>
            <trkpt lat="47.61161" lon="11.66602"/>
            <trkpt lat="47.61184" lon="11.66646"/>
            <trkpt lat="47.61202" lon="11.66676"/>
            <trkpt lat="47.61235" lon="11.66725"/>
            <trkpt lat="47.61254" lon="11.66748"/>
            <trkpt lat="47.61275" lon="11.66773"/>
            <trkpt lat="47.61376" lon="11.66887"/>
            <trkpt lat="47.61399" lon="11.66915"/>
            <trkpt lat="47.6144" lon="11.66972"/>
            <trkpt lat="47.61465" lon="11.67015"/>
            <trkpt lat="47.61475" lon="11.67035"/>
            <trkpt lat="47.61488" lon="11.67064"/>
            <trkpt lat="47.61505" lon="11.6711"/>
            <trkpt lat="47.61514" lon="11.67144"/>
            <trkpt lat="47.61523" lon="11.67185"/>
            <trkpt lat="47.61534" lon="11.6725"/>
            <trkpt lat="47.61541" lon="11.67318"/>
            <trkpt lat="47.61546" lon="11.674"/>
            <trkpt lat="47.6155" lon="11.67481"/>
            <trkpt lat="47.61554" lon="11.67559"/>
            <trkpt lat="47.6156" lon="11.67728"/>
            <trkpt lat="47.61566" lon="11.67848"/>
            <trkpt lat="47.61573" lon="11.67944"/>
            <trkpt lat="47.61583" lon="11.68037"/>
            <trkpt lat="47.61584" lon="11.68048"/>
            <trkpt lat="47.61593" lon="11.68112"/>
            <trkpt lat="47.61608" lon="11.68199"/>
            <trkpt lat="47.61616" lon="11.68239"/>
            <trkpt lat="47.61625" lon="11.68278"/>
            <trkpt lat="47.61646" lon="11.68361"/>
            <trkpt lat="47.61661" lon="11.68415"/>
            <trkpt lat="47.61689" lon="11.68499"/>
            <trkpt lat="47.61728" lon="11.68595"/>
            <trkpt lat="47.61741" lon="11.68622"/>
            <trkpt lat="47.61764" lon="11.68675"/>
            <trkpt lat="47.61771" lon="11.6869"/>
            <trkpt lat="47.61794" lon="11.68744"/>
            <trkpt lat="47.61816" lon="11.68802"/>
            <trkpt lat="47.61838" lon="11.68867"/>
            <trkpt lat="47.6185" lon="11.6891"/>
            <trkpt lat="47.61858" lon="11.68945"/>
            <trkpt lat="47.61865" lon="11.68977"/>
            <trkpt lat="47.61876" lon="11.69044"/>
            <trkpt lat="47.61889" lon="11.69155"/>
            <trkpt lat="47.61893" lon="11.69196"/>
            <trkpt lat="47.61907" lon="11.69387"/>
            <trkpt lat="47.61917" lon="11.69582"/>
            <trkpt lat="47.6193" lon="11.6981"/>
            <trkpt lat="47.61941" lon="11.69956"/>
            <trkpt lat="47.61954" lon="11.70092"/>
            <trkpt lat="47.61974" lon="11.70253"/>
            <trkpt lat="47.61993" lon="11.7038"/>
            <trkpt lat="47.62001" lon="11.70429"/>
            <trkpt lat="47.62022" lon="11.70543"/>
            <trkpt lat="47.62049" lon="11.70662"/>
            <trkpt lat="47.62052" lon="11.70673"/>
            <trkpt lat="47.62085" lon="11.70798"/>
            <trkpt lat="47.62134" lon="11.70971"/>
            <trkpt lat="47.62136" lon="11.70977"/>
            <trkpt lat="47.62182" lon="11.7114"/>
            <trkpt lat="47.62183" lon="11.71143"/>
            <trkpt lat="47.62208" lon="11.71241"/>
            <trkpt lat="47.62212" lon="11.71258"/>
            <trkpt lat="47.6222" lon="11.71292"/>
            <trkpt lat="47.62225" lon="11.71314"/>
            <trkpt lat="47.62239" lon="11.71392"/>
            <trkpt lat="47.62247" lon="11.7147"/>
            <trkpt lat="47.62249" lon="11.71521"/>
            <trkpt lat="47.6225" lon="11.7153"/>
            <trkpt lat="47.6225" lon="11.716"/>
            <trkpt lat="47.62248" lon="11.71675"/>
            <trkpt lat="47.62244" lon="11.71772"/>
            <trkpt lat="47.62244" lon="11.71831"/>
            <trkpt lat="47.62249" lon="11.7189"/>
            <trkpt lat="47.62257" lon="11.71943"/>
            <trkpt lat="47.62269" lon="11.71996"/>
            <trkpt lat="47.62275" lon="11.72018"/>
            <trkpt lat="47.62286" lon="11.72058"/>
            <trkpt lat="47.62297" lon="11.72094"/>
            <trkpt lat="47.62312" lon="11.72144"/>
            <trkpt lat="47.62321" lon="11.72181"/>
            <trkpt lat="47.62332" lon="11.72244"/>
            <trkpt lat="47.62337" lon="11.72287"/>
            <trkpt lat="47.62339" lon="11.72331"/>
            <trkpt lat="47.62337" lon="11.72362"/>
            <trkpt lat="47.62336" lon="11.72381"/>
            <trkpt lat="47.62333" lon="11.72394"/>
            <trkpt lat="47.62331" lon="11.7241"/>
            <trkpt lat="47.62322" lon="11.72448"/>
            <trkpt lat="47.62299" lon="11.72518"/>
            <trkpt lat="47.62268" lon="11.72592"/>
            <trkpt lat="47.62267" lon="11.72596"/>
            <trkpt lat="47.62256" lon="11.72628"/>
            <trkpt lat="47.62243" lon="11.72676"/>
            <trkpt lat="47.62235" lon="11.72732"/>
            <trkpt lat="47.62233" lon="11.72755"/>
            <trkpt lat="47.62233" lon="11.72799"/>
            <trkpt lat="47.62234" lon="11.72817"/>
            <trkpt lat="47.62239" lon="11.72863"/>
            <trkpt lat="47.62245" lon="11.72913"/>
            <trkpt lat="47.62264" lon="11.73022"/>
            <trkpt lat="47.62268" lon="11.73045"/>
            <trkpt lat="47.62271" lon="11.73081"/>
            <trkpt lat="47.62274" lon="11.73108"/>
            <trkpt lat="47.62277" lon="11.73149"/>
            <trkpt lat="47.62278" lon="11.73183"/>
            <trkpt lat="47.6228" lon="11.73227"/>
            <trkpt lat="47.62283" lon="11.73311"/>
            <trkpt lat="47.62285" lon="11.7334"/>
            <trkpt lat="47.62285" lon="11.73354"/>
            <trkpt lat="47.62296" lon="11.73471"/>
            <trkpt lat="47.62299" lon="11.73477"/>
            <trkpt lat="47.62301" lon="11.73495"/>
            <trkpt lat="47.62304" lon="11.73514"/>
            <trkpt lat="47.62313" lon="11.73561"/>
            <trkpt lat="47.62327" lon="11.73626"/>
            <trkpt lat="47.62344" lon="11.73688"/>
            <trkpt lat="47.62363" lon="11.73752"/>
            <trkpt lat="47.62402" lon="11.73855"/>
            <trkpt lat="47.62468" lon="11.74005"/>
            <trkpt lat="47.62482" lon="11.74042"/>
            <trkpt lat="47.62495" lon="11.74088"/>
            <trkpt lat="47.62507" lon="11.74144"/>
            <trkpt lat="47.62518" lon="11.74216"/>
            <trkpt lat="47.62529" lon="11.74314"/>
            <trkpt lat="47.62541" lon="11.74422"/>
            <trkpt lat="47.62554" lon="11.74475"/>
            <trkpt lat="47.62566" lon="11.74508"/>
            <trkpt lat="47.62589" lon="11.74555"/>
            <trkpt lat="47.62601" lon="11.74575"/>
            <trkpt lat="47.62607" lon="11.74584"/>
            <trkpt lat="47.62612" lon="11.7459"/>
            <trkpt lat="47.62636" lon="11.74618"/>
            <trkpt lat="47.62647" lon="11.74628"/>
            <trkpt lat="47.62672" lon="11.74647"/>
            <trkpt lat="47.62686" lon="11.74656"/>
            <trkpt lat="47.62712" lon="11.74665"/>
            <trkpt lat="47.62736" lon="11.74672"/>
            <trkpt lat="47.62756" lon="11.74674"/>
            <trkpt lat="47.62784" lon="11.74672"/>
            <trkpt lat="47.62817" lon="11.74663"/>
            <trkpt lat="47.62833" lon="11.74657"/>
            <trkpt lat="47.62862" lon="11.74641"/>
            <trkpt lat="47.62881" lon="11.7463"/>
            <trkpt lat="47.62887" lon="11.74627"/>
            <trkpt lat="47.62923" lon="11.74603"/>
            <trkpt lat="47.62966" lon="11.74576"/>
            <trkpt lat="47.63002" lon="11.74557"/>
            <trkpt lat="47.63045" lon="11.74541"/>
            <trkpt lat="47.63078" lon="11.74533"/>
            <trkpt lat="47.63084" lon="11.74532"/>
            <trkpt lat="47.63127" lon="11.74527"/>
            <trkpt lat="47.63146" lon="11.74526"/>
            <trkpt lat="47.63179" lon="11.74529"/>
            <trkpt lat="47.63212" lon="11.74536"/>
            <trkpt lat="47.63261" lon="11.74553"/>
            <trkpt lat="47.6328" lon="11.74561"/>
            <trkpt lat="47.63312" lon="11.74575"/>
            <trkpt lat="47.63361" lon="11.74595"/>
            <trkpt lat="47.63408" lon="11.7461"/>
            <trkpt lat="47.63438" lon="11.74616"/>
            <trkpt lat="47.63489" lon="11.74619"/>
            <trkpt lat="47.63514" lon="11.74618"/>
            <trkpt lat="47.6356" lon="11.74609"/>
            <trkpt lat="47.63579" lon="11.74602"/>
            <trkpt lat="47.63607" lon="11.74588"/>
            <trkpt lat="47.63628" lon="11.74576"/>
            <trkpt lat="47.63654" lon="11.74561"/>
            <trkpt lat="47.63672" lon="11.74552"/>
            <trkpt lat="47.63691" lon="11.74542"/>
            <trkpt lat="47.63746" lon="11.74518"/>
            <trkpt lat="47.63755" lon="11.74514"/>
            <trkpt lat="47.63772" lon="11.74508"/>
            <trkpt lat="47.63805" lon="11.74501"/>
            <trkpt lat="47.63819" lon="11.74499"/>
            <trkpt lat="47.63829" lon="11.74497"/>
            <trkpt lat="47.6384" lon="11.74496"/>
            <trkpt lat="47.63856" lon="11.74493"/>
            <trkpt lat="47.63884" lon="11.7449"/>
            <trkpt lat="47.63995" lon="11.74478"/>
            <trkpt lat="47.64004" lon="11.74477"/>
            <trkpt lat="47.64063" lon="11.7447"/>
            <trkpt lat="47.6411" lon="11.74466"/>
            <trkpt lat="47.64183" lon="11.74466"/>
            <trkpt lat="47.64211" lon="11.74469"/>
            <trkpt lat="47.64239" lon="11.74475"/>
            <trkpt lat="47.6431" lon="11.74497"/>
            <trkpt lat="47.64347" lon="11.74507"/>
            <trkpt lat="47.64385" lon="11.74517"/>
            <trkpt lat="47.6443" lon="11.74523"/>
            <trkpt lat="47.64472" lon="11.74525"/>
            <trkpt lat="47.64501" lon="11.74527"/>
            <trkpt lat="47.64534" lon="11.74534"/>
            <trkpt lat="47.64545" lon="11.74539"/>
            <trkpt lat="47.64568" lon="11.74554"/>
            <trkpt lat="47.64608" lon="11.74588"/>
            <trkpt lat="47.64626" lon="11.74603"/>
            <trkpt lat="47.64637" lon="11.74613"/>
            <trkpt lat="47.64646" lon="11.74617"/>
            <trkpt lat="47.64651" lon="11.7462"/>
            <trkpt lat="47.64656" lon="11.74622"/>
            <trkpt lat="47.64676" lon="11.74629"/>
            <trkpt lat="47.64689" lon="11.74631"/>
            <trkpt lat="47.64751" lon="11.74629"/>
            <trkpt lat="47.64787" lon="11.74629"/>
            <trkpt lat="47.64802" lon="11.74628"/>
            <trkpt lat="47.64843" lon="11.74628"/>
            <trkpt lat="47.64881" lon="11.74631"/>
            <trkpt lat="47.64907" lon="11.74633"/>
            <trkpt lat="47.64985" lon="11.74646"/>
            <trkpt lat="47.65046" lon="11.7466"/>
            <trkpt lat="47.65077" lon="11.74668"/>
            <trkpt lat="47.6514" lon="11.7469"/>
            <trkpt lat="47.65188" lon="11.7471"/>
            <trkpt lat="47.6525" lon="11.74742"/>
            <trkpt lat="47.65303" lon="11.74774"/>
            <trkpt lat="47.65309" lon="11.74778"/>
            <trkpt lat="47.65346" lon="11.748"/>
            <trkpt lat="47.65379" lon="11.7482"/>
            <trkpt lat="47.6541" lon="11.74839"/>
            <trkpt lat="47.65454" lon="11.74863"/>
            <trkpt lat="47.65491" lon="11.74881"/>
            <trkpt lat="47.65526" lon="11.74895"/>
            <trkpt lat="47.65554" lon="11.74905"/>
            <trkpt lat="47.65581" lon="11.74912"/>
            <trkpt lat="47.6562" lon="11.74921"/>
            <trkpt lat="47.65664" lon="11.74926"/>
            <trkpt lat="47.65702" lon="11.74929"/>
            <trkpt lat="47.65791" lon="11.74932"/>
            <trkpt lat="47.65869" lon="11.74931"/>
            <trkpt lat="47.65945" lon="11.7493"/>
            <trkpt lat="47.65957" lon="11.7493"/>
            <trkpt lat="47.65974" lon="11.74931"/>
            <trkpt lat="47.65977" lon="11.74931"/>
            <trkpt lat="47.66063" lon="11.74934"/>
            <trkpt lat="47.661" lon="11.7494"/>
            <trkpt lat="47.66148" lon="11.74951"/>
            <trkpt lat="47.66183" lon="11.74963"/>
            <trkpt lat="47.6619" lon="11.74966"/>
            <trkpt lat="47.66224" lon="11.74983"/>
            <trkpt lat="47.6624" lon="11.74993"/>
            <trkpt lat="47.66261" lon="11.75007"/>
            <trkpt lat="47.6628" lon="11.75023"/>
            <trkpt lat="47.66308" lon="11.75052"/>
            <trkpt lat="47.66334" lon="11.75085"/>
            <trkpt lat="47.66368" lon="11.75134"/>
            <trkpt lat="47.6641" lon="11.75206"/>
            <trkpt lat="47.66484" lon="11.7535"/>
            <trkpt lat="47.6652" lon="11.75417"/>
            <trkpt lat="47.66573" lon="11.75504"/>
            <trkpt lat="47.66595" lon="11.75537"/>
            <trkpt lat="47.66614" lon="11.75563"/>
            <trkpt lat="47.66641" lon="11.756"/>
            <trkpt lat="47.66682" lon="11.75651"/>
            <trkpt lat="47.66729" lon="11.75704"/>
            <trkpt lat="47.668" lon="11.75777"/>
            <trkpt lat="47.66872" lon="11.75843"/>
            <trkpt lat="47.67009" lon="11.75962"/>
            <trkpt lat="47.6722" lon="11.76129"/>
            <trkpt lat="47.67234" lon="11.76139"/>
            <trkpt lat="47.67235" lon="11.7614"/>
            <trkpt lat="47.67251" lon="11.76148"/>
            <trkpt lat="47.67262" lon="11.76154"/>
            <trkpt lat="47.67282" lon="11.76164"/>
            <trkpt lat="47.67311" lon="11.76176"/>
            <trkpt lat="47.67339" lon="11.76184"/>
            <trkpt lat="47.67364" lon="11.76187"/>
            <trkpt lat="47.67397" lon="11.76186"/>
            <trkpt lat="47.67415" lon="11.76181"/>
            <trkpt lat="47.6743" lon="11.76177"/>
            <trkpt lat="47.67435" lon="11.76175"/>
            <trkpt lat="47.67458" lon="11.76164"/>
            <trkpt lat="47.6748" lon="11.76151"/>
            <trkpt lat="47.67496" lon="11.7614"/>
            <trkpt lat="47.67515" lon="11.76121"/>
            <trkpt lat="47.67577" lon="11.76045"/>
            <trkpt lat="47.67603" lon="11.76009"/>
            <trkpt lat="47.67635" lon="11.7597"/>
            <trkpt lat="47.67662" lon="11.75943"/>
            <trkpt lat="47.6767" lon="11.75935"/>
            <trkpt lat="47.67695" lon="11.75914"/>
            <trkpt lat="47.67728" lon="11.75893"/>
            <trkpt lat="47.67749" lon="11.75881"/>
            <trkpt lat="47.67758" lon="11.75877"/>
            <trkpt lat="47.678" lon="11.75862"/>
            <trkpt lat="47.67805" lon="11.75861"/>
            <trkpt lat="47.67815" lon="11.75859"/>
            <trkpt lat="47.67819" lon="11.75858"/>
            <trkpt lat="47.67837" lon="11.75857"/>
            <trkpt lat="47.67852" lon="11.75857"/>
            <trkpt lat="47.67864" lon="11.7586"/>
            <trkpt lat="47.67871" lon="11.75861"/>
            <trkpt lat="47.67884" lon="11.75866"/>
            <trkpt lat="47.67893" lon="11.75872"/>
            <trkpt lat="47.6792" lon="11.7589"/>
            <trkpt lat="47.67958" lon="11.75918"/>
            <trkpt lat="47.67977" lon="11.75928"/>
            <trkpt lat="47.67985" lon="11.75931"/>
            <trkpt lat="47.67993" lon="11.75931"/>
            <trkpt lat="47.68001" lon="11.75931"/>
            <trkpt lat="47.68037" lon="11.75922"/>
            <trkpt lat="47.68066" lon="11.75909"/>
            <trkpt lat="47.68085" lon="11.75901"/>
            <trkpt lat="47.68098" lon="11.75895"/>
            <trkpt lat="47.68114" lon="11.7589"/>
            <trkpt lat="47.68121" lon="11.75888"/>
            <trkpt lat="47.68157" lon="11.75884"/>
            <trkpt lat="47.68165" lon="11.75882"/>
            <trkpt lat="47.68174" lon="11.75877"/>
            <trkpt lat="47.68201" lon="11.75862"/>
            <trkpt lat="47.68211" lon="11.75857"/>
            <trkpt lat="47.68229" lon="11.75847"/>
            <trkpt lat="47.68246" lon="11.75838"/>
            <trkpt lat="47.68261" lon="11.75828"/>
            <trkpt lat="47.68297" lon="11.75796"/>
            <trkpt lat="47.68306" lon="11.75791"/>
            <trkpt lat="47.68322" lon="11.75786"/>
            <trkpt lat="47.68329" lon="11.75784"/>
            <trkpt lat="47.68359" lon="11.75783"/>
            <trkpt lat="47.6842" lon="11.75783"/>
            <trkpt lat="47.68437" lon="11.75781"/>
            <trkpt lat="47.68461" lon="11.75784"/>
            <trkpt lat="47.68478" lon="11.75787"/>
            <trkpt lat="47.68489" lon="11.7579"/>
            <trkpt lat="47.68517" lon="11.75799"/>
            <trkpt lat="47.68534" lon="11.75805"/>
            <trkpt lat="47.68552" lon="11.75814"/>
            <trkpt lat="47.68574" lon="11.75827"/>
            <trkpt lat="47.68575" lon="11.75827"/>
            <trkpt lat="47.68581" lon="11.75832"/>
            <trkpt lat="47.68595" lon="11.75843"/>
            <trkpt lat="47.68616" lon="11.75859"/>
            <trkpt lat="47.68625" lon="11.75866"/>
            <trkpt lat="47.68643" lon="11.75887"/>
            <trkpt lat="47.68659" lon="11.75906"/>
            <trkpt lat="47.68662" lon="11.75909"/>
            <trkpt lat="47.68663" lon="11.75912"/>
            <trkpt lat="47.6867" lon="11.7592"/>
            <trkpt lat="47.68674" lon="11.75926"/>
            <trkpt lat="47.68681" lon="11.75936"/>
            <trkpt lat="47.68684" lon="11.75942"/>
            <trkpt lat="47.68689" lon="11.75949"/>
            <trkpt lat="47.68694" lon="11.75956"/>
            <trkpt lat="47.68706" lon="11.75977"/>
            <trkpt lat="47.68714" lon="11.75991"/>
            <trkpt lat="47.68722" lon="11.76006"/>
            <trkpt lat="47.68726" lon="11.76017"/>
            <trkpt lat="47.68733" lon="11.76041"/>
            <trkpt lat="47.68736" lon="11.76057"/>
            <trkpt lat="47.6874" lon="11.76083"/>
            <trkpt lat="47.68748" lon="11.76117"/>
            <trkpt lat="47.68751" lon="11.76125"/>
            <trkpt lat="47.68756" lon="11.76138"/>
            <trkpt lat="47.68759" lon="11.76147"/>
            <trkpt lat="47.68765" lon="11.76165"/>
            <trkpt lat="47.68773" lon="11.76199"/>
            <trkpt lat="47.68786" lon="11.76272"/>
            <trkpt lat="47.68794" lon="11.76306"/>
            <trkpt lat="47.68814" lon="11.76363"/>
            <trkpt lat="47.68822" lon="11.76383"/>
            <trkpt lat="47.68845" lon="11.7644"/>
            <trkpt lat="47.68883" lon="11.7654"/>
            <trkpt lat="47.68889" lon="11.76558"/>
            <trkpt lat="47.68898" lon="11.76597"/>
            <trkpt lat="47.68903" lon="11.76635"/>
            <trkpt lat="47.68903" lon="11.76642"/>
            <trkpt lat="47.68905" lon="11.76683"/>
            <trkpt lat="47.68904" lon="11.76706"/>
            <trkpt lat="47.68901" lon="11.76734"/>
            <trkpt lat="47.68897" lon="11.76784"/>
            <trkpt lat="47.68893" lon="11.76835"/>
            <trkpt lat="47.68893" lon="11.76874"/>
            <trkpt lat="47.68895" lon="11.76914"/>
            <trkpt lat="47.68897" lon="11.76929"/>
            <trkpt lat="47.68901" lon="11.7696"/>
            <trkpt lat="47.68905" lon="11.76981"/>
            <trkpt lat="47.68905" lon="11.76984"/>
            <trkpt lat="47.68909" lon="11.76997"/>
            <trkpt lat="47.68913" lon="11.7701"/>
            <trkpt lat="47.68915" lon="11.77014"/>
            <trkpt lat="47.68919" lon="11.77022"/>
            <trkpt lat="47.68924" lon="11.7703"/>
            <trkpt lat="47.68932" lon="11.77041"/>
            <trkpt lat="47.68943" lon="11.77052"/>
            <trkpt lat="47.68952" lon="11.77058"/>
            <trkpt lat="47.6896" lon="11.77064"/>
            <trkpt lat="47.68966" lon="11.77067"/>
            <trkpt lat="47.68994" lon="11.77073"/>
            <trkpt lat="47.69002" lon="11.77074"/>
            <trkpt lat="47.69014" lon="11.77075"/>
            <trkpt lat="47.69055" lon="11.77073"/>
            <trkpt lat="47.69068" lon="11.7707"/>
            <trkpt lat="47.69151" lon="11.7706"/>
            <trkpt lat="47.6916" lon="11.77058"/>
            <trkpt lat="47.69213" lon="11.77051"/>
            <trkpt lat="47.6924" lon="11.77047"/>
            <trkpt lat="47.69246" lon="11.77046"/>
            <trkpt lat="47.69257" lon="11.77045"/>
            <trkpt lat="47.6928" lon="11.77045"/>
            <trkpt lat="47.6929" lon="11.77046"/>
            <trkpt lat="47.69296" lon="11.77048"/>
            <trkpt lat="47.69304" lon="11.77051"/>
            <trkpt lat="47.69314" lon="11.77057"/>
            <trkpt lat="47.69333" lon="11.77073"/>
            <trkpt lat="47.69342" lon="11.77086"/>
            <trkpt lat="47.69366" lon="11.77124"/>
            <trkpt lat="47.69372" lon="11.77135"/>
            <trkpt lat="47.69378" lon="11.77145"/>
            <trkpt lat="47.69387" lon="11.77159"/>
            <trkpt lat="47.69424" lon="11.77213"/>
            <trkpt lat="47.6943" lon="11.77222"/>
            <trkpt lat="47.69469" lon="11.7727"/>
            <trkpt lat="47.69501" lon="11.77303"/>
            <trkpt lat="47.69517" lon="11.77312"/>
            <trkpt lat="47.69534" lon="11.77321"/>
            <trkpt lat="47.6955" lon="11.77326"/>
            <trkpt lat="47.69554" lon="11.77327"/>
            <trkpt lat="47.69564" lon="11.77328"/>
            <trkpt lat="47.6957" lon="11.77328"/>
            <trkpt lat="47.69588" lon="11.77328"/>
            <trkpt lat="47.69595" lon="11.77327"/>
            <trkpt lat="47.69631" lon="11.77312"/>
            <trkpt lat="47.69643" lon="11.77306"/>
            <trkpt lat="47.69667" lon="11.7729"/>
            <trkpt lat="47.69692" lon="11.77265"/>
            <trkpt lat="47.69719" lon="11.77232"/>
            <trkpt lat="47.69732" lon="11.77212"/>
            <trkpt lat="47.6975" lon="11.77183"/>
            <trkpt lat="47.69778" lon="11.77135"/>
            <trkpt lat="47.69812" lon="11.77076"/>
            <trkpt lat="47.69816" lon="11.77071"/>
            <trkpt lat="47.69825" lon="11.77059"/>
            <trkpt lat="47.69854" lon="11.77023"/>
            <trkpt lat="47.69896" lon="11.76976"/>
            <trkpt lat="47.69899" lon="11.76972"/>
            <trkpt lat="47.69909" lon="11.76961"/>
            <trkpt lat="47.69942" lon="11.76923"/>
            <trkpt lat="47.6995" lon="11.76911"/>
            <trkpt lat="47.69956" lon="11.769"/>
            <trkpt lat="47.6996" lon="11.76892"/>
            <trkpt lat="47.69963" lon="11.76884"/>
            <trkpt lat="47.69968" lon="11.76867"/>
            <trkpt lat="47.6998" lon="11.76814"/>
            <trkpt lat="47.69986" lon="11.76789"/>
            <trkpt lat="47.69998" lon="11.76749"/>
            <trkpt lat="47.7002" lon="11.76694"/>
            <trkpt lat="47.70032" lon="11.76658"/>
            <trkpt lat="47.70038" lon="11.76635"/>
            <trkpt lat="47.70043" lon="11.76616"/>
            <trkpt lat="47.70057" lon="11.76567"/>
            <trkpt lat="47.70086" lon="11.76475"/>
            <trkpt lat="47.70092" lon="11.76451"/>
            <trkpt lat="47.70097" lon="11.76416"/>
            <trkpt lat="47.70099" lon="11.76397"/>
            <trkpt lat="47.70104" lon="11.76336"/>
            <trkpt lat="47.70105" lon="11.76328"/>
            <trkpt lat="47.70111" lon="11.76305"/>
            <trkpt lat="47.70114" lon="11.76294"/>
            <trkpt lat="47.70117" lon="11.76287"/>
            <trkpt lat="47.70122" lon="11.76278"/>
            <trkpt lat="47.70142" lon="11.76248"/>
            <trkpt lat="47.70156" lon="11.76223"/>
            <trkpt lat="47.70166" lon="11.76205"/>
            <trkpt lat="47.70181" lon="11.76173"/>
            <trkpt lat="47.70218" lon="11.76097"/>
            <trkpt lat="47.70229" lon="11.76073"/>
            <trkpt lat="47.70238" lon="11.76058"/>
            <trkpt lat="47.70251" lon="11.76041"/>
            <trkpt lat="47.70263" lon="11.76028"/>
            <trkpt lat="47.70264" lon="11.76028"/>
            <trkpt lat="47.70282" lon="11.76014"/>
            <trkpt lat="47.70316" lon="11.75999"/>
            <trkpt lat="47.70327" lon="11.75996"/>
            <trkpt lat="47.70363" lon="11.75986"/>
            <trkpt lat="47.70378" lon="11.75983"/>
            <trkpt lat="47.70385" lon="11.75982"/>
            <trkpt lat="47.70427" lon="11.75978"/>
            <trkpt lat="47.70436" lon="11.75977"/>
            <trkpt lat="47.70453" lon="11.75974"/>
            <trkpt lat="47.70459" lon="11.75973"/>
            <trkpt lat="47.70489" lon="11.75964"/>
            <trkpt lat="47.70501" lon="11.7596"/>
            <trkpt lat="47.70537" lon="11.75943"/>
            <trkpt lat="47.70556" lon="11.75932"/>
            <trkpt lat="47.7059" lon="11.75909"/>
            <trkpt lat="47.70612" lon="11.75891"/>
            <trkpt lat="47.70645" lon="11.75854"/>
            <trkpt lat="47.70656" lon="11.75843"/>
            <trkpt lat="47.70673" lon="11.7583"/>
            <trkpt lat="47.70694" lon="11.75818"/>
            <trkpt lat="47.70715" lon="11.75812"/>
            <trkpt lat="47.70757" lon="11.758"/>
            <trkpt lat="47.70784" lon="11.7579"/>
            <trkpt lat="47.70797" lon="11.75784"/>
            <trkpt lat="47.70811" lon="11.75774"/>
            <trkpt lat="47.70821" lon="11.75766"/>
            <trkpt lat="47.70827" lon="11.75759"/>
            <trkpt lat="47.70834" lon="11.75751"/>
            <trkpt lat="47.70841" lon="11.75741"/>
            <trkpt lat="47.70845" lon="11.75733"/>
            <trkpt lat="47.70853" lon="11.75716"/>
            <trkpt lat="47.70855" lon="11.75709"/>
            <trkpt lat="47.70858" lon="11.75699"/>
            <trkpt lat="47.70859" lon="11.75687"/>
            <trkpt lat="47.70859" lon="11.7568"/>
            <trkpt lat="47.70859" lon="11.75671"/>
            <trkpt lat="47.70855" lon="11.75631"/>
            <trkpt lat="47.70849" lon="11.75582"/>
            <trkpt lat="47.70846" lon="11.75537"/>
            <trkpt lat="47.70844" lon="11.75522"/>
            <trkpt lat="47.70842" lon="11.75493"/>
            <trkpt lat="47.70841" lon="11.75486"/>
            <trkpt lat="47.7084" lon="11.75461"/>
            <trkpt lat="47.70842" lon="11.75439"/>
            <trkpt lat="47.70846" lon="11.75424"/>
            <trkpt lat="47.70849" lon="11.75413"/>
            <trkpt lat="47.70858" lon="11.75387"/>
            <trkpt lat="47.70869" lon="11.75362"/>
            <trkpt lat="47.70885" lon="11.75337"/>
            <trkpt lat="47.70886" lon="11.75335"/>
            <trkpt lat="47.70892" lon="11.75328"/>
            <trkpt lat="47.70899" lon="11.75326"/>
            <trkpt lat="47.70913" lon="11.75313"/>
            <trkpt lat="47.70921" lon="11.75307"/>
            <trkpt lat="47.70925" lon="11.75303"/>
            <trkpt lat="47.70937" lon="11.75296"/>
            <trkpt lat="47.70969" lon="11.7528"/>
            <trkpt lat="47.70976" lon="11.75278"/>
            <trkpt lat="47.70984" lon="11.75276"/>
            <trkpt lat="47.70992" lon="11.75276"/>
            <trkpt lat="47.70999" lon="11.75277"/>
            <trkpt lat="47.71005" lon="11.75277"/>
            <trkpt lat="47.71015" lon="11.75275"/>
            <trkpt lat="47.71019" lon="11.75276"/>
            <trkpt lat="47.71027" lon="11.75279"/>
            <trkpt lat="47.71044" lon="11.75285"/>
            <trkpt lat="47.7105" lon="11.75287"/>
            <trkpt lat="47.71055" lon="11.75288"/>
            <trkpt lat="47.71056" lon="11.75288"/>
            <trkpt lat="47.71069" lon="11.7529"/>
            <trkpt lat="47.71072" lon="11.7529"/>
            <trkpt lat="47.71076" lon="11.7529"/>
            <trkpt lat="47.71103" lon="11.75287"/>
            <trkpt lat="47.71118" lon="11.75284"/>
            <trkpt lat="47.71124" lon="11.75283"/>
            <trkpt lat="47.71129" lon="11.75281"/>
            <trkpt lat="47.7114" lon="11.75274"/>
            <trkpt lat="47.71151" lon="11.75267"/>
            <trkpt lat="47.71178" lon="11.75246"/>
            <trkpt lat="47.7118" lon="11.75244"/>
            <trkpt lat="47.71199" lon="11.75233"/>
            <trkpt lat="47.71207" lon="11.7523"/>
            <trkpt lat="47.71233" lon="11.75228"/>
            <trkpt lat="47.71242" lon="11.75228"/>
            <trkpt lat="47.71248" lon="11.75228"/>
            <trkpt lat="47.71265" lon="11.75231"/>
            <trkpt lat="47.71273" lon="11.75233"/>
            <trkpt lat="47.71288" lon="11.75238"/>
            <trkpt lat="47.71297" lon="11.75242"/>
            <trkpt lat="47.71312" lon="11.75252"/>
            <trkpt lat="47.71389" lon="11.75318"/>
            <trkpt lat="47.71411" lon="11.75334"/>
            <trkpt lat="47.71431" lon="11.75344"/>
            <trkpt lat="47.71468" lon="11.75357"/>
            <trkpt lat="47.71512" lon="11.7537"/>
            <trkpt lat="47.71521" lon="11.75371"/>
            <trkpt lat="47.71527" lon="11.75372"/>
            <trkpt lat="47.71544" lon="11.75373"/>
            <trkpt lat="47.71557" lon="11.75373"/>
            <trkpt lat="47.71588" lon="11.75371"/>
            <trkpt lat="47.71615" lon="11.75366"/>
            <trkpt lat="47.71631" lon="11.75359"/>
            <trkpt lat="47.71646" lon="11.75349"/>
            <trkpt lat="47.71712" lon="11.75292"/>
            <trkpt lat="47.71732" lon="11.75271"/>
            <trkpt lat="47.71774" lon="11.75216"/>
            <trkpt lat="47.7179" lon="11.75196"/>
            <trkpt lat="47.71815" lon="11.75169"/>
            <trkpt lat="47.71847" lon="11.75136"/>
            <trkpt lat="47.71876" lon="11.75103"/>
            <trkpt lat="47.71887" lon="11.75091"/>
            <trkpt lat="47.71907" lon="11.75066"/>
            <trkpt lat="47.7197" lon="11.74977"/>
            <trkpt lat="47.71988" lon="11.74956"/>
            <trkpt lat="47.71998" lon="11.74947"/>
            <trkpt lat="47.72006" lon="11.74941"/>
            <trkpt lat="47.72037" lon="11.74925"/>
            <trkpt lat="47.72064" lon="11.7491"/>
            <trkpt lat="47.72075" lon="11.74901"/>
            <trkpt lat="47.72081" lon="11.74897"/>
            <trkpt lat="47.72087" lon="11.7489"/>
            <trkpt lat="47.72113" lon="11.74859"/>
            <trkpt lat="47.72124" lon="11.74846"/>
            <trkpt lat="47.72133" lon="11.74836"/>
            <trkpt lat="47.72157" lon="11.74815"/>
            <trkpt lat="47.72169" lon="11.74806"/>
            <trkpt lat="47.72176" lon="11.74802"/>
            <trkpt lat="47.72185" lon="11.74798"/>
            <trkpt lat="47.72191" lon="11.74795"/>
            <trkpt lat="47.72206" lon="11.74793"/>
            <trkpt lat="47.72257" lon="11.74793"/>
            <trkpt lat="47.72273" lon="11.74789"/>
            <trkpt lat="47.72279" lon="11.74785"/>
            <trkpt lat="47.72286" lon="11.74781"/>
            <trkpt lat="47.72291" lon="11.74776"/>
            <trkpt lat="47.72297" lon="11.74772"/>
            <trkpt lat="47.72306" lon="11.74761"/>
            <trkpt lat="47.7233" lon="11.74731"/>
            <trkpt lat="47.72371" lon="11.74675"/>
            <trkpt lat="47.72392" lon="11.74649"/>
            <trkpt lat="47.72404" lon="11.74636"/>
            <trkpt lat="47.7244" lon="11.74604"/>
            <trkpt lat="47.72458" lon="11.74585"/>
            <trkpt lat="47.72461" lon="11.74581"/>
            <trkpt lat="47.72477" lon="11.74559"/>
            <trkpt lat="47.72482" lon="11.74552"/>
            <trkpt lat="47.72494" lon="11.74532"/>
            <trkpt lat="47.72499" lon="11.74519"/>
            <trkpt lat="47.72522" lon="11.74476"/>
            <trkpt lat="47.72536" lon="11.74453"/>
            <trkpt lat="47.72543" lon="11.74443"/>
            <trkpt lat="47.72559" lon="11.74426"/>
            <trkpt lat="47.72584" lon="11.74404"/>
            <trkpt lat="47.72608" lon="11.74389"/>
            <trkpt lat="47.72622" lon="11.74384"/>
            <trkpt lat="47.72637" lon="11.74381"/>
            <trkpt lat="47.72663" lon="11.74378"/>
            <trkpt lat="47.72713" lon="11.7438"/>
            <trkpt lat="47.72726" lon="11.74378"/>
            <trkpt lat="47.72756" lon="11.74368"/>
            <trkpt lat="47.72762" lon="11.74366"/>
            <trkpt lat="47.72788" lon="11.74352"/>
            <trkpt lat="47.72798" lon="11.74345"/>
            <trkpt lat="47.72824" lon="11.74323"/>
            <trkpt lat="47.72852" lon="11.74289"/>
            <trkpt lat="47.72873" lon="11.74266"/>
            <trkpt lat="47.72883" lon="11.74256"/>
            <trkpt lat="47.7289" lon="11.7425"/>
            <trkpt lat="47.72912" lon="11.74233"/>
            <trkpt lat="47.72922" lon="11.74227"/>
            <trkpt lat="47.7299" lon="11.74183"/>
            <trkpt lat="47.73059" lon="11.74139"/>
            <trkpt lat="47.7307" lon="11.74132"/>
            <trkpt lat="47.73105" lon="11.7411"/>
            <trkpt lat="47.73155" lon="11.74084"/>
            <trkpt lat="47.73188" lon="11.74068"/>
            <trkpt lat="47.73201" lon="11.74059"/>
            <trkpt lat="47.73221" lon="11.7404"/>
            <trkpt lat="47.73234" lon="11.74024"/>
            <trkpt lat="47.73251" lon="11.73998"/>
            <trkpt lat="47.7328" lon="11.7394"/>
            <trkpt lat="47.73298" lon="11.73909"/>
            <trkpt lat="47.73317" lon="11.73885"/>
            <trkpt lat="47.73321" lon="11.73882"/>
            <trkpt lat="47.73345" lon="11.73863"/>
            <trkpt lat="47.73372" lon="11.7385"/>
            <trkpt lat="47.73377" lon="11.73848"/>
            <trkpt lat="47.73395" lon="11.73846"/>
            <trkpt lat="47.7343" lon="11.73852"/>
            <trkpt lat="47.7345" lon="11.73853"/>
            <trkpt lat="47.73454" lon="11.73853"/>
            <trkpt lat="47.73483" lon="11.73846"/>
            <trkpt lat="47.73515" lon="11.73835"/>
            <trkpt lat="47.73545" lon="11.73825"/>
            <trkpt lat="47.73633" lon="11.73787"/>
            <trkpt lat="47.73673" lon="11.73772"/>
            <trkpt lat="47.7368" lon="11.73768"/>
            <trkpt lat="47.73776" lon="11.73737"/>
            <trkpt lat="47.7382" lon="11.73729"/>
            <trkpt lat="47.73852" lon="11.73727"/>
            <trkpt lat="47.73906" lon="11.73731"/>
            <trkpt lat="47.73989" lon="11.73742"/>
            <trkpt lat="47.74006" lon="11.73743"/>
            <trkpt lat="47.74074" lon="11.73752"/>
            <trkpt lat="47.74124" lon="11.73757"/>
            <trkpt lat="47.74153" lon="11.73761"/>
            <trkpt lat="47.74176" lon="11.73762"/>
            <trkpt lat="47.74181" lon="11.73763"/>
            <trkpt lat="47.74209" lon="11.73764"/>
            <trkpt lat="47.74225" lon="11.73767"/>
            <trkpt lat="47.74253" lon="11.73776"/>
            <trkpt lat="47.74253" lon="11.73781"/>
            <trkpt lat="47.74253" lon="11.73786"/>
            <trkpt lat="47.74254" lon="11.73791"/>
            <trkpt lat="47.74255" lon="11.73794"/>
            <trkpt lat="47.74256" lon="11.73796"/>
            <trkpt lat="47.74257" lon="11.73798"/>
            <trkpt lat="47.74259" lon="11.738"/>
            <trkpt lat="47.74262" lon="11.73802"/>
            <trkpt lat="47.74264" lon="11.73812"/>
            <trkpt lat="47.74266" lon="11.73824"/>
            <trkpt lat="47.74268" lon="11.73856"/>
            <trkpt lat="47.74271" lon="11.73863"/>
            <trkpt lat="47.74274" lon="11.73893"/>
            <trkpt lat="47.74278" lon="11.73926"/>
            <trkpt lat="47.74288" lon="11.73979"/>
            <trkpt lat="47.74293" lon="11.73997"/>
            <trkpt lat="47.74298" lon="11.74016"/>
            <trkpt lat="47.74314" lon="11.7406"/>
            <trkpt lat="47.74321" lon="11.74075"/>
            <trkpt lat="47.74333" lon="11.74098"/>
            <trkpt lat="47.74345" lon="11.74119"/>
            <trkpt lat="47.74377" lon="11.74168"/>
            <trkpt lat="47.7442" lon="11.74223"/>
            <trkpt lat="47.74446" lon="11.74261"/>
            <trkpt lat="47.74467" lon="11.74298"/>
            <trkpt lat="47.74485" lon="11.7434"/>
            <trkpt lat="47.74489" lon="11.74351"/>
            <trkpt lat="47.74497" lon="11.7438"/>
            <trkpt lat="47.74506" lon="11.74412"/>
            <trkpt lat="47.74509" lon="11.7443"/>
            <trkpt lat="47.74515" lon="11.74474"/>
            <trkpt lat="47.74518" lon="11.74506"/>
            <trkpt lat="47.74523" lon="11.74605"/>
            <trkpt lat="47.74527" lon="11.74662"/>
            <trkpt lat="47.74536" lon="11.74728"/>
            <trkpt lat="47.74545" lon="11.74768"/>
            <trkpt lat="47.74559" lon="11.74822"/>
            <trkpt lat="47.74567" lon="11.74848"/>
            <trkpt lat="47.74602" lon="11.74957"/>
            <trkpt lat="47.74613" lon="11.74992"/>
            <trkpt lat="47.74624" lon="11.7504"/>
            <trkpt lat="47.74646" lon="11.7514"/>
            <trkpt lat="47.7465" lon="11.75172"/>
            <trkpt lat="47.74652" lon="11.75209"/>
            <trkpt lat="47.74655" lon="11.75299"/>
            <trkpt lat="47.74655" lon="11.75367"/>
            <trkpt lat="47.74655" lon="11.75402"/>
            <trkpt lat="47.7465" lon="11.75537"/>
            <trkpt lat="47.74646" lon="11.75616"/>
            <trkpt lat="47.74641" lon="11.75706"/>
            <trkpt lat="47.74627" lon="11.75868"/>
            <trkpt lat="47.74624" lon="11.75899"/>
            <trkpt lat="47.74621" lon="11.75915"/>
            <trkpt lat="47.74614" lon="11.7596"/>
            <trkpt lat="47.7461" lon="11.7598"/>
            <trkpt lat="47.746" lon="11.76013"/>
            <trkpt lat="47.74592" lon="11.76037"/>
            <trkpt lat="47.7457" lon="11.76101"/>
            <trkpt lat="47.74553" lon="11.76154"/>
            <trkpt lat="47.7455" lon="11.76166"/>
            <trkpt lat="47.74545" lon="11.76198"/>
            <trkpt lat="47.74543" lon="11.76219"/>
            <trkpt lat="47.74543" lon="11.76247"/>
            <trkpt lat="47.74544" lon="11.76275"/>
            <trkpt lat="47.74546" lon="11.76291"/>
            <trkpt lat="47.74548" lon="11.76307"/>
            <trkpt lat="47.74553" lon="11.76342"/>
            <trkpt lat="47.74565" lon="11.76395"/>
            <trkpt lat="47.74579" lon="11.76452"/>
            <trkpt lat="47.74589" lon="11.76484"/>
            <trkpt lat="47.74609" lon="11.76536"/>
            <trkpt lat="47.74639" lon="11.76617"/>
            <trkpt lat="47.74653" lon="11.76654"/>
            <trkpt lat="47.74658" lon="11.76669"/>
            <trkpt lat="47.74698" lon="11.7679"/>
            <trkpt lat="47.74723" lon="11.76888"/>
            <trkpt lat="47.74727" lon="11.76903"/>
            <trkpt lat="47.74739" lon="11.76996"/>
            <trkpt lat="47.74743" lon="11.77036"/>
            <trkpt lat="47.74748" lon="11.77122"/>
            <trkpt lat="47.7475" lon="11.77201"/>
            <trkpt lat="47.74752" lon="11.77249"/>
            <trkpt lat="47.74756" lon="11.77308"/>
            <trkpt lat="47.74764" lon="11.77363"/>
            <trkpt lat="47.74776" lon="11.77412"/>
            <trkpt lat="47.74784" lon="11.7744"/>
            <trkpt lat="47.74801" lon="11.77491"/>
            <trkpt lat="47.74817" lon="11.77542"/>
            <trkpt lat="47.74833" lon="11.77595"/>
            <trkpt lat="47.74841" lon="11.77642"/>
            <trkpt lat="47.74849" lon="11.77692"/>
            <trkpt lat="47.74855" lon="11.77734"/>
            <trkpt lat="47.7486" lon="11.77782"/>
            <trkpt lat="47.74863" lon="11.77809"/>
            <trkpt lat="47.74873" lon="11.77871"/>
            <trkpt lat="47.749" lon="11.77973"/>
            <trkpt lat="47.74958" lon="11.78112"/>
            <trkpt lat="47.75007" lon="11.78208"/>
            <trkpt lat="47.75029" lon="11.78265"/>
            <trkpt lat="47.75055" lon="11.78342"/>
            <trkpt lat="47.75068" lon="11.7839"/>
            <trkpt lat="47.75075" lon="11.78443"/>
            <trkpt lat="47.75078" lon="11.78475"/>
            <trkpt lat="47.75086" lon="11.786"/>
            <trkpt lat="47.75086" lon="11.7861"/>
            <trkpt lat="47.75087" lon="11.78643"/>
            <trkpt lat="47.75088" lon="11.78784"/>
            <trkpt lat="47.75086" lon="11.78977"/>
            <trkpt lat="47.75088" lon="11.7908"/>
            <trkpt lat="47.75089" lon="11.79199"/>
            <trkpt lat="47.75089" lon="11.79242"/>
            <trkpt lat="47.75089" lon="11.79258"/>
            <trkpt lat="47.75085" lon="11.79424"/>
            <trkpt lat="47.75087" lon="11.79485"/>
            <trkpt lat="47.75089" lon="11.79506"/>
            <trkpt lat="47.75095" lon="11.79556"/>
            <trkpt lat="47.75098" lon="11.79578"/>
            <trkpt lat="47.75105" lon="11.79618"/>
            <trkpt lat="47.75131" lon="11.79756"/>
            <trkpt lat="47.75141" lon="11.79826"/>
            <trkpt lat="47.75146" lon="11.79872"/>
            <trkpt lat="47.75148" lon="11.79932"/>
            <trkpt lat="47.75148" lon="11.79943"/>
            <trkpt lat="47.75145" lon="11.80153"/>
            <trkpt lat="47.75145" lon="11.80161"/>
            <trkpt lat="47.75149" lon="11.80229"/>
            <trkpt lat="47.75155" lon="11.80293"/>
            <trkpt lat="47.7516" lon="11.80316"/>
            <trkpt lat="47.75178" lon="11.8038"/>
            <trkpt lat="47.75196" lon="11.8043"/>
            <trkpt lat="47.75251" lon="11.80563"/>
            <trkpt lat="47.75272" lon="11.80625"/>
            <trkpt lat="47.75287" lon="11.80678"/>
            <trkpt lat="47.75293" lon="11.80703"/>
            <trkpt lat="47.75302" lon="11.80759"/>
            <trkpt lat="47.75305" lon="11.80775"/>
            <trkpt lat="47.75308" lon="11.80804"/>
            <trkpt lat="47.75312" lon="11.80845"/>
            <trkpt lat="47.75315" lon="11.80919"/>
            <trkpt lat="47.75316" lon="11.80971"/>
            <trkpt lat="47.75318" lon="11.80991"/>
            <trkpt lat="47.75319" lon="11.81005"/>
            <trkpt lat="47.7532" lon="11.81018"/>
            <trkpt lat="47.75326" lon="11.81084"/>
            <trkpt lat="47.75335" lon="11.81135"/>
            <trkpt lat="47.75338" lon="11.81152"/>
            <trkpt lat="47.75343" lon="11.81171"/>
            <trkpt lat="47.75358" lon="11.8122"/>
            <trkpt lat="47.75393" lon="11.81308"/>
            <trkpt lat="47.75398" lon="11.8132"/>
            <trkpt lat="47.75433" lon="11.81404"/>
            <trkpt lat="47.75452" lon="11.81457"/>
            <trkpt lat="47.75453" lon="11.81459"/>
            <trkpt lat="47.75464" lon="11.81501"/>
            <trkpt lat="47.75471" lon="11.81541"/>
            <trkpt lat="47.75477" lon="11.81592"/>
            <trkpt lat="47.75479" lon="11.81657"/>
            <trkpt lat="47.75478" lon="11.817"/>
            <trkpt lat="47.75475" lon="11.81731"/>
            <trkpt lat="47.75468" lon="11.81772"/>
            <trkpt lat="47.75459" lon="11.81812"/>
            <trkpt lat="47.75447" lon="11.81852"/>
            <trkpt lat="47.75425" lon="11.81911"/>
            <trkpt lat="47.75409" lon="11.81949"/>
            <trkpt lat="47.75404" lon="11.8196"/>
            <trkpt lat="47.7539" lon="11.81995"/>
            <trkpt lat="47.75376" lon="11.82036"/>
            <trkpt lat="47.75363" lon="11.82088"/>
            <trkpt lat="47.75356" lon="11.82129"/>
            <trkpt lat="47.75354" lon="11.82141"/>
            <trkpt lat="47.75349" lon="11.82188"/>
            <trkpt lat="47.75348" lon="11.82219"/>
            <trkpt lat="47.75348" lon="11.82331"/>
            <trkpt lat="47.75348" lon="11.82415"/>
            <trkpt lat="47.75347" lon="11.82434"/>
            <trkpt lat="47.75346" lon="11.8246"/>
            <trkpt lat="47.75344" lon="11.82481"/>
            <trkpt lat="47.75341" lon="11.82507"/>
            <trkpt lat="47.75337" lon="11.82536"/>
            <trkpt lat="47.75325" lon="11.82606"/>
            <trkpt lat="47.75324" lon="11.82611"/>
            <trkpt lat="47.75309" lon="11.82668"/>
            <trkpt lat="47.75294" lon="11.82718"/>
            <trkpt lat="47.75242" lon="11.82872"/>
            <trkpt lat="47.75228" lon="11.82912"/>
            <trkpt lat="47.75197" lon="11.82997"/>
            <trkpt lat="47.75183" lon="11.83035"/>
            <trkpt lat="47.75167" lon="11.83097"/>
            <trkpt lat="47.75152" lon="11.83169"/>
            <trkpt lat="47.75144" lon="11.83208"/>
            <trkpt lat="47.75135" lon="11.8325"/>
            <trkpt lat="47.75132" lon="11.8326"/>
            <trkpt lat="47.75125" lon="11.83282"/>
            <trkpt lat="47.75121" lon="11.83295"/>
            <trkpt lat="47.75096" lon="11.83364"/>
            <trkpt lat="47.7509" lon="11.83391"/>
            <trkpt lat="47.75088" lon="11.83402"/>
            <trkpt lat="47.75087" lon="11.83409"/>
            <trkpt lat="47.75086" lon="11.83427"/>
            <trkpt lat="47.75085" lon="11.8345"/>
            <trkpt lat="47.75086" lon="11.83457"/>
            <trkpt lat="47.75088" lon="11.83473"/>
            <trkpt lat="47.75089" lon="11.83479"/>
            <trkpt lat="47.75096" lon="11.83506"/>
            <trkpt lat="47.75103" lon="11.83528"/>
            <trkpt lat="47.7511" lon="11.83542"/>
            <trkpt lat="47.75114" lon="11.83549"/>
            <trkpt lat="47.75119" lon="11.83556"/>
            <trkpt lat="47.75125" lon="11.83565"/>
            <trkpt lat="47.75129" lon="11.83571"/>
            <trkpt lat="47.75147" lon="11.83593"/>
            <trkpt lat="47.75165" lon="11.83612"/>
            <trkpt lat="47.75177" lon="11.83625"/>
            <trkpt lat="47.75206" lon="11.8366"/>
            <trkpt lat="47.75214" lon="11.83672"/>
            <trkpt lat="47.75224" lon="11.83688"/>
            <trkpt lat="47.75239" lon="11.83715"/>
            <trkpt lat="47.75242" lon="11.8372"/>
            <trkpt lat="47.75252" lon="11.8374"/>
            <trkpt lat="47.75207" lon="11.83785"/>
            <trkpt lat="47.75144" lon="11.83851"/>
            <trkpt lat="47.75129" lon="11.83867"/>
            <trkpt lat="47.75113" lon="11.83884"/>
            <trkpt lat="47.75078" lon="11.83923"/>
            <trkpt lat="47.75071" lon="11.83931"/>
            <trkpt lat="47.75043" lon="11.83961"/>
            <trkpt lat="47.75019" lon="11.8399"/>
            <trkpt lat="47.75011" lon="11.83999"/>
            <trkpt lat="47.74981" lon="11.84034"/>
            <trkpt lat="47.74942" lon="11.84079"/>
            <trkpt lat="47.74914" lon="11.84108"/>
            <trkpt lat="47.749" lon="11.8412"/>
            <trkpt lat="47.74823" lon="11.84178"/>
            <trkpt lat="47.74823" lon="11.84178"/>
            <trkpt lat="47.74828" lon="11.84191"/>
            <trkpt lat="47.74833" lon="11.84207"/>
            <trkpt lat="47.74776" lon="11.84254"/>
            <trkpt lat="47.74756" lon="11.84271"/>
            <trkpt lat="47.74746" lon="11.8428"/>
            <trkpt lat="47.74738" lon="11.84288"/>
            <trkpt lat="47.74719" lon="11.84307"/>
            <trkpt lat="47.747" lon="11.84326"/>
            <trkpt lat="47.74699" lon="11.84326"/>
            <trkpt lat="47.74683" lon="11.84342"/>
            <trkpt lat="47.74658" lon="11.84369"/>
            <trkpt lat="47.74657" lon="11.8437"/>
            <trkpt lat="47.7465" lon="11.84378"/>
            <trkpt lat="47.74605" lon="11.84438"/>
            <trkpt lat="47.7456" lon="11.84497"/>
            <trkpt lat="47.74513" lon="11.84551"/>
            <trkpt lat="47.74458" lon="11.84605"/>
            <trkpt lat="47.74369" lon="11.84685"/>
            <trkpt lat="47.74335" lon="11.84719"/>
            <trkpt lat="47.74282" lon="11.84783"/>
            <trkpt lat="47.74224" lon="11.84859"/>
            <trkpt lat="47.74162" lon="11.84932"/>
            <trkpt lat="47.74058" lon="11.85024"/>
            <trkpt lat="47.74029" lon="11.85055"/>
            <trkpt lat="47.74009" lon="11.85084"/>
            <trkpt lat="47.73999" lon="11.85101"/>
            <trkpt lat="47.73959" lon="11.85173"/>
            <trkpt lat="47.73931" lon="11.8522"/>
            <trkpt lat="47.73922" lon="11.85232"/>
            <trkpt lat="47.73909" lon="11.85249"/>
            <trkpt lat="47.73853" lon="11.85311"/>
            <trkpt lat="47.73812" lon="11.85355"/>
            <trkpt lat="47.73803" lon="11.85367"/>
            <trkpt lat="47.73787" lon="11.85395"/>
            <trkpt lat="47.7378" lon="11.85416"/>
            <trkpt lat="47.73771" lon="11.85456"/>
            <trkpt lat="47.73769" lon="11.85469"/>
            <trkpt lat="47.73763" lon="11.85506"/>
            <trkpt lat="47.73761" lon="11.85534"/>
            <trkpt lat="47.73761" lon="11.85565"/>
            <trkpt lat="47.73762" lon="11.85592"/>
            <trkpt lat="47.73767" lon="11.8566"/>
            <trkpt lat="47.73767" lon="11.85686"/>
            <trkpt lat="47.73763" lon="11.8571"/>
            <trkpt lat="47.73761" lon="11.85719"/>
            <trkpt lat="47.73753" lon="11.85746"/>
            <trkpt lat="47.73741" lon="11.85784"/>
            <trkpt lat="47.73733" lon="11.85812"/>
            <trkpt lat="47.73724" lon="11.85848"/>
            <trkpt lat="47.73712" lon="11.85899"/>
            <trkpt lat="47.73704" lon="11.8593"/>
            <trkpt lat="47.73699" lon="11.85944"/>
            <trkpt lat="47.73645" lon="11.8604"/>
            <trkpt lat="47.73629" lon="11.86069"/>
            <trkpt lat="47.736" lon="11.86124"/>
            <trkpt lat="47.73594" lon="11.86138"/>
            <trkpt lat="47.73584" lon="11.86161"/>
            <trkpt lat="47.73575" lon="11.86184"/>
            <trkpt lat="47.73569" lon="11.862"/>
            <trkpt lat="47.73565" lon="11.86219"/>
            <trkpt lat="47.73556" lon="11.86266"/>
            <trkpt lat="47.73553" lon="11.86276"/>
            <trkpt lat="47.73546" lon="11.86294"/>
            <trkpt lat="47.73537" lon="11.86313"/>
            <trkpt lat="47.73517" lon="11.86355"/>
            <trkpt lat="47.73495" lon="11.86388"/>
            <trkpt lat="47.73479" lon="11.86417"/>
            <trkpt lat="47.7347" lon="11.86429"/>
            <trkpt lat="47.73439" lon="11.86459"/>
            <trkpt lat="47.73423" lon="11.86472"/>
            <trkpt lat="47.73418" lon="11.86474"/>
            <trkpt lat="47.73405" lon="11.86476"/>
            <trkpt lat="47.73387" lon="11.86478"/>
            <trkpt lat="47.73379" lon="11.86482"/>
            <trkpt lat="47.73366" lon="11.86492"/>
            <trkpt lat="47.73345" lon="11.86512"/>
            <trkpt lat="47.73336" lon="11.86523"/>
            <trkpt lat="47.73325" lon="11.86536"/>
            <trkpt lat="47.73303" lon="11.86573"/>
            <trkpt lat="47.73298" lon="11.8658"/>
            <trkpt lat="47.73292" lon="11.86588"/>
            <trkpt lat="47.73268" lon="11.86622"/>
            <trkpt lat="47.73263" lon="11.86632"/>
            <trkpt lat="47.73261" lon="11.86639"/>
            <trkpt lat="47.73254" lon="11.86658"/>
            <trkpt lat="47.73252" lon="11.86667"/>
            <trkpt lat="47.7325" lon="11.86674"/>
            <trkpt lat="47.73241" lon="11.86711"/>
            <trkpt lat="47.73237" lon="11.86725"/>
            <trkpt lat="47.73233" lon="11.86736"/>
            <trkpt lat="47.73221" lon="11.86762"/>
            <trkpt lat="47.73216" lon="11.86771"/>
            <trkpt lat="47.73204" lon="11.86788"/>
            <trkpt lat="47.73175" lon="11.8682"/>
            <trkpt lat="47.73164" lon="11.86829"/>
            <trkpt lat="47.73144" lon="11.86841"/>
            <trkpt lat="47.7314" lon="11.86843"/>
            <trkpt lat="47.73126" lon="11.86847"/>
            <trkpt lat="47.73109" lon="11.86848"/>
            <trkpt lat="47.73102" lon="11.86847"/>
            <trkpt lat="47.73089" lon="11.86843"/>
            <trkpt lat="47.73042" lon="11.86825"/>
            <trkpt lat="47.73035" lon="11.86823"/>
            <trkpt lat="47.72977" lon="11.86803"/>
            <trkpt lat="47.7296" lon="11.868"/>
            <trkpt lat="47.72954" lon="11.868"/>
            <trkpt lat="47.72947" lon="11.86802"/>
            <trkpt lat="47.72933" lon="11.86807"/>
            <trkpt lat="47.72921" lon="11.86814"/>
            <trkpt lat="47.72909" lon="11.86821"/>
            <trkpt lat="47.72883" lon="11.86836"/>
            <trkpt lat="47.7286" lon="11.86847"/>
            <trkpt lat="47.7285" lon="11.86852"/>
            <trkpt lat="47.72835" lon="11.86858"/>
            <trkpt lat="47.72797" lon="11.86866"/>
            <trkpt lat="47.72772" lon="11.86872"/>
            <trkpt lat="47.72745" lon="11.86881"/>
            <trkpt lat="47.72725" lon="11.86891"/>
            <trkpt lat="47.72663" lon="11.86925"/>
            <trkpt lat="47.72643" lon="11.86935"/>
            <trkpt lat="47.72595" lon="11.86951"/>
            <trkpt lat="47.72577" lon="11.86957"/>
            <trkpt lat="47.72564" lon="11.86961"/>
            <trkpt lat="47.72549" lon="11.86965"/>
            <trkpt lat="47.72526" lon="11.86964"/>
            <trkpt lat="47.72513" lon="11.86964"/>
            <trkpt lat="47.72505" lon="11.86961"/>
            <trkpt lat="47.72479" lon="11.86954"/>
            <trkpt lat="47.72461" lon="11.86948"/>
            <trkpt lat="47.72448" lon="11.86943"/>
            <trkpt lat="47.72444" lon="11.86943"/>
            <trkpt lat="47.72434" lon="11.86942"/>
            <trkpt lat="47.72427" lon="11.86942"/>
            <trkpt lat="47.72412" lon="11.86945"/>
            <trkpt lat="47.72398" lon="11.86949"/>
            <trkpt lat="47.72345" lon="11.86969"/>
            <trkpt lat="47.72338" lon="11.86972"/>
            <trkpt lat="47.72327" lon="11.86973"/>
            <trkpt lat="47.72306" lon="11.86971"/>
            <trkpt lat="47.72299" lon="11.86969"/>
            <trkpt lat="47.72277" lon="11.86959"/>
            <trkpt lat="47.72249" lon="11.8694"/>
            <trkpt lat="47.72227" lon="11.86921"/>
            <trkpt lat="47.72203" lon="11.86905"/>
            <trkpt lat="47.7219" lon="11.86902"/>
            <trkpt lat="47.72157" lon="11.86904"/>
            <trkpt lat="47.72125" lon="11.8691"/>
            <trkpt lat="47.721" lon="11.8691"/>
            <trkpt lat="47.72079" lon="11.86906"/>
            <trkpt lat="47.72071" lon="11.86905"/>
            <trkpt lat="47.72059" lon="11.86904"/>
            <trkpt lat="47.72053" lon="11.86905"/>
            <trkpt lat="47.72039" lon="11.86909"/>
            <trkpt lat="47.72029" lon="11.86913"/>
            <trkpt lat="47.72019" lon="11.86918"/>
            <trkpt lat="47.72001" lon="11.86928"/>
            <trkpt lat="47.71981" lon="11.86945"/>
            <trkpt lat="47.71958" lon="11.86965"/>
            <trkpt lat="47.71951" lon="11.8697"/>
            <trkpt lat="47.71949" lon="11.86972"/>
            <trkpt lat="47.71937" lon="11.86979"/>
            <trkpt lat="47.71921" lon="11.86986"/>
            <trkpt lat="47.71915" lon="11.86989"/>
            <trkpt lat="47.71894" lon="11.86994"/>
            <trkpt lat="47.71886" lon="11.86995"/>
            <trkpt lat="47.71871" lon="11.86996"/>
            <trkpt lat="47.71844" lon="11.86993"/>
            <trkpt lat="47.71806" lon="11.86985"/>
            <trkpt lat="47.71697" lon="11.86946"/>
            <trkpt lat="47.71668" lon="11.86938"/>
            <trkpt lat="47.71652" lon="11.86935"/>
            <trkpt lat="47.71636" lon="11.86934"/>
            <trkpt lat="47.71613" lon="11.86934"/>
            <trkpt lat="47.71583" lon="11.86942"/>
            <trkpt lat="47.71565" lon="11.86949"/>
            <trkpt lat="47.71551" lon="11.86958"/>
            <trkpt lat="47.71532" lon="11.86976"/>
            <trkpt lat="47.71526" lon="11.86983"/>
            <trkpt lat="47.71518" lon="11.86993"/>
            <trkpt lat="47.7149" lon="11.87039"/>
            <trkpt lat="47.71477" lon="11.87058"/>
            <trkpt lat="47.71462" lon="11.87071"/>
            <trkpt lat="47.71452" lon="11.87078"/>
            <trkpt lat="47.71437" lon="11.87083"/>
            <trkpt lat="47.7143" lon="11.87084"/>
            <trkpt lat="47.71421" lon="11.87085"/>
            <trkpt lat="47.71409" lon="11.87082"/>
            <trkpt lat="47.7139" lon="11.87073"/>
            <trkpt lat="47.71383" lon="11.87068"/>
            <trkpt lat="47.71367" lon="11.87054"/>
            <trkpt lat="47.71325" lon="11.87015"/>
            <trkpt lat="47.71299" lon="11.86992"/>
            <trkpt lat="47.7128" lon="11.86978"/>
            <trkpt lat="47.71264" lon="11.86969"/>
            <trkpt lat="47.71256" lon="11.86965"/>
            <trkpt lat="47.71229" lon="11.86958"/>
            <trkpt lat="47.71216" lon="11.86959"/>
            <trkpt lat="47.7121" lon="11.8696"/>
            <trkpt lat="47.71198" lon="11.86964"/>
            <trkpt lat="47.71177" lon="11.86974"/>
            <trkpt lat="47.71171" lon="11.86979"/>
            <trkpt lat="47.71162" lon="11.86985"/>
            <trkpt lat="47.71137" lon="11.87013"/>
            <trkpt lat="47.71132" lon="11.87021"/>
            <trkpt lat="47.71102" lon="11.87063"/>
            <trkpt lat="47.71094" lon="11.87074"/>
            <trkpt lat="47.71069" lon="11.87113"/>
            <trkpt lat="47.71024" lon="11.87179"/>
            <trkpt lat="47.70991" lon="11.87221"/>
            <trkpt lat="47.70977" lon="11.87236"/>
            <trkpt lat="47.70966" lon="11.87244"/>
            <trkpt lat="47.70954" lon="11.87253"/>
            <trkpt lat="47.70934" lon="11.87271"/>
            <trkpt lat="47.70912" lon="11.87298"/>
            <trkpt lat="47.70857" lon="11.87371"/>
            <trkpt lat="47.70851" lon="11.87375"/>
            <trkpt lat="47.70848" lon="11.87378"/>
            <trkpt lat="47.70836" lon="11.87383"/>
            <trkpt lat="47.70825" lon="11.87385"/>
            <trkpt lat="47.70785" lon="11.87385"/>
            <trkpt lat="47.70754" lon="11.87387"/>
            <trkpt lat="47.70749" lon="11.87388"/>
            <trkpt lat="47.7074" lon="11.87391"/>
            <trkpt lat="47.70733" lon="11.87395"/>
            <trkpt lat="47.70708" lon="11.87413"/>
            <trkpt lat="47.70671" lon="11.87446"/>
            <trkpt lat="47.70664" lon="11.87454"/>
            <trkpt lat="47.70655" lon="11.87465"/>
            <trkpt lat="47.7065" lon="11.87472"/>
            <trkpt lat="47.7064" lon="11.87486"/>
            <trkpt lat="47.70633" lon="11.87498"/>
            <trkpt lat="47.70629" lon="11.87505"/>
            <trkpt lat="47.70624" lon="11.87513"/>
            <trkpt lat="47.70606" lon="11.8754"/>
            <trkpt lat="47.70588" lon="11.87555"/>
            <trkpt lat="47.70566" lon="11.87574"/>
            <trkpt lat="47.70566" lon="11.87554"/>
            <trkpt lat="47.70569" lon="11.8753"/>
            <trkpt lat="47.70558" lon="11.87526"/>
            <trkpt lat="47.70548" lon="11.8752"/>
            <trkpt lat="47.70537" lon="11.87505"/>
            <trkpt lat="47.70527" lon="11.87501"/>
            <trkpt lat="47.70505" lon="11.87496"/>
            <trkpt lat="47.7049" lon="11.87491"/>
            <trkpt lat="47.70468" lon="11.87484"/>
            <trkpt lat="47.70446" lon="11.87477"/>
            <trkpt lat="47.70403" lon="11.87479"/>
            <trkpt lat="47.70311" lon="11.87497"/>
            <trkpt lat="47.70329" lon="11.87546"/>
            <trkpt lat="47.70339" lon="11.87582"/>
            <trkpt lat="47.70341" lon="11.87599"/>
            <trkpt lat="47.70343" lon="11.87625"/>
            <trkpt lat="47.70342" lon="11.87697"/>
            <trkpt lat="47.70344" lon="11.87756"/>
            <trkpt lat="47.70351" lon="11.87795"/>
            <trkpt lat="47.70352" lon="11.87808"/>
            <trkpt lat="47.70353" lon="11.87828"/>
            <trkpt lat="47.70353" lon="11.87844"/>
            <trkpt lat="47.70356" lon="11.87841"/>
            <trkpt lat="47.70359" lon="11.87841"/>
            <trkpt lat="47.70362" lon="11.87841"/>
            <trkpt lat="47.70365" lon="11.87842"/>
            <trkpt lat="47.70373" lon="11.8785"/>
            <trkpt lat="47.7037" lon="11.87859"/>
            <trkpt lat="47.70364" lon="11.87877"/>
            <trkpt lat="47.70357" lon="11.87903"/>
            <trkpt lat="47.70348" lon="11.87941"/>
            <trkpt lat="47.70334" lon="11.88017"/>
            <trkpt lat="47.70322" lon="11.88077"/>
            <trkpt lat="47.7032" lon="11.88088"/>
            <trkpt lat="47.70303" lon="11.88176"/>
            <trkpt lat="47.70298" lon="11.88201"/>
            <trkpt lat="47.70287" lon="11.88255"/>
            <trkpt lat="47.7027" lon="11.88344"/>
            <trkpt lat="47.70266" lon="11.8836"/>
            <trkpt lat="47.70264" lon="11.88374"/>
            <trkpt lat="47.70236" lon="11.88514"/>
            <trkpt lat="47.70212" lon="11.88605"/>
            <trkpt lat="47.70185" lon="11.88704"/>
            <trkpt lat="47.70181" lon="11.88721"/>
            <trkpt lat="47.70178" lon="11.88738"/>
            <trkpt lat="47.70171" lon="11.88781"/>
            <trkpt lat="47.70167" lon="11.88821"/>
            <trkpt lat="47.70166" lon="11.88867"/>
            <trkpt lat="47.70166" lon="11.88887"/>
            <trkpt lat="47.70166" lon="11.88906"/>
            <trkpt lat="47.70171" lon="11.88962"/>
            <trkpt lat="47.70178" lon="11.89009"/>
            <trkpt lat="47.70179" lon="11.89018"/>
            <trkpt lat="47.70186" lon="11.89051"/>
            <trkpt lat="47.70232" lon="11.89219"/>
            <trkpt lat="47.70252" lon="11.89289"/>
            <trkpt lat="47.70258" lon="11.89308"/>
            <trkpt lat="47.70264" lon="11.8933"/>
            <trkpt lat="47.70288" lon="11.89418"/>
            <trkpt lat="47.70311" lon="11.89501"/>
            <trkpt lat="47.70331" lon="11.89582"/>
            <trkpt lat="47.70339" lon="11.89617"/>
            <trkpt lat="47.70342" lon="11.89632"/>
            <trkpt lat="47.70346" lon="11.89658"/>
            <trkpt lat="47.70347" lon="11.89661"/>
            <trkpt lat="47.70357" lon="11.89723"/>
            <trkpt lat="47.70366" lon="11.8978"/>
            <trkpt lat="47.70371" lon="11.89809"/>
            <trkpt lat="47.70379" lon="11.89863"/>
            <trkpt lat="47.70463" lon="11.90389"/>
            <trkpt lat="47.70472" lon="11.90454"/>
            <trkpt lat="47.70476" lon="11.905"/>
            <trkpt lat="47.70477" lon="11.90543"/>
            <trkpt lat="47.70477" lon="11.90587"/>
            <trkpt lat="47.70474" lon="11.90675"/>
            <trkpt lat="47.70472" lon="11.90721"/>
            <trkpt lat="47.70473" lon="11.90782"/>
            <trkpt lat="47.70477" lon="11.90846"/>
            <trkpt lat="47.70486" lon="11.90911"/>
            <trkpt lat="47.70487" lon="11.90918"/>
            <trkpt lat="47.70496" lon="11.90962"/>
            <trkpt lat="47.70535" lon="11.91117"/>
            <trkpt lat="47.70555" lon="11.91201"/>
            <trkpt lat="47.7057" lon="11.91281"/>
            <trkpt lat="47.70577" lon="11.9135"/>
            <trkpt lat="47.70582" lon="11.91428"/>
            <trkpt lat="47.70582" lon="11.91508"/>
            <trkpt lat="47.7058" lon="11.91548"/>
            <trkpt lat="47.7058" lon="11.91548"/>
            <trkpt lat="47.70577" lon="11.91595"/>
            <trkpt lat="47.70569" lon="11.91674"/>
            <trkpt lat="47.70557" lon="11.91744"/>
            <trkpt lat="47.70545" lon="11.91797"/>
            <trkpt lat="47.70527" lon="11.91864"/>
            <trkpt lat="47.70516" lon="11.919"/>
            <trkpt lat="47.70496" lon="11.91954"/>
            <trkpt lat="47.7047" lon="11.92015"/>
            <trkpt lat="47.70468" lon="11.9202"/>
            <trkpt lat="47.70456" lon="11.92044"/>
            <trkpt lat="47.70431" lon="11.92092"/>
            <trkpt lat="47.7039" lon="11.92172"/>
            <trkpt lat="47.7038" lon="11.92193"/>
            <trkpt lat="47.70375" lon="11.92206"/>
            <trkpt lat="47.70359" lon="11.9225"/>
            <trkpt lat="47.7035" lon="11.9228"/>
            <trkpt lat="47.70343" lon="11.92308"/>
            <trkpt lat="47.7034" lon="11.92324"/>
            <trkpt lat="47.70336" lon="11.92343"/>
            <trkpt lat="47.7033" lon="11.92379"/>
            <trkpt lat="47.70321" lon="11.92443"/>
            <trkpt lat="47.70319" lon="11.92456"/>
            <trkpt lat="47.70316" lon="11.92474"/>
            <trkpt lat="47.70313" lon="11.92487"/>
            <trkpt lat="47.70307" lon="11.92521"/>
            <trkpt lat="47.703" lon="11.92557"/>
            <trkpt lat="47.70295" lon="11.9258"/>
            <trkpt lat="47.70289" lon="11.92615"/>
            <trkpt lat="47.70285" lon="11.92632"/>
            <trkpt lat="47.70268" lon="11.92699"/>
            <trkpt lat="47.70264" lon="11.92717"/>
            <trkpt lat="47.70257" lon="11.92741"/>
            <trkpt lat="47.70237" lon="11.92804"/>
            <trkpt lat="47.70228" lon="11.92827"/>
            <trkpt lat="47.70151" lon="11.93057"/>
            <trkpt lat="47.70139" lon="11.93096"/>
            <trkpt lat="47.70134" lon="11.93115"/>
            <trkpt lat="47.7013" lon="11.93127"/>
            <trkpt lat="47.70117" lon="11.93181"/>
            <trkpt lat="47.70107" lon="11.93232"/>
            <trkpt lat="47.70084" lon="11.93373"/>
            <trkpt lat="47.7008" lon="11.93396"/>
            <trkpt lat="47.70073" lon="11.9344"/>
            <trkpt lat="47.70045" lon="11.93615"/>
            <trkpt lat="47.7004" lon="11.93647"/>
            <trkpt lat="47.70015" lon="11.93817"/>
            <trkpt lat="47.70006" lon="11.9387"/>
            <trkpt lat="47.69989" lon="11.93971"/>
            <trkpt lat="47.6998" lon="11.94011"/>
            <trkpt lat="47.69966" lon="11.94072"/>
            <trkpt lat="47.69963" lon="11.94083"/>
            <trkpt lat="47.69946" lon="11.94149"/>
            <trkpt lat="47.69914" lon="11.94254"/>
            <trkpt lat="47.69876" lon="11.94355"/>
            <trkpt lat="47.69872" lon="11.94364"/>
            <trkpt lat="47.69832" lon="11.94454"/>
            <trkpt lat="47.69816" lon="11.94487"/>
            <trkpt lat="47.69729" lon="11.94653"/>
            <trkpt lat="47.69687" lon="11.94733"/>
            <trkpt lat="47.69607" lon="11.94888"/>
            <trkpt lat="47.69581" lon="11.94943"/>
            <trkpt lat="47.69549" lon="11.95019"/>
            <trkpt lat="47.69523" lon="11.95088"/>
            <trkpt lat="47.69514" lon="11.95113"/>
            <trkpt lat="47.69444" lon="11.95313"/>
            <trkpt lat="47.6944" lon="11.95322"/>
            <trkpt lat="47.69361" lon="11.95544"/>
            <trkpt lat="47.6935" lon="11.95574"/>
            <trkpt lat="47.69313" lon="11.95681"/>
            <trkpt lat="47.69275" lon="11.95786"/>
            <trkpt lat="47.6925" lon="11.95856"/>
            <trkpt lat="47.69205" lon="11.95983"/>
            <trkpt lat="47.69182" lon="11.96053"/>
            <trkpt lat="47.69157" lon="11.96138"/>
            <trkpt lat="47.69145" lon="11.96186"/>
            <trkpt lat="47.69138" lon="11.96222"/>
            <trkpt lat="47.6913" lon="11.96266"/>
            <trkpt lat="47.6913" lon="11.96268"/>
            <trkpt lat="47.69129" lon="11.9627"/>
            <trkpt lat="47.69123" lon="11.96314"/>
            <trkpt lat="47.69112" lon="11.96412"/>
            <trkpt lat="47.69109" lon="11.96459"/>
            <trkpt lat="47.69108" lon="11.96507"/>
            <trkpt lat="47.69108" lon="11.96557"/>
            <trkpt lat="47.69107" lon="11.96605"/>
            <trkpt lat="47.69107" lon="11.96634"/>
            <trkpt lat="47.69105" lon="11.96772"/>
            <trkpt lat="47.69106" lon="11.96779"/>
            <trkpt lat="47.69105" lon="11.96811"/>
            <trkpt lat="47.69104" lon="11.96868"/>
            <trkpt lat="47.69101" lon="11.96894"/>
            <trkpt lat="47.691" lon="11.96905"/>
            <trkpt lat="47.69089" lon="11.9696"/>
            <trkpt lat="47.69074" lon="11.97019"/>
            <trkpt lat="47.68997" lon="11.97277"/>
            <trkpt lat="47.68957" lon="11.9741"/>
            <trkpt lat="47.68924" lon="11.9751"/>
            <trkpt lat="47.6892" lon="11.97522"/>
            <trkpt lat="47.689" lon="11.97578"/>
            <trkpt lat="47.68883" lon="11.97629"/>
            <trkpt lat="47.68834" lon="11.97764"/>
            <trkpt lat="47.68818" lon="11.97809"/>
            <trkpt lat="47.68769" lon="11.97959"/>
            <trkpt lat="47.68739" lon="11.98039"/>
            <trkpt lat="47.68718" lon="11.98088"/>
            <trkpt lat="47.68713" lon="11.98099"/>
            <trkpt lat="47.68682" lon="11.98175"/>
            <trkpt lat="47.68665" lon="11.98217"/>
            <trkpt lat="47.68615" lon="11.98341"/>
            <trkpt lat="47.6858" lon="11.98432"/>
            <trkpt lat="47.68569" lon="11.98459"/>
            <trkpt lat="47.68563" lon="11.98474"/>
            <trkpt lat="47.68492" lon="11.98651"/>
            <trkpt lat="47.68474" lon="11.98696"/>
            <trkpt lat="47.6845" lon="11.98764"/>
            <trkpt lat="47.68443" lon="11.98787"/>
            <trkpt lat="47.6843" lon="11.98834"/>
            <trkpt lat="47.68416" lon="11.9889"/>
            <trkpt lat="47.68412" lon="11.98905"/>
            <trkpt lat="47.68407" lon="11.98927"/>
            <trkpt lat="47.68404" lon="11.98944"/>
            <trkpt lat="47.68394" lon="11.98991"/>
            <trkpt lat="47.68383" lon="11.99046"/>
            <trkpt lat="47.68371" lon="11.99103"/>
            <trkpt lat="47.6835" lon="11.9918"/>
            <trkpt lat="47.6831" lon="11.99303"/>
            <trkpt lat="47.68282" lon="11.99386"/>
            <trkpt lat="47.68212" lon="11.99588"/>
            <trkpt lat="47.6817" lon="11.997"/>
            <trkpt lat="47.68168" lon="11.99707"/>
            <trkpt lat="47.68142" lon="11.99771"/>
            <trkpt lat="47.68126" lon="11.99806"/>
            <trkpt lat="47.68091" lon="11.99887"/>
            <trkpt lat="47.68066" lon="11.99941"/>
            <trkpt lat="47.68056" lon="11.99962"/>
            <trkpt lat="47.68003" lon="12.00068"/>
            <trkpt lat="47.67977" lon="12.00117"/>
            <trkpt lat="47.67943" lon="12.00176"/>
            <trkpt lat="47.67908" lon="12.00236"/>
            <trkpt lat="47.67896" lon="12.00255"/>
            <trkpt lat="47.67862" lon="12.00307"/>
            <trkpt lat="47.67831" lon="12.0035"/>
            <trkpt lat="47.6779" lon="12.00402"/>
            <trkpt lat="47.67761" lon="12.00437"/>
            <trkpt lat="47.6775" lon="12.00449"/>
            <trkpt lat="47.67727" lon="12.00475"/>
            <trkpt lat="47.67699" lon="12.00505"/>
            <trkpt lat="47.67507" lon="12.00706"/>
            <trkpt lat="47.67325" lon="12.00898"/>
            <trkpt lat="47.67309" lon="12.00916"/>
            <trkpt lat="47.67285" lon="12.00947"/>
            <trkpt lat="47.67258" lon="12.00989"/>
            <trkpt lat="47.67236" lon="12.01031"/>
            <trkpt lat="47.67224" lon="12.01057"/>
            <trkpt lat="47.67217" lon="12.01073"/>
            <trkpt lat="47.67208" lon="12.01095"/>
            <trkpt lat="47.67188" lon="12.01155"/>
            <trkpt lat="47.67175" lon="12.01217"/>
            <trkpt lat="47.67167" lon="12.01263"/>
            <trkpt lat="47.67156" lon="12.01371"/>
            <trkpt lat="47.67154" lon="12.01386"/>
            <trkpt lat="47.67153" lon="12.01402"/>
            <trkpt lat="47.67149" lon="12.01437"/>
            <trkpt lat="47.67146" lon="12.01469"/>
            <trkpt lat="47.67145" lon="12.01493"/>
            <trkpt lat="47.67142" lon="12.01521"/>
            <trkpt lat="47.6715" lon="12.01522"/>
            <trkpt lat="47.67172" lon="12.01526"/>
            <trkpt lat="47.67225" lon="12.01529"/>
            <trkpt lat="47.67242" lon="12.01527"/>
            <trkpt lat="47.6725" lon="12.01525"/>
            <trkpt lat="47.67283" lon="12.01524"/>
            <trkpt lat="47.67317" lon="12.01527"/>
            <trkpt lat="47.67325" lon="12.01524"/>
            <trkpt lat="47.67333" lon="12.01522"/>
            <trkpt lat="47.67365" lon="12.015"/>
            <trkpt lat="47.67366" lon="12.01521"/>
            <trkpt lat="47.67364" lon="12.01552"/>
            <trkpt lat="47.67362" lon="12.01567"/>
            <trkpt lat="47.67364" lon="12.01573"/>
            <trkpt lat="47.67366" lon="12.01578"/>
            <trkpt lat="47.67367" lon="12.01581"/>
            <trkpt lat="47.67368" lon="12.01583"/>
            <trkpt lat="47.6737" lon="12.01585"/>
            <trkpt lat="47.67384" lon="12.01593"/>
            <trkpt lat="47.67393" lon="12.01591"/>
            <trkpt lat="47.67401" lon="12.0159"/>
            <trkpt lat="47.67401" lon="12.0159"/>
            <trkpt lat="47.67405" lon="12.0159"/>
            <trkpt lat="47.67427" lon="12.01597"/>
            <trkpt lat="47.67433" lon="12.01608"/>
            <trkpt lat="47.67448" lon="12.01633"/>
            <trkpt lat="47.67473" lon="12.01671"/>
            <trkpt lat="47.67492" lon="12.01717"/>
            <trkpt lat="47.6751" lon="12.01759"/>
            <trkpt lat="47.67521" lon="12.01789"/>
            <trkpt lat="47.67535" lon="12.01824"/>
            <trkpt lat="47.67544" lon="12.01849"/>
            <trkpt lat="47.67554" lon="12.01891"/>
            <trkpt lat="47.67557" lon="12.01904"/>
            <trkpt lat="47.6756" lon="12.01921"/>
            <trkpt lat="47.67568" lon="12.01973"/>
            <trkpt lat="47.67572" lon="12.02001"/>
            <trkpt lat="47.67575" lon="12.02018"/>
            <trkpt lat="47.67577" lon="12.02054"/>
            <trkpt lat="47.67577" lon="12.02069"/>
            <trkpt lat="47.67569" lon="12.02118"/>
            <trkpt lat="47.67596" lon="12.02106"/>
            <trkpt lat="47.67603" lon="12.02101"/>
            <trkpt lat="47.67612" lon="12.02096"/>
            <trkpt lat="47.67654" lon="12.0207"/>
            <trkpt lat="47.67664" lon="12.02064"/>
            <trkpt lat="47.67701" lon="12.02041"/>
            <trkpt lat="47.67725" lon="12.02019"/>
            <trkpt lat="47.67738" lon="12.02006"/>
            <trkpt lat="47.67817" lon="12.01921"/>
            <trkpt lat="47.67826" lon="12.01909"/>
            <trkpt lat="47.67829" lon="12.01904"/>
            <trkpt lat="47.67845" lon="12.01876"/>
            <trkpt lat="47.67853" lon="12.01852"/>
            <trkpt lat="47.67856" lon="12.01842"/>
            <trkpt lat="47.67864" lon="12.01798"/>
            <trkpt lat="47.6788" lon="12.01726"/>
            <trkpt lat="47.67882" lon="12.0172"/>
            <trkpt lat="47.67883" lon="12.01715"/>
            <trkpt lat="47.67889" lon="12.01686"/>
            <trkpt lat="47.6789" lon="12.01676"/>
            <trkpt lat="47.6789" lon="12.01669"/>
            <trkpt lat="47.67889" lon="12.01657"/>
            <trkpt lat="47.67888" lon="12.01651"/>
            <trkpt lat="47.67885" lon="12.01643"/>
            <trkpt lat="47.67872" lon="12.01614"/>
            <trkpt lat="47.67869" lon="12.01608"/>
            <trkpt lat="47.67866" lon="12.016"/>
            <trkpt lat="47.67863" lon="12.01592"/>
            <trkpt lat="47.67859" lon="12.01577"/>
            <trkpt lat="47.67857" lon="12.01562"/>
            <trkpt lat="47.67857" lon="12.01541"/>
            <trkpt lat="47.6786" lon="12.01516"/>
            <trkpt lat="47.67867" lon="12.01492"/>
            <trkpt lat="47.67874" lon="12.01479"/>
            <trkpt lat="47.67877" lon="12.01474"/>
            <trkpt lat="47.67885" lon="12.01464"/>
            <trkpt lat="47.67921" lon="12.01428"/>
            <trkpt lat="47.67951" lon="12.01404"/>
            <trkpt lat="47.67979" lon="12.01387"/>
            <trkpt lat="47.67992" lon="12.0138"/>
            <trkpt lat="47.67995" lon="12.01375"/>
            <trkpt lat="47.68024" lon="12.01363"/>
            <trkpt lat="47.68047" lon="12.01356"/>
            <trkpt lat="47.68066" lon="12.01353"/>
            <trkpt lat="47.68091" lon="12.01349"/>
            <trkpt lat="47.6812" lon="12.01351"/>
            <trkpt lat="47.68136" lon="12.01355"/>
            <trkpt lat="47.68207" lon="12.01384"/>
            <trkpt lat="47.68209" lon="12.01389"/>
            <trkpt lat="47.68243" lon="12.01403"/>
            <trkpt lat="47.68247" lon="12.01406"/>
            <trkpt lat="47.6825" lon="12.01409"/>
            <trkpt lat="47.68251" lon="12.01413"/>
            <trkpt lat="47.68252" lon="12.01417"/>
            <trkpt lat="47.68252" lon="12.01423"/>
            <trkpt lat="47.68251" lon="12.01428"/>
            <trkpt lat="47.6825" lon="12.01432"/>
            <trkpt lat="47.68246" lon="12.01435"/>
            <trkpt lat="47.68243" lon="12.01437"/>
            <trkpt lat="47.68238" lon="12.01436"/>
            <trkpt lat="47.68235" lon="12.01435"/>
            <trkpt lat="47.68175" lon="12.014"/>
            <trkpt lat="47.68165" lon="12.01397"/>
            <trkpt lat="47.68161" lon="12.01396"/>
            <trkpt lat="47.68148" lon="12.01395"/>
            <trkpt lat="47.68134" lon="12.01397"/>
            <trkpt lat="47.68066" lon="12.01423"/>
            <trkpt lat="47.68017" lon="12.01442"/>
            <trkpt lat="47.6801" lon="12.01445"/>
            <trkpt lat="47.68006" lon="12.01448"/>
            <trkpt lat="47.68002" lon="12.01453"/>
            <trkpt lat="47.67999" lon="12.01457"/>
            <trkpt lat="47.67997" lon="12.01462"/>
            <trkpt lat="47.67995" lon="12.01468"/>
            <trkpt lat="47.67993" lon="12.01474"/>
            <trkpt lat="47.67993" lon="12.0148"/>
            <trkpt lat="47.67993" lon="12.01487"/>
            <trkpt lat="47.67996" lon="12.01499"/>
            <trkpt lat="47.67998" lon="12.01506"/>
            <trkpt lat="47.68005" lon="12.01516"/>
            <trkpt lat="47.6801" lon="12.0152"/>
            <trkpt lat="47.68018" lon="12.01522"/>
            <trkpt lat="47.68029" lon="12.01521"/>
            <trkpt lat="47.68032" lon="12.01519"/>
            <trkpt lat="47.68042" lon="12.01511"/>
            <trkpt lat="47.68066" lon="12.01483"/>
            <trkpt lat="47.68066" lon="12.01483"/>
            <trkpt lat="47.6808" lon="12.0147"/>
            <trkpt lat="47.68086" lon="12.01466"/>
            <trkpt lat="47.68091" lon="12.01464"/>
            <trkpt lat="47.68102" lon="12.01463"/>
            <trkpt lat="47.68113" lon="12.01466"/>
            <trkpt lat="47.68118" lon="12.01469"/>
            <trkpt lat="47.68124" lon="12.01473"/>
            <trkpt lat="47.68129" lon="12.01479"/>
            <trkpt lat="47.68137" lon="12.01494"/>
            <trkpt lat="47.68169" lon="12.01562"/>
            <trkpt lat="47.68177" lon="12.01576"/>
            <trkpt lat="47.68195" lon="12.01595"/>
            <trkpt lat="47.68242" lon="12.01633"/>
            <trkpt lat="47.68251" lon="12.01643"/>
            <trkpt lat="47.68255" lon="12.01649"/>
            <trkpt lat="47.6826" lon="12.01656"/>
            <trkpt lat="47.68262" lon="12.01662"/>
            <trkpt lat="47.68267" lon="12.01676"/>
            <trkpt lat="47.68269" lon="12.01684"/>
            <trkpt lat="47.68272" lon="12.01699"/>
            <trkpt lat="47.68272" lon="12.01717"/>
            <trkpt lat="47.68271" lon="12.01733"/>
            <trkpt lat="47.68269" lon="12.0174"/>
            <trkpt lat="47.68263" lon="12.01759"/>
            <trkpt lat="47.68255" lon="12.01773"/>
            <trkpt lat="47.68251" lon="12.0178"/>
            <trkpt lat="47.68249" lon="12.01787"/>
            <trkpt lat="47.68227" lon="12.01818"/>
            <trkpt lat="47.68224" lon="12.01825"/>
            <trkpt lat="47.68211" lon="12.0185"/>
            <trkpt lat="47.68208" lon="12.01862"/>
            <trkpt lat="47.682" lon="12.01904"/>
            <trkpt lat="47.68196" lon="12.01924"/>
            <trkpt lat="47.68163" lon="12.02123"/>
            <trkpt lat="47.6816" lon="12.02151"/>
            <trkpt lat="47.68158" lon="12.02185"/>
            <trkpt lat="47.68161" lon="12.02212"/>
            <trkpt lat="47.68164" lon="12.02236"/>
            <trkpt lat="47.68175" lon="12.0228"/>
            <trkpt lat="47.68177" lon="12.02305"/>
            <trkpt lat="47.68176" lon="12.02317"/>
            <trkpt lat="47.68172" lon="12.02347"/>
            <trkpt lat="47.68167" lon="12.02369"/>
            <trkpt lat="47.68162" lon="12.02382"/>
            <trkpt lat="47.68136" lon="12.02429"/>
            <trkpt lat="47.68116" lon="12.02456"/>
            <trkpt lat="47.68086" lon="12.02491"/>
            <trkpt lat="47.68073" lon="12.02508"/>
            <trkpt lat="47.68067" lon="12.02518"/>
            <trkpt lat="47.68066" lon="12.02521"/>
            <trkpt lat="47.68059" lon="12.02543"/>
            <trkpt lat="47.68056" lon="12.02565"/>
            <trkpt lat="47.68054" lon="12.02611"/>
            <trkpt lat="47.68053" lon="12.0262"/>
            <trkpt lat="47.68051" lon="12.02628"/>
            <trkpt lat="47.68043" lon="12.02648"/>
            <trkpt lat="47.68034" lon="12.0267"/>
            <trkpt lat="47.6803" lon="12.02686"/>
            <trkpt lat="47.68028" lon="12.02695"/>
            <trkpt lat="47.68027" lon="12.0272"/>
            <trkpt lat="47.68027" lon="12.02758"/>
            <trkpt lat="47.68026" lon="12.0277"/>
            <trkpt lat="47.68007" lon="12.02859"/>
            <trkpt lat="47.68001" lon="12.02915"/>
            <trkpt lat="47.67999" lon="12.02923"/>
            <trkpt lat="47.67992" lon="12.0294"/>
            <trkpt lat="47.67967" lon="12.02986"/>
            <trkpt lat="47.67951" lon="12.03024"/>
            <trkpt lat="47.67895" lon="12.03179"/>
            <trkpt lat="47.67879" lon="12.03228"/>
            <trkpt lat="47.6787" lon="12.03263"/>
            <trkpt lat="47.67866" lon="12.03278"/>
            <trkpt lat="47.67861" lon="12.03303"/>
            <trkpt lat="47.67856" lon="12.03347"/>
            <trkpt lat="47.67853" lon="12.03403"/>
            <trkpt lat="47.67854" lon="12.03471"/>
            <trkpt lat="47.67858" lon="12.03522"/>
            <trkpt lat="47.67861" lon="12.03533"/>
            <trkpt lat="47.67864" lon="12.03539"/>
            <trkpt lat="47.67867" lon="12.03546"/>
            <trkpt lat="47.67871" lon="12.03551"/>
            <trkpt lat="47.67873" lon="12.03553"/>
            <trkpt lat="47.67877" lon="12.03555"/>
            <trkpt lat="47.67881" lon="12.03557"/>
            <trkpt lat="47.67884" lon="12.03557"/>
            <trkpt lat="47.6789" lon="12.03556"/>
            <trkpt lat="47.67894" lon="12.03554"/>
            <trkpt lat="47.67897" lon="12.03551"/>
            <trkpt lat="47.679" lon="12.03548"/>
            <trkpt lat="47.67906" lon="12.03537"/>
            <trkpt lat="47.67915" lon="12.03519"/>
            <trkpt lat="47.67936" lon="12.03472"/>
            <trkpt lat="47.67947" lon="12.03452"/>
            <trkpt lat="47.67956" lon="12.03441"/>
            <trkpt lat="47.67961" lon="12.03438"/>
            <trkpt lat="47.67967" lon="12.03435"/>
            <trkpt lat="47.67972" lon="12.03433"/>
            <trkpt lat="47.6798" lon="12.03432"/>
            <trkpt lat="47.68022" lon="12.03426"/>
            <trkpt lat="47.68037" lon="12.03425"/>
            <trkpt lat="47.68044" lon="12.03424"/>
            <trkpt lat="47.68059" lon="12.03418"/>
            <trkpt lat="47.68066" lon="12.03414"/>
            <trkpt lat="47.6808" lon="12.03406"/>
            <trkpt lat="47.68095" lon="12.03403"/>
            <trkpt lat="47.68101" lon="12.03402"/>
            <trkpt lat="47.68108" lon="12.03403"/>
            <trkpt lat="47.68115" lon="12.03406"/>
            <trkpt lat="47.68144" lon="12.03422"/>
            <trkpt lat="47.68187" lon="12.03439"/>
            <trkpt lat="47.68202" lon="12.03442"/>
            <trkpt lat="47.68215" lon="12.0344"/>
            <trkpt lat="47.68224" lon="12.03437"/>
            <trkpt lat="47.68235" lon="12.03433"/>
            <trkpt lat="47.68247" lon="12.03431"/>
            <trkpt lat="47.68258" lon="12.03432"/>
            <trkpt lat="47.68261" lon="12.03434"/>
            <trkpt lat="47.68266" lon="12.03436"/>
            <trkpt lat="47.68273" lon="12.0344"/>
            <trkpt lat="47.68278" lon="12.03444"/>
            <trkpt lat="47.68284" lon="12.03452"/>
            <trkpt lat="47.6829" lon="12.03461"/>
            <trkpt lat="47.68292" lon="12.03466"/>
            <trkpt lat="47.68296" lon="12.03475"/>
            <trkpt lat="47.68299" lon="12.03486"/>
            <trkpt lat="47.68301" lon="12.03498"/>
            <trkpt lat="47.68303" lon="12.03522"/>
            <trkpt lat="47.68303" lon="12.03603"/>
            <trkpt lat="47.68307" lon="12.03632"/>
            <trkpt lat="47.68309" lon="12.03642"/>
            <trkpt lat="47.68313" lon="12.03651"/>
            <trkpt lat="47.68318" lon="12.0366"/>
            <trkpt lat="47.68324" lon="12.03667"/>
            <trkpt lat="47.6833" lon="12.03672"/>
            <trkpt lat="47.68337" lon="12.03675"/>
            <trkpt lat="47.68343" lon="12.03678"/>
            <trkpt lat="47.68385" lon="12.03684"/>
            <trkpt lat="47.68394" lon="12.03686"/>
            <trkpt lat="47.68405" lon="12.03693"/>
            <trkpt lat="47.68408" lon="12.03695"/>
            <trkpt lat="47.68414" lon="12.03699"/>
            <trkpt lat="47.68429" lon="12.03715"/>
            <trkpt lat="47.68432" lon="12.03721"/>
            <trkpt lat="47.68435" lon="12.03727"/>
            <trkpt lat="47.68439" lon="12.03736"/>
            <trkpt lat="47.68442" lon="12.03745"/>
            <trkpt lat="47.68445" lon="12.03766"/>
            <trkpt lat="47.68447" lon="12.03784"/>
            <trkpt lat="47.68446" lon="12.03812"/>
            <trkpt lat="47.68444" lon="12.03824"/>
            <trkpt lat="47.6844" lon="12.03859"/>
            <trkpt lat="47.68439" lon="12.0388"/>
            <trkpt lat="47.6844" lon="12.03899"/>
            <trkpt lat="47.68442" lon="12.03917"/>
            <trkpt lat="47.68449" lon="12.03951"/>
            <trkpt lat="47.68466" lon="12.04007"/>
            <trkpt lat="47.68484" lon="12.04063"/>
            <trkpt lat="47.68492" lon="12.04092"/>
            <trkpt lat="47.68492" lon="12.04095"/>
            <trkpt lat="47.68494" lon="12.04102"/>
            <trkpt lat="47.68499" lon="12.04125"/>
            <trkpt lat="47.68502" lon="12.04146"/>
            <trkpt lat="47.68503" lon="12.04157"/>
            <trkpt lat="47.68504" lon="12.04167"/>
            <trkpt lat="47.68503" lon="12.04176"/>
            <trkpt lat="47.68502" lon="12.04186"/>
            <trkpt lat="47.685" lon="12.04197"/>
            <trkpt lat="47.68494" lon="12.0422"/>
            <trkpt lat="47.68429" lon="12.04361"/>
            <trkpt lat="47.68422" lon="12.04376"/>
            <trkpt lat="47.68416" lon="12.04393"/>
            <trkpt lat="47.68409" lon="12.04414"/>
            <trkpt lat="47.68406" lon="12.04437"/>
            <trkpt lat="47.68405" lon="12.04481"/>
            <trkpt lat="47.68406" lon="12.04532"/>
            <trkpt lat="47.68405" lon="12.04548"/>
            <trkpt lat="47.68401" lon="12.04566"/>
            <trkpt lat="47.68397" lon="12.04578"/>
            <trkpt lat="47.68393" lon="12.04586"/>
            <trkpt lat="47.6839" lon="12.04592"/>
            <trkpt lat="47.68337" lon="12.04664"/>
            <trkpt lat="47.68265" lon="12.0476"/>
            <trkpt lat="47.68254" lon="12.04777"/>
            <trkpt lat="47.68247" lon="12.04788"/>
            <trkpt lat="47.68233" lon="12.04819"/>
            <trkpt lat="47.68195" lon="12.04927"/>
            <trkpt lat="47.68136" lon="12.0515"/>
            <trkpt lat="47.68125" lon="12.05214"/>
            <trkpt lat="47.68113" lon="12.0529"/>
            <trkpt lat="47.68109" lon="12.05327"/>
            <trkpt lat="47.68109" lon="12.05363"/>
            <trkpt lat="47.68115" lon="12.05392"/>
            <trkpt lat="47.6812" lon="12.05408"/>
            <trkpt lat="47.68138" lon="12.05438"/>
            <trkpt lat="47.68147" lon="12.0545"/>
            <trkpt lat="47.68157" lon="12.05459"/>
            <trkpt lat="47.68171" lon="12.05468"/>
            <trkpt lat="47.6822" lon="12.05488"/>
            <trkpt lat="47.68242" lon="12.05494"/>
            <trkpt lat="47.68257" lon="12.05496"/>
            <trkpt lat="47.68274" lon="12.05495"/>
            <trkpt lat="47.68339" lon="12.05482"/>
            <trkpt lat="47.68356" lon="12.0548"/>
            <trkpt lat="47.68387" lon="12.05483"/>
            <trkpt lat="47.68438" lon="12.05491"/>
            <trkpt lat="47.68452" lon="12.05491"/>
            <trkpt lat="47.68462" lon="12.05489"/>
            <trkpt lat="47.68501" lon="12.05476"/>
            <trkpt lat="47.68538" lon="12.05464"/>
            <trkpt lat="47.68569" lon="12.05462"/>
            <trkpt lat="47.68576" lon="12.05463"/>
            <trkpt lat="47.6859" lon="12.05466"/>
            <trkpt lat="47.686" lon="12.05471"/>
            <trkpt lat="47.68618" lon="12.05486"/>
            <trkpt lat="47.68627" lon="12.05496"/>
            <trkpt lat="47.68641" lon="12.05521"/>
            <trkpt lat="47.68643" lon="12.05527"/>
            <trkpt lat="47.68648" lon="12.05539"/>
            <trkpt lat="47.68653" lon="12.05564"/>
            <trkpt lat="47.68655" lon="12.05583"/>
            <trkpt lat="47.68655" lon="12.056"/>
            <trkpt lat="47.68654" lon="12.05617"/>
            <trkpt lat="47.68651" lon="12.05633"/>
            <trkpt lat="47.68647" lon="12.05648"/>
            <trkpt lat="47.68639" lon="12.05668"/>
            <trkpt lat="47.68626" lon="12.05692"/>
            <trkpt lat="47.68618" lon="12.05702"/>
            <trkpt lat="47.686" lon="12.05718"/>
            <trkpt lat="47.68585" lon="12.05726"/>
            <trkpt lat="47.68568" lon="12.0573"/>
            <trkpt lat="47.68497" lon="12.05739"/>
            <trkpt lat="47.68483" lon="12.05743"/>
            <trkpt lat="47.68466" lon="12.0575"/>
            <trkpt lat="47.68445" lon="12.05761"/>
            <trkpt lat="47.68435" lon="12.05766"/>
            <trkpt lat="47.6843" lon="12.05768"/>
            <trkpt lat="47.68347" lon="12.05811"/>
            <trkpt lat="47.68258" lon="12.05859"/>
            <trkpt lat="47.68245" lon="12.05868"/>
            <trkpt lat="47.68218" lon="12.05885"/>
            <trkpt lat="47.68189" lon="12.05906"/>
            <trkpt lat="47.68066" lon="12.06006"/>
            <trkpt lat="47.67999" lon="12.0606"/>
            <trkpt lat="47.6792" lon="12.06124"/>
            <trkpt lat="47.67911" lon="12.06135"/>
            <trkpt lat="47.67898" lon="12.06155"/>
            <trkpt lat="47.67888" lon="12.06181"/>
            <trkpt lat="47.67857" lon="12.0628"/>
            <trkpt lat="47.67851" lon="12.06297"/>
            <trkpt lat="47.6785" lon="12.06299"/>
            <trkpt lat="47.67842" lon="12.06316"/>
            <trkpt lat="47.67828" lon="12.06339"/>
            <trkpt lat="47.67822" lon="12.06347"/>
            <trkpt lat="47.67815" lon="12.06357"/>
            <trkpt lat="47.67781" lon="12.06391"/>
            <trkpt lat="47.67703" lon="12.06467"/>
            <trkpt lat="47.67662" lon="12.06507"/>
            <trkpt lat="47.67644" lon="12.06522"/>
            <trkpt lat="47.67635" lon="12.06528"/>
            <trkpt lat="47.67614" lon="12.06539"/>
            <trkpt lat="47.67592" lon="12.06547"/>
            <trkpt lat="47.67543" lon="12.0656"/>
            <trkpt lat="47.67534" lon="12.06564"/>
            <trkpt lat="47.67526" lon="12.0657"/>
            <trkpt lat="47.67516" lon="12.06582"/>
            <trkpt lat="47.67512" lon="12.0659"/>
            <trkpt lat="47.67509" lon="12.06596"/>
            <trkpt lat="47.67506" lon="12.06603"/>
            <trkpt lat="47.67504" lon="12.06611"/>
            <trkpt lat="47.67499" lon="12.0664"/>
            <trkpt lat="47.67494" lon="12.06687"/>
            <trkpt lat="47.67492" lon="12.06698"/>
            <trkpt lat="47.6749" lon="12.06708"/>
            <trkpt lat="47.67487" lon="12.06719"/>
            <trkpt lat="47.67485" lon="12.06723"/>
            <trkpt lat="47.67482" lon="12.06731"/>
            <trkpt lat="47.67476" lon="12.06746"/>
            <trkpt lat="47.67467" lon="12.0676"/>
            <trkpt lat="47.67438" lon="12.06793"/>
            <trkpt lat="47.67403" lon="12.06833"/>
            <trkpt lat="47.67393" lon="12.06846"/>
            <trkpt lat="47.67374" lon="12.06882"/>
            <trkpt lat="47.67363" lon="12.06908"/>
            <trkpt lat="47.67349" lon="12.06949"/>
            <trkpt lat="47.67332" lon="12.07023"/>
            <trkpt lat="47.67313" lon="12.0711"/>
            <trkpt lat="47.67309" lon="12.07124"/>
            <trkpt lat="47.67305" lon="12.07134"/>
            <trkpt lat="47.67299" lon="12.07142"/>
            <trkpt lat="47.67292" lon="12.07147"/>
            <trkpt lat="47.67285" lon="12.07149"/>
            <trkpt lat="47.6728" lon="12.07147"/>
            <trkpt lat="47.67277" lon="12.07146"/>
            <trkpt lat="47.67274" lon="12.07142"/>
            <trkpt lat="47.67268" lon="12.07134"/>
            <trkpt lat="47.67263" lon="12.07117"/>
            <trkpt lat="47.67253" lon="12.06997"/>
            <trkpt lat="47.67252" lon="12.0699"/>
            <trkpt lat="47.67251" lon="12.06983"/>
            <trkpt lat="47.67249" lon="12.06974"/>
            <trkpt lat="47.67246" lon="12.06967"/>
            <trkpt lat="47.67242" lon="12.06958"/>
            <trkpt lat="47.67235" lon="12.06947"/>
            <trkpt lat="47.67228" lon="12.0694"/>
            <trkpt lat="47.67218" lon="12.06932"/>
            <trkpt lat="47.67207" lon="12.06928"/>
            <trkpt lat="47.67198" lon="12.06928"/>
            <trkpt lat="47.67189" lon="12.06929"/>
            <trkpt lat="47.67182" lon="12.06932"/>
            <trkpt lat="47.67174" lon="12.06938"/>
            <trkpt lat="47.67168" lon="12.06944"/>
            <trkpt lat="47.67157" lon="12.06961"/>
            <trkpt lat="47.6715" lon="12.0698"/>
            <trkpt lat="47.67146" lon="12.07001"/>
            <trkpt lat="47.67145" lon="12.07011"/>
            <trkpt lat="47.67143" lon="12.07026"/>
            <trkpt lat="47.67142" lon="12.0703"/>
            <trkpt lat="47.67142" lon="12.0705"/>
            <trkpt lat="47.67144" lon="12.07092"/>
            <trkpt lat="47.67157" lon="12.07164"/>
            <trkpt lat="47.67165" lon="12.07215"/>
            <trkpt lat="47.67166" lon="12.07292"/>
            <trkpt lat="47.67166" lon="12.07314"/>
            <trkpt lat="47.67167" lon="12.07364"/>
            <trkpt lat="47.67169" lon="12.07393"/>
            <trkpt lat="47.67172" lon="12.07408"/>
            <trkpt lat="47.67177" lon="12.07424"/>
            <trkpt lat="47.67183" lon="12.07443"/>
            <trkpt lat="47.67207" lon="12.07494"/>
            <trkpt lat="47.67217" lon="12.07516"/>
            <trkpt lat="47.67224" lon="12.0754"/>
            <trkpt lat="47.67231" lon="12.07575"/>
            <trkpt lat="47.67236" lon="12.07592"/>
            <trkpt lat="47.6728" lon="12.077"/>
            <trkpt lat="47.67286" lon="12.07723"/>
            <trkpt lat="47.67286" lon="12.07732"/>
            <trkpt lat="47.67283" lon="12.07744"/>
            <trkpt lat="47.67279" lon="12.07754"/>
            <trkpt lat="47.67275" lon="12.07761"/>
            <trkpt lat="47.67269" lon="12.0777"/>
            <trkpt lat="47.67267" lon="12.07772"/>
            <trkpt lat="47.67263" lon="12.07776"/>
            <trkpt lat="47.67254" lon="12.07779"/>
            <trkpt lat="47.67244" lon="12.07778"/>
            <trkpt lat="47.67232" lon="12.07773"/>
            <trkpt lat="47.67224" lon="12.07765"/>
            <trkpt lat="47.67217" lon="12.07753"/>
            <trkpt lat="47.67214" lon="12.07742"/>
            <trkpt lat="47.67212" lon="12.07733"/>
            <trkpt lat="47.67212" lon="12.07718"/>
            <trkpt lat="47.67216" lon="12.07689"/>
            <trkpt lat="47.67217" lon="12.07678"/>
            <trkpt lat="47.67216" lon="12.07656"/>
            <trkpt lat="47.67215" lon="12.07644"/>
            <trkpt lat="47.67212" lon="12.07635"/>
            <trkpt lat="47.67207" lon="12.07625"/>
            <trkpt lat="47.67201" lon="12.07616"/>
            <trkpt lat="47.67171" lon="12.07585"/>
            <trkpt lat="47.67151" lon="12.07562"/>
            <trkpt lat="47.67134" lon="12.07537"/>
            <trkpt lat="47.67047" lon="12.07389"/>
            <trkpt lat="47.67037" lon="12.07379"/>
            <trkpt lat="47.67032" lon="12.07377"/>
            <trkpt lat="47.67025" lon="12.07377"/>
            <trkpt lat="47.67018" lon="12.0738"/>
            <trkpt lat="47.67011" lon="12.07387"/>
            <trkpt lat="47.67007" lon="12.07392"/>
            <trkpt lat="47.67005" lon="12.074"/>
            <trkpt lat="47.67003" lon="12.07408"/>
            <trkpt lat="47.67003" lon="12.07415"/>
            <trkpt lat="47.67006" lon="12.07433"/>
            <trkpt lat="47.6701" lon="12.07444"/>
            <trkpt lat="47.67026" lon="12.07471"/>
            <trkpt lat="47.67083" lon="12.07557"/>
            <trkpt lat="47.67128" lon="12.07626"/>
            <trkpt lat="47.67132" lon="12.07633"/>
            <trkpt lat="47.67135" lon="12.0764"/>
            <trkpt lat="47.67138" lon="12.07655"/>
            <trkpt lat="47.67138" lon="12.07671"/>
            <trkpt lat="47.67135" lon="12.07686"/>
            <trkpt lat="47.67133" lon="12.07692"/>
            <trkpt lat="47.67115" lon="12.07734"/>
            <trkpt lat="47.67109" lon="12.07754"/>
            <trkpt lat="47.67108" lon="12.0776"/>
            <trkpt lat="47.67107" lon="12.07764"/>
            <trkpt lat="47.67106" lon="12.07772"/>
            <trkpt lat="47.67106" lon="12.07784"/>
            <trkpt lat="47.67108" lon="12.07794"/>
            <trkpt lat="47.67109" lon="12.07801"/>
            <trkpt lat="47.67125" lon="12.07852"/>
            <trkpt lat="47.67154" lon="12.07941"/>
            <trkpt lat="47.67156" lon="12.0795"/>
            <trkpt lat="47.67158" lon="12.07977"/>
            <trkpt lat="47.67158" lon="12.08008"/>
            <trkpt lat="47.67162" lon="12.08051"/>
            <trkpt lat="47.67173" lon="12.08117"/>
            <trkpt lat="47.67178" lon="12.08131"/>
            <trkpt lat="47.67181" lon="12.08138"/>
            <trkpt lat="47.67186" lon="12.08147"/>
            <trkpt lat="47.67196" lon="12.08156"/>
            <trkpt lat="47.672" lon="12.08159"/>
            <trkpt lat="47.67232" lon="12.08179"/>
            <trkpt lat="47.67236" lon="12.08182"/>
            <trkpt lat="47.6724" lon="12.08186"/>
            <trkpt lat="47.67244" lon="12.0819"/>
            <trkpt lat="47.67257" lon="12.08208"/>
            <trkpt lat="47.67277" lon="12.08237"/>
            <trkpt lat="47.67303" lon="12.08273"/>
            <trkpt lat="47.67315" lon="12.08285"/>
            <trkpt lat="47.67318" lon="12.08288"/>
            <trkpt lat="47.67329" lon="12.08297"/>
            <trkpt lat="47.67373" lon="12.08316"/>
            <trkpt lat="47.67381" lon="12.08321"/>
            <trkpt lat="47.67387" lon="12.08328"/>
            <trkpt lat="47.67391" lon="12.08333"/>
            <trkpt lat="47.67405" lon="12.08354"/>
            <trkpt lat="47.67414" lon="12.08366"/>
            <trkpt lat="47.67424" lon="12.08375"/>
            <trkpt lat="47.67429" lon="12.08377"/>
            <trkpt lat="47.67435" lon="12.08379"/>
            <trkpt lat="47.67438" lon="12.08379"/>
            <trkpt lat="47.67445" lon="12.08379"/>
            <trkpt lat="47.6747" lon="12.08371"/>
            <trkpt lat="47.67492" lon="12.08364"/>
            <trkpt lat="47.67538" lon="12.08348"/>
            <trkpt lat="47.67544" lon="12.08401"/>
            <trkpt lat="47.67544" lon="12.08409"/>
            <trkpt lat="47.67544" lon="12.08415"/>
            <trkpt lat="47.67543" lon="12.08425"/>
            <trkpt lat="47.67542" lon="12.08432"/>
            <trkpt lat="47.67539" lon="12.08444"/>
            <trkpt lat="47.67536" lon="12.0845"/>
            <trkpt lat="47.67532" lon="12.08457"/>
            <trkpt lat="47.67527" lon="12.08461"/>
            <trkpt lat="47.67522" lon="12.08463"/>
            <trkpt lat="47.67517" lon="12.08463"/>
            <trkpt lat="47.67511" lon="12.08461"/>
            <trkpt lat="47.675" lon="12.08453"/>
            <trkpt lat="47.6748" lon="12.08435"/>
            <trkpt lat="47.67463" lon="12.08425"/>
            <trkpt lat="47.67458" lon="12.08423"/>
            <trkpt lat="47.6745" lon="12.08423"/>
            <trkpt lat="47.67421" lon="12.08431"/>
            <trkpt lat="47.67414" lon="12.08431"/>
            <trkpt lat="47.67408" lon="12.0843"/>
            <trkpt lat="47.67402" lon="12.08429"/>
            <trkpt lat="47.67379" lon="12.08415"/>
            <trkpt lat="47.67374" lon="12.08412"/>
            <trkpt lat="47.67369" lon="12.08413"/>
            <trkpt lat="47.6736" lon="12.08415"/>
            <trkpt lat="47.67314" lon="12.08437"/>
            <trkpt lat="47.6731" lon="12.08439"/>
            <trkpt lat="47.67301" lon="12.08444"/>
            <trkpt lat="47.67293" lon="12.08447"/>
            <trkpt lat="47.67288" lon="12.08448"/>
            <trkpt lat="47.6725" lon="12.08449"/>
            <trkpt lat="47.67235" lon="12.08452"/>
            <trkpt lat="47.67229" lon="12.08454"/>
            <trkpt lat="47.67224" lon="12.08457"/>
            <trkpt lat="47.67222" lon="12.0846"/>
            <trkpt lat="47.6722" lon="12.08464"/>
            <trkpt lat="47.67219" lon="12.0847"/>
            <trkpt lat="47.67219" lon="12.08476"/>
            <trkpt lat="47.67221" lon="12.08481"/>
            <trkpt lat="47.67226" lon="12.08488"/>
            <trkpt lat="47.67235" lon="12.08496"/>
            <trkpt lat="47.6725" lon="12.08508"/>
            <trkpt lat="47.67254" lon="12.08512"/>
            <trkpt lat="47.67256" lon="12.08517"/>
            <trkpt lat="47.67258" lon="12.08524"/>
            <trkpt lat="47.67257" lon="12.08533"/>
            <trkpt lat="47.67255" lon="12.0854"/>
            <trkpt lat="47.67255" lon="12.08541"/>
            <trkpt lat="47.67252" lon="12.08548"/>
            <trkpt lat="47.67248" lon="12.08555"/>
            <trkpt lat="47.67242" lon="12.08567"/>
            <trkpt lat="47.67234" lon="12.08583"/>
            <trkpt lat="47.67216" lon="12.08627"/>
            <trkpt lat="47.67196" lon="12.08691"/>
            <trkpt lat="47.67187" lon="12.08719"/>
            <trkpt lat="47.67185" lon="12.08728"/>
            <trkpt lat="47.67179" lon="12.08748"/>
            <trkpt lat="47.67176" lon="12.08767"/>
            <trkpt lat="47.67175" lon="12.08782"/>
            <trkpt lat="47.67178" lon="12.08824"/>
            <trkpt lat="47.67178" lon="12.08831"/>
            <trkpt lat="47.67176" lon="12.0884"/>
            <trkpt lat="47.67176" lon="12.08844"/>
            <trkpt lat="47.67174" lon="12.0885"/>
            <trkpt lat="47.67167" lon="12.0886"/>
            <trkpt lat="47.67155" lon="12.08876"/>
            <trkpt lat="47.67141" lon="12.089"/>
            <trkpt lat="47.67086" lon="12.09036"/>
            <trkpt lat="47.67082" lon="12.09043"/>
            <trkpt lat="47.67074" lon="12.09051"/>
            <trkpt lat="47.67064" lon="12.09058"/>
            <trkpt lat="47.67013" lon="12.09089"/>
            <trkpt lat="47.66989" lon="12.09107"/>
            <trkpt lat="47.6697" lon="12.09128"/>
            <trkpt lat="47.66952" lon="12.09153"/>
            <trkpt lat="47.66945" lon="12.09167"/>
            <trkpt lat="47.66937" lon="12.09185"/>
            <trkpt lat="47.66922" lon="12.09235"/>
            <trkpt lat="47.66914" lon="12.09257"/>
            <trkpt lat="47.669" lon="12.09291"/>
            <trkpt lat="47.66896" lon="12.09304"/>
            <trkpt lat="47.66894" lon="12.09316"/>
            <trkpt lat="47.66893" lon="12.09335"/>
            <trkpt lat="47.66893" lon="12.09376"/>
            <trkpt lat="47.66896" lon="12.09398"/>
            <trkpt lat="47.66901" lon="12.09426"/>
            <trkpt lat="47.66909" lon="12.09461"/>
            <trkpt lat="47.6691" lon="12.0947"/>
            <trkpt lat="47.66909" lon="12.09477"/>
            <trkpt lat="47.66908" lon="12.09483"/>
            <trkpt lat="47.66899" lon="12.09504"/>
            <trkpt lat="47.66894" lon="12.09519"/>
            <trkpt lat="47.66892" lon="12.09531"/>
            <trkpt lat="47.66888" lon="12.0957"/>
            <trkpt lat="47.6688" lon="12.09627"/>
            <trkpt lat="47.66879" lon="12.0964"/>
            <trkpt lat="47.6688" lon="12.09651"/>
            <trkpt lat="47.66883" lon="12.09662"/>
            <trkpt lat="47.669" lon="12.09715"/>
            <trkpt lat="47.66915" lon="12.09768"/>
            <trkpt lat="47.66917" lon="12.09781"/>
            <trkpt lat="47.66919" lon="12.09804"/>
            <trkpt lat="47.66919" lon="12.09813"/>
            <trkpt lat="47.66914" lon="12.09837"/>
            <trkpt lat="47.66911" lon="12.0985"/>
            <trkpt lat="47.66904" lon="12.09865"/>
            <trkpt lat="47.66877" lon="12.09916"/>
            <trkpt lat="47.66871" lon="12.09932"/>
            <trkpt lat="47.66865" lon="12.09953"/>
            <trkpt lat="47.66863" lon="12.09966"/>
            <trkpt lat="47.66862" lon="12.09972"/>
            <trkpt lat="47.6686" lon="12.09991"/>
            <trkpt lat="47.66861" lon="12.10026"/>
            <trkpt lat="47.66862" lon="12.10041"/>
            <trkpt lat="47.66862" lon="12.10046"/>
            <trkpt lat="47.6686" lon="12.10072"/>
            <trkpt lat="47.66858" lon="12.10086"/>
            <trkpt lat="47.66833" lon="12.10167"/>
            <trkpt lat="47.66816" lon="12.10253"/>
            <trkpt lat="47.66807" lon="12.10287"/>
            <trkpt lat="47.66798" lon="12.1031"/>
            <trkpt lat="47.66769" lon="12.10369"/>
            <trkpt lat="47.66761" lon="12.10388"/>
            <trkpt lat="47.66752" lon="12.10421"/>
            <trkpt lat="47.66745" lon="12.10456"/>
            <trkpt lat="47.6673" lon="12.1054"/>
            <trkpt lat="47.66723" lon="12.10562"/>
            <trkpt lat="47.6672" lon="12.10572"/>
            <trkpt lat="47.66718" lon="12.10577"/>
            <trkpt lat="47.66696" lon="12.10636"/>
            <trkpt lat="47.66685" lon="12.10665"/>
            <trkpt lat="47.6668" lon="12.1068"/>
            <trkpt lat="47.66678" lon="12.10693"/>
            <trkpt lat="47.66677" lon="12.10696"/>
            <trkpt lat="47.66675" lon="12.10708"/>
            <trkpt lat="47.66671" lon="12.10756"/>
            <trkpt lat="47.6667" lon="12.10767"/>
            <trkpt lat="47.66668" lon="12.10776"/>
            <trkpt lat="47.66663" lon="12.10787"/>
            <trkpt lat="47.66657" lon="12.10798"/>
            <trkpt lat="47.66642" lon="12.10816"/>
            <trkpt lat="47.66619" lon="12.10835"/>
            <trkpt lat="47.66603" lon="12.10853"/>
            <trkpt lat="47.66591" lon="12.10872"/>
            <trkpt lat="47.66582" lon="12.10891"/>
            <trkpt lat="47.66577" lon="12.10908"/>
            <trkpt lat="47.66575" lon="12.10918"/>
            <trkpt lat="47.66573" lon="12.10927"/>
            <trkpt lat="47.66573" lon="12.10933"/>
            <trkpt lat="47.66565" lon="12.10976"/>
            <trkpt lat="47.66555" lon="12.11012"/>
            <trkpt lat="47.66548" lon="12.11032"/>
            <trkpt lat="47.66524" lon="12.11084"/>
            <trkpt lat="47.66515" lon="12.11104"/>
            <trkpt lat="47.6651" lon="12.11116"/>
            <trkpt lat="47.66507" lon="12.11125"/>
            <trkpt lat="47.66504" lon="12.11143"/>
            <trkpt lat="47.66505" lon="12.11151"/>
            <trkpt lat="47.66506" lon="12.11162"/>
            <trkpt lat="47.66512" lon="12.11184"/>
            <trkpt lat="47.66529" lon="12.11246"/>
            <trkpt lat="47.66532" lon="12.11257"/>
            <trkpt lat="47.66534" lon="12.11288"/>
            <trkpt lat="47.66532" lon="12.1134"/>
            <trkpt lat="47.6653" lon="12.11354"/>
            <trkpt lat="47.66527" lon="12.11375"/>
            <trkpt lat="47.66525" lon="12.11386"/>
            <trkpt lat="47.66516" lon="12.11424"/>
            <trkpt lat="47.66512" lon="12.11447"/>
            <trkpt lat="47.66511" lon="12.11462"/>
            <trkpt lat="47.6651" lon="12.11497"/>
            <trkpt lat="47.6651" lon="12.11502"/>
            <trkpt lat="47.66513" lon="12.11517"/>
            <trkpt lat="47.66516" lon="12.11526"/>
            <trkpt lat="47.66516" lon="12.11532"/>
            <trkpt lat="47.66516" lon="12.11535"/>
            <trkpt lat="47.66515" lon="12.11539"/>
            <trkpt lat="47.66514" lon="12.11541"/>
            <trkpt lat="47.6651" lon="12.11545"/>
            <trkpt lat="47.66508" lon="12.11547"/>
            <trkpt lat="47.66504" lon="12.11548"/>
            <trkpt lat="47.66502" lon="12.11549"/>
            <trkpt lat="47.66487" lon="12.11553"/>
            <trkpt lat="47.66456" lon="12.11558"/>
            <trkpt lat="47.66424" lon="12.11564"/>
            <trkpt lat="47.66406" lon="12.11572"/>
            <trkpt lat="47.66398" lon="12.11573"/>
            <trkpt lat="47.66392" lon="12.11572"/>
            <trkpt lat="47.66386" lon="12.1157"/>
            <trkpt lat="47.66371" lon="12.11564"/>
            <trkpt lat="47.66361" lon="12.11563"/>
            <trkpt lat="47.66355" lon="12.11563"/>
            <trkpt lat="47.66343" lon="12.11567"/>
            <trkpt lat="47.66331" lon="12.11571"/>
            <trkpt lat="47.6632" lon="12.11576"/>
            <trkpt lat="47.66273" lon="12.11607"/>
            <trkpt lat="47.66234" lon="12.11625"/>
            <trkpt lat="47.66219" lon="12.11635"/>
            <trkpt lat="47.66205" lon="12.11647"/>
            <trkpt lat="47.66195" lon="12.11659"/>
            <trkpt lat="47.66186" lon="12.1167"/>
            <trkpt lat="47.66146" lon="12.11734"/>
            <trkpt lat="47.66114" lon="12.11787"/>
            <trkpt lat="47.66035" lon="12.11929"/>
            <trkpt lat="47.66028" lon="12.11938"/>
            <trkpt lat="47.66024" lon="12.11942"/>
            <trkpt lat="47.6602" lon="12.11946"/>
            <trkpt lat="47.66012" lon="12.11951"/>
            <trkpt lat="47.66006" lon="12.11953"/>
            <trkpt lat="47.66002" lon="12.11954"/>
            <trkpt lat="47.65995" lon="12.11954"/>
            <trkpt lat="47.65974" lon="12.11947"/>
            <trkpt lat="47.65969" lon="12.11947"/>
            <trkpt lat="47.65964" lon="12.11949"/>
            <trkpt lat="47.65957" lon="12.11954"/>
            <trkpt lat="47.65933" lon="12.11979"/>
            <trkpt lat="47.65921" lon="12.11988"/>
            <trkpt lat="47.65903" lon="12.11997"/>
            <trkpt lat="47.65875" lon="12.12003"/>
            <trkpt lat="47.65869" lon="12.12004"/>
            <trkpt lat="47.65832" lon="12.12008"/>
            <trkpt lat="47.65824" lon="12.12011"/>
            <trkpt lat="47.65816" lon="12.12018"/>
            <trkpt lat="47.6581" lon="12.12026"/>
            <trkpt lat="47.65806" lon="12.12037"/>
            <trkpt lat="47.65802" lon="12.1205"/>
            <trkpt lat="47.65798" lon="12.12066"/>
            <trkpt lat="47.65793" lon="12.12103"/>
            <trkpt lat="47.65793" lon="12.12144"/>
            <trkpt lat="47.65797" lon="12.12185"/>
            <trkpt lat="47.658" lon="12.122"/>
            <trkpt lat="47.65809" lon="12.1224"/>
            <trkpt lat="47.6581" lon="12.12249"/>
            <trkpt lat="47.65811" lon="12.12256"/>
            <trkpt lat="47.65811" lon="12.12286"/>
            <trkpt lat="47.6581" lon="12.12464"/>
            <trkpt lat="47.65814" lon="12.12516"/>
            <trkpt lat="47.65818" lon="12.12542"/>
            <trkpt lat="47.65823" lon="12.12577"/>
            <trkpt lat="47.65831" lon="12.12607"/>
            <trkpt lat="47.65838" lon="12.12632"/>
            <trkpt lat="47.65839" lon="12.12644"/>
            <trkpt lat="47.65839" lon="12.12673"/>
            <trkpt lat="47.65834" lon="12.12748"/>
            <trkpt lat="47.65836" lon="12.12799"/>
            <trkpt lat="47.65839" lon="12.12826"/>
            <trkpt lat="47.65841" lon="12.12844"/>
            <trkpt lat="47.65841" lon="12.1285"/>
            <trkpt lat="47.6584" lon="12.12857"/>
            <trkpt lat="47.6584" lon="12.12862"/>
            <trkpt lat="47.65839" lon="12.12863"/>
            <trkpt lat="47.65836" lon="12.12874"/>
            <trkpt lat="47.65835" lon="12.12878"/>
            <trkpt lat="47.65832" lon="12.12882"/>
            <trkpt lat="47.65826" lon="12.12891"/>
            <trkpt lat="47.65812" lon="12.1291"/>
            <trkpt lat="47.65801" lon="12.12929"/>
            <trkpt lat="47.65785" lon="12.12963"/>
            <trkpt lat="47.65769" lon="12.13"/>
            <trkpt lat="47.65764" lon="12.13014"/>
            <trkpt lat="47.65762" lon="12.13018"/>
            <trkpt lat="47.65762" lon="12.13019"/>
            <trkpt lat="47.6576" lon="12.13028"/>
            <trkpt lat="47.65758" lon="12.13043"/>
            <trkpt lat="47.65758" lon="12.13049"/>
            <trkpt lat="47.65759" lon="12.1306"/>
            <trkpt lat="47.65763" lon="12.13075"/>
            <trkpt lat="47.65768" lon="12.13098"/>
            <trkpt lat="47.65776" lon="12.13122"/>
            <trkpt lat="47.65791" lon="12.13171"/>
            <trkpt lat="47.65817" lon="12.1323"/>
            <trkpt lat="47.65826" lon="12.13248"/>
            <trkpt lat="47.65836" lon="12.13264"/>
            <trkpt lat="47.65869" lon="12.13311"/>
            <trkpt lat="47.65874" lon="12.13318"/>
            <trkpt lat="47.65883" lon="12.13332"/>
            <trkpt lat="47.65942" lon="12.13405"/>
            <trkpt lat="47.65997" lon="12.13466"/>
            <trkpt lat="47.66001" lon="12.1347"/>
            <trkpt lat="47.66006" lon="12.13473"/>
            <trkpt lat="47.6601" lon="12.13474"/>
            <trkpt lat="47.6604" lon="12.13468"/>
            <trkpt lat="47.66044" lon="12.13469"/>
            <trkpt lat="47.66047" lon="12.1347"/>
            <trkpt lat="47.66049" lon="12.13473"/>
            <trkpt lat="47.66051" lon="12.13477"/>
            <trkpt lat="47.66051" lon="12.13488"/>
            <trkpt lat="47.6605" lon="12.13512"/>
            <trkpt lat="47.66048" lon="12.1355"/>
            <trkpt lat="47.66048" lon="12.13564"/>
            <trkpt lat="47.66052" lon="12.13581"/>
            <trkpt lat="47.66059" lon="12.136"/>
            <trkpt lat="47.66094" lon="12.13685"/>
            <trkpt lat="47.66119" lon="12.13733"/>
            <trkpt lat="47.66135" lon="12.13773"/>
            <trkpt lat="47.66144" lon="12.13787"/>
            <trkpt lat="47.66158" lon="12.13806"/>
            <trkpt lat="47.66163" lon="12.13815"/>
            <trkpt lat="47.66165" lon="12.13825"/>
            <trkpt lat="47.66167" lon="12.13839"/>
            <trkpt lat="47.66171" lon="12.13859"/>
            <trkpt lat="47.66184" lon="12.1394"/>
            <trkpt lat="47.66194" lon="12.13986"/>
            <trkpt lat="47.66199" lon="12.14003"/>
            <trkpt lat="47.66215" lon="12.14043"/>
            <trkpt lat="47.66219" lon="12.14054"/>
            <trkpt lat="47.66221" lon="12.14066"/>
            <trkpt lat="47.66221" lon="12.1408"/>
            <trkpt lat="47.66219" lon="12.14095"/>
            <trkpt lat="47.66217" lon="12.14101"/>
            <trkpt lat="47.66214" lon="12.14108"/>
            <trkpt lat="47.6621" lon="12.14114"/>
            <trkpt lat="47.6619" lon="12.14142"/>
            <trkpt lat="47.66183" lon="12.14155"/>
            <trkpt lat="47.6618" lon="12.14163"/>
            <trkpt lat="47.66178" lon="12.14174"/>
            <trkpt lat="47.66175" lon="12.14193"/>
            <trkpt lat="47.66174" lon="12.14216"/>
            <trkpt lat="47.66174" lon="12.14233"/>
            <trkpt lat="47.66173" lon="12.14279"/>
            <trkpt lat="47.66177" lon="12.14308"/>
            <trkpt lat="47.66182" lon="12.14331"/>
            <trkpt lat="47.66195" lon="12.14376"/>
            <trkpt lat="47.66197" lon="12.14384"/>
            <trkpt lat="47.66198" lon="12.14394"/>
            <trkpt lat="47.66198" lon="12.14404"/>
            <trkpt lat="47.6619" lon="12.14446"/>
            <trkpt lat="47.66152" lon="12.14581"/>
            <trkpt lat="47.66145" lon="12.14611"/>
            <trkpt lat="47.66138" lon="12.14648"/>
            <trkpt lat="47.66127" lon="12.14744"/>
            <trkpt lat="47.66129" lon="12.14782"/>
            <trkpt lat="47.66133" lon="12.14824"/>
            <trkpt lat="47.66132" lon="12.14846"/>
            <trkpt lat="47.6613" lon="12.14867"/>
            <trkpt lat="47.66124" lon="12.14894"/>
            <trkpt lat="47.66122" lon="12.14903"/>
            <trkpt lat="47.6611" lon="12.14956"/>
            <trkpt lat="47.66105" lon="12.14973"/>
            <trkpt lat="47.66099" lon="12.14989"/>
            <trkpt lat="47.66085" lon="12.15013"/>
            <trkpt lat="47.66083" lon="12.15021"/>
            <trkpt lat="47.66078" lon="12.15047"/>
            <trkpt lat="47.66073" lon="12.15088"/>
            <trkpt lat="47.66067" lon="12.15132"/>
            <trkpt lat="47.66065" lon="12.15153"/>
            <trkpt lat="47.66065" lon="12.15176"/>
            <trkpt lat="47.66068" lon="12.15202"/>
            <trkpt lat="47.66072" lon="12.15234"/>
            <trkpt lat="47.66075" lon="12.15264"/>
            <trkpt lat="47.66075" lon="12.15282"/>
            <trkpt lat="47.66073" lon="12.15347"/>
            <trkpt lat="47.66074" lon="12.15373"/>
            <trkpt lat="47.66079" lon="12.15404"/>
            <trkpt lat="47.66081" lon="12.15418"/>
            <trkpt lat="47.66081" lon="12.15432"/>
            <trkpt lat="47.66077" lon="12.15459"/>
            <trkpt lat="47.66074" lon="12.15471"/>
            <trkpt lat="47.6607" lon="12.15479"/>
            <trkpt lat="47.66053" lon="12.15508"/>
            <trkpt lat="47.66049" lon="12.15518"/>
            <trkpt lat="47.66046" lon="12.15526"/>
            <trkpt lat="47.66045" lon="12.15535"/>
            <trkpt lat="47.66045" lon="12.15546"/>
            <trkpt lat="47.66046" lon="12.15554"/>
            <trkpt lat="47.66048" lon="12.15569"/>
            <trkpt lat="47.6605" lon="12.15577"/>
            <trkpt lat="47.66051" lon="12.1558"/>
            <trkpt lat="47.66061" lon="12.15616"/>
            <trkpt lat="47.66071" lon="12.15637"/>
            <trkpt lat="47.66078" lon="12.15648"/>
            <trkpt lat="47.66093" lon="12.15666"/>
            <trkpt lat="47.66096" lon="12.1567"/>
            <trkpt lat="47.66098" lon="12.15675"/>
            <trkpt lat="47.661" lon="12.15681"/>
            <trkpt lat="47.66093" lon="12.15684"/>
            <trkpt lat="47.66083" lon="12.15688"/>
            <trkpt lat="47.66061" lon="12.15695"/>
            <trkpt lat="47.66056" lon="12.15696"/>
            <trkpt lat="47.66039" lon="12.15696"/>
            <trkpt lat="47.6603" lon="12.15695"/>
            <trkpt lat="47.66016" lon="12.15691"/>
            <trkpt lat="47.65965" lon="12.15665"/>
            <trkpt lat="47.6596" lon="12.15662"/>
            <trkpt lat="47.65929" lon="12.15648"/>
            <trkpt lat="47.65899" lon="12.1564"/>
            <trkpt lat="47.65872" lon="12.15634"/>
            <trkpt lat="47.65869" lon="12.15633"/>
            <trkpt lat="47.65865" lon="12.15632"/>
            <trkpt lat="47.65859" lon="12.15629"/>
            <trkpt lat="47.65856" lon="12.15626"/>
            <trkpt lat="47.65854" lon="12.15624"/>
            <trkpt lat="47.6585" lon="12.15618"/>
            <trkpt lat="47.6584" lon="12.15598"/>
            <trkpt lat="47.6583" lon="12.15579"/>
            <trkpt lat="47.65825" lon="12.15572"/>
            <trkpt lat="47.65822" lon="12.15568"/>
            <trkpt lat="47.65819" lon="12.15565"/>
            <trkpt lat="47.65814" lon="12.15562"/>
            <trkpt lat="47.65811" lon="12.15561"/>
            <trkpt lat="47.65807" lon="12.15562"/>
            <trkpt lat="47.65806" lon="12.15562"/>
            <trkpt lat="47.65804" lon="12.15563"/>
            <trkpt lat="47.65802" lon="12.15565"/>
            <trkpt lat="47.65799" lon="12.15569"/>
            <trkpt lat="47.65791" lon="12.15585"/>
            <trkpt lat="47.65776" lon="12.15609"/>
            <trkpt lat="47.65758" lon="12.1563"/>
            <trkpt lat="47.65752" lon="12.15636"/>
            <trkpt lat="47.65717" lon="12.15667"/>
            <trkpt lat="47.6571" lon="12.15673"/>
            <trkpt lat="47.65675" lon="12.15708"/>
            <trkpt lat="47.65659" lon="12.15728"/>
            <trkpt lat="47.65656" lon="12.15732"/>
            <trkpt lat="47.65651" lon="12.1574"/>
            <trkpt lat="47.6565" lon="12.15743"/>
            <trkpt lat="47.65647" lon="12.15753"/>
            <trkpt lat="47.65644" lon="12.15764"/>
            <trkpt lat="47.65637" lon="12.15803"/>
            <trkpt lat="47.65632" lon="12.15864"/>
            <trkpt lat="47.65631" lon="12.15878"/>
            <trkpt lat="47.65629" lon="12.1588"/>
            <trkpt lat="47.65621" lon="12.15885"/>
            <trkpt lat="47.65619" lon="12.15887"/>
            <trkpt lat="47.65589" lon="12.15899"/>
            <trkpt lat="47.65561" lon="12.15908"/>
            <trkpt lat="47.65551" lon="12.15913"/>
            <trkpt lat="47.6553" lon="12.15929"/>
            <trkpt lat="47.65512" lon="12.15944"/>
            <trkpt lat="47.65507" lon="12.15949"/>
            <trkpt lat="47.65497" lon="12.15959"/>
            <trkpt lat="47.65482" lon="12.15976"/>
            <trkpt lat="47.65459" lon="12.16006"/>
            <trkpt lat="47.65454" lon="12.16013"/>
            <trkpt lat="47.65428" lon="12.16044"/>
            <trkpt lat="47.65391" lon="12.16092"/>
            <trkpt lat="47.65391" lon="12.16094"/>
            <trkpt lat="47.65388" lon="12.16098"/>
            <trkpt lat="47.65371" lon="12.16124"/>
            <trkpt lat="47.65367" lon="12.16132"/>
            <trkpt lat="47.65366" lon="12.16135"/>
            <trkpt lat="47.65355" lon="12.16156"/>
            <trkpt lat="47.65339" lon="12.16182"/>
            <trkpt lat="47.65328" lon="12.16199"/>
            <trkpt lat="47.65307" lon="12.16225"/>
            <trkpt lat="47.65275" lon="12.1626"/>
            <trkpt lat="47.65268" lon="12.1627"/>
            <trkpt lat="47.65256" lon="12.16292"/>
            <trkpt lat="47.6524" lon="12.16328"/>
            <trkpt lat="47.65235" lon="12.16345"/>
            <trkpt lat="47.65233" lon="12.1635"/>
            <trkpt lat="47.65232" lon="12.16353"/>
            <trkpt lat="47.65227" lon="12.1638"/>
            <trkpt lat="47.65219" lon="12.16408"/>
            <trkpt lat="47.65208" lon="12.16457"/>
            <trkpt lat="47.65202" lon="12.16486"/>
            <trkpt lat="47.65194" lon="12.16525"/>
            <trkpt lat="47.65192" lon="12.16532"/>
            <trkpt lat="47.65188" lon="12.16543"/>
            <trkpt lat="47.65185" lon="12.16549"/>
            <trkpt lat="47.6518" lon="12.16556"/>
            <trkpt lat="47.65174" lon="12.16562"/>
            <trkpt lat="47.65154" lon="12.16579"/>
            <trkpt lat="47.65149" lon="12.16583"/>
            <trkpt lat="47.65082" lon="12.16637"/>
            <trkpt lat="47.65064" lon="12.16653"/>
            <trkpt lat="47.65046" lon="12.16671"/>
            <trkpt lat="47.6504" lon="12.16678"/>
            <trkpt lat="47.65036" lon="12.16682"/>
            <trkpt lat="47.65027" lon="12.16693"/>
            <trkpt lat="47.65021" lon="12.16703"/>
            <trkpt lat="47.65013" lon="12.16721"/>
            <trkpt lat="47.65008" lon="12.16734"/>
            <trkpt lat="47.65006" lon="12.16745"/>
            <trkpt lat="47.65004" lon="12.16753"/>
            <trkpt lat="47.65001" lon="12.16783"/>
            <trkpt lat="47.64999" lon="12.16792"/>
            <trkpt lat="47.64997" lon="12.16798"/>
            <trkpt lat="47.64996" lon="12.16803"/>
            <trkpt lat="47.64991" lon="12.16811"/>
            <trkpt lat="47.64986" lon="12.16819"/>
            <trkpt lat="47.64982" lon="12.16822"/>
            <trkpt lat="47.64974" lon="12.1683"/>
            <trkpt lat="47.64972" lon="12.16831"/>
            <trkpt lat="47.64958" lon="12.16844"/>
            <trkpt lat="47.64951" lon="12.16852"/>
            <trkpt lat="47.64944" lon="12.16861"/>
            <trkpt lat="47.64941" lon="12.16866"/>
            <trkpt lat="47.64939" lon="12.16869"/>
            <trkpt lat="47.64936" lon="12.16877"/>
            <trkpt lat="47.64935" lon="12.1688"/>
            <trkpt lat="47.64933" lon="12.16887"/>
            <trkpt lat="47.6493" lon="12.16913"/>
            <trkpt lat="47.64927" lon="12.16969"/>
            <trkpt lat="47.64809" lon="12.16979"/>
            <trkpt lat="47.64809" lon="12.16917"/>
        </trkseg>
    </trk>
</gpx>
