<?xml version="1.0" encoding="UTF-8"?>
<!-- track-length = 78637 filtered ascend = 730 plain-ascend = 52 cost=169134 energy=9.5kwh time=1h 37m 42s -->
<gpx 
 xmlns="http://www.topografix.com/GPX/1/1" 
 xmlns:xsi="http://www.w3.org/2001/XMLSchema-instance" 
 xsi:schemaLocation="http://www.topografix.com/GPX/1/1 http://www.topografix.com/GPX/1/1/gpx.xsd" 
 version="1.1" 
 creator="BRouter-Web 0.18.1">
 <trk>
  <name>Cheddar -&gt; Tetbury (78.6km)</name>
  <trkseg>
   <trkpt lat="51.282747" lon="-2.764909"><ele>70.25</ele></trkpt>
   <trkpt lat="51.28274" lon="-2.764873"><ele>70.75</ele></trkpt>
   <trkpt lat="51.282732" lon="-2.764751"><ele>72.25</ele></trkpt>
   <trkpt lat="51.282744" lon="-2.764593"><ele>75</ele></trkpt>
   <trkpt lat="51.282766" lon="-2.764473"><ele>77</ele></trkpt>
   <trkpt lat="51.282822" lon="-2.76421"><ele>80.75</ele></trkpt>
   <trkpt lat="51.282878" lon="-2.763996"><ele>83</ele></trkpt>
   <trkpt lat="51.282991" lon="-2.76362"><ele>85</ele></trkpt>
   <trkpt lat="51.283041" lon="-2.763478"><ele>84.75</ele></trkpt>
   <trkpt lat="51.283144" lon="-2.76325"><ele>85</ele></trkpt>
   <trkpt lat="51.283287" lon="-2.763051"><ele>87.75</ele></trkpt>
   <trkpt lat="51.283405" lon="-2.762933"><ele>91.25</ele></trkpt>
   <trkpt lat="51.283473" lon="-2.762882"><ele>93.75</ele></trkpt>
   <trkpt lat="51.283605" lon="-2.762813"><ele>97</ele></trkpt>
   <trkpt lat="51.283641" lon="-2.762809"><ele>97.5</ele></trkpt>
   <trkpt lat="51.283681" lon="-2.762817"><ele>97.75</ele></trkpt>
   <trkpt lat="51.283838" lon="-2.762888"><ele>98</ele></trkpt>
   <trkpt lat="51.283948" lon="-2.762913"><ele>99</ele></trkpt>
   <trkpt lat="51.283994" lon="-2.762908"><ele>99.75</ele></trkpt>
   <trkpt lat="51.284101" lon="-2.762854"><ele>101.5</ele></trkpt>
   <trkpt lat="51.284218" lon="-2.762776"><ele>104</ele></trkpt>
   <trkpt lat="51.284321" lon="-2.762688"><ele>106.75</ele></trkpt>
   <trkpt lat="51.284394" lon="-2.7626"><ele>108</ele></trkpt>
   <trkpt lat="51.284432" lon="-2.762528"><ele>108.5</ele></trkpt>
   <trkpt lat="51.284471" lon="-2.76245"><ele>108.75</ele></trkpt>
   <trkpt lat="51.284519" lon="-2.762305"><ele>108.25</ele></trkpt>
   <trkpt lat="51.284577" lon="-2.762051"><ele>106.5</ele></trkpt>
   <trkpt lat="51.284619" lon="-2.761684"><ele>102.25</ele></trkpt>
   <trkpt lat="51.284645" lon="-2.761523"><ele>105.5</ele></trkpt>
   <trkpt lat="51.284663" lon="-2.761456"><ele>107</ele></trkpt>
   <trkpt lat="51.284733" lon="-2.761275"><ele>109.5</ele></trkpt>
   <trkpt lat="51.284931" lon="-2.760883"><ele>110.25</ele></trkpt>
   <trkpt lat="51.28498" lon="-2.76076"><ele>110.25</ele></trkpt>
   <trkpt lat="51.285032" lon="-2.760576"><ele>113</ele></trkpt>
   <trkpt lat="51.285048" lon="-2.760484"><ele>114.75</ele></trkpt>
   <trkpt lat="51.285057" lon="-2.760437"><ele>115.5</ele></trkpt>
   <trkpt lat="51.285069" lon="-2.760252"><ele>118.5</ele></trkpt>
   <trkpt lat="51.285068" lon="-2.759931"><ele>124.25</ele></trkpt>
   <trkpt lat="51.285076" lon="-2.759763"><ele>128.75</ele></trkpt>
   <trkpt lat="51.285125" lon="-2.759429"><ele>137.25</ele></trkpt>
   <trkpt lat="51.285153" lon="-2.759294"><ele>140</ele></trkpt>
   <trkpt lat="51.285213" lon="-2.759076"><ele>143.25</ele></trkpt>
   <trkpt lat="51.285239" lon="-2.759036"><ele>143</ele></trkpt>
   <trkpt lat="51.285279" lon="-2.759"><ele>142.25</ele></trkpt>
   <trkpt lat="51.285326" lon="-2.75898"><ele>140.75</ele></trkpt>
   <trkpt lat="51.285541" lon="-2.758932"><ele>132.75</ele></trkpt>
   <trkpt lat="51.285605" lon="-2.758908"><ele>130</ele></trkpt>
   <trkpt lat="51.28575" lon="-2.758833"><ele>123.75</ele></trkpt>
   <trkpt lat="51.285825" lon="-2.758774"><ele>120</ele></trkpt>
   <trkpt lat="51.285867" lon="-2.758728"><ele>120.75</ele></trkpt>
   <trkpt lat="51.2859" lon="-2.75867"><ele>122</ele></trkpt>
   <trkpt lat="51.285917" lon="-2.758625"><ele>122.5</ele></trkpt>
   <trkpt lat="51.285926" lon="-2.75858"><ele>122.5</ele></trkpt>
   <trkpt lat="51.285926" lon="-2.758534"><ele>122.25</ele></trkpt>
   <trkpt lat="51.285918" lon="-2.758472"><ele>121.5</ele></trkpt>
   <trkpt lat="51.285897" lon="-2.758396"><ele>120</ele></trkpt>
   <trkpt lat="51.285867" lon="-2.758327"><ele>118.5</ele></trkpt>
   <trkpt lat="51.285811" lon="-2.758243"><ele>121</ele></trkpt>
   <trkpt lat="51.28575" lon="-2.758178"><ele>126.75</ele></trkpt>
   <trkpt lat="51.285674" lon="-2.758128"><ele>133.5</ele></trkpt>
   <trkpt lat="51.285599" lon="-2.758083"><ele>139.75</ele></trkpt>
   <trkpt lat="51.285539" lon="-2.758033"><ele>145.25</ele></trkpt>
   <trkpt lat="51.285466" lon="-2.757941"><ele>152.75</ele></trkpt>
   <trkpt lat="51.285431" lon="-2.757853"><ele>157.5</ele></trkpt>
   <trkpt lat="51.28542" lon="-2.757792"><ele>159.75</ele></trkpt>
   <trkpt lat="51.285423" lon="-2.757654"><ele>163.25</ele></trkpt>
   <trkpt lat="51.285436" lon="-2.757584"><ele>164.25</ele></trkpt>
   <trkpt lat="51.285468" lon="-2.757494"><ele>164.5</ele></trkpt>
   <trkpt lat="51.285514" lon="-2.757415"><ele>163.75</ele></trkpt>
   <trkpt lat="51.285562" lon="-2.757354"><ele>162</ele></trkpt>
   <trkpt lat="51.28562" lon="-2.757316"><ele>159.25</ele></trkpt>
   <trkpt lat="51.285913" lon="-2.757261"><ele>146.5</ele></trkpt>
   <trkpt lat="51.285966" lon="-2.757239"><ele>147.25</ele></trkpt>
   <trkpt lat="51.286025" lon="-2.757198"><ele>148</ele></trkpt>
   <trkpt lat="51.286072" lon="-2.757142"><ele>149</ele></trkpt>
   <trkpt lat="51.286126" lon="-2.757038"><ele>150.5</ele></trkpt>
   <trkpt lat="51.286286" lon="-2.756607"><ele>154.5</ele></trkpt>
   <trkpt lat="51.286339" lon="-2.756491"><ele>156.25</ele></trkpt>
   <trkpt lat="51.286422" lon="-2.756343"><ele>157.5</ele></trkpt>
   <trkpt lat="51.28652" lon="-2.756195"><ele>158</ele></trkpt>
   <trkpt lat="51.286648" lon="-2.756043"><ele>156.75</ele></trkpt>
   <trkpt lat="51.286764" lon="-2.755927"><ele>159.25</ele></trkpt>
   <trkpt lat="51.28684" lon="-2.755838"><ele>161</ele></trkpt>
   <trkpt lat="51.286914" lon="-2.75573"><ele>162.25</ele></trkpt>
   <trkpt lat="51.286964" lon="-2.755653"><ele>162.75</ele></trkpt>
   <trkpt lat="51.287021" lon="-2.755542"><ele>162.75</ele></trkpt>
   <trkpt lat="51.287269" lon="-2.754926"><ele>156</ele></trkpt>
   <trkpt lat="51.287331" lon="-2.754748"><ele>155.25</ele></trkpt>
   <trkpt lat="51.287378" lon="-2.75457"><ele>154.75</ele></trkpt>
   <trkpt lat="51.287408" lon="-2.754419"><ele>154.5</ele></trkpt>
   <trkpt lat="51.287421" lon="-2.754274"><ele>155</ele></trkpt>
   <trkpt lat="51.287416" lon="-2.754144"><ele>156</ele></trkpt>
   <trkpt lat="51.287403" lon="-2.754061"><ele>157.25</ele></trkpt>
   <trkpt lat="51.287336" lon="-2.753788"><ele>162.5</ele></trkpt>
   <trkpt lat="51.287327" lon="-2.753711"><ele>163.75</ele></trkpt>
   <trkpt lat="51.287329" lon="-2.75357"><ele>164.75</ele></trkpt>
   <trkpt lat="51.287376" lon="-2.753325"><ele>163.75</ele></trkpt>
   <trkpt lat="51.287435" lon="-2.753088"><ele>161.5</ele></trkpt>
   <trkpt lat="51.287479" lon="-2.752967"><ele>159.5</ele></trkpt>
   <trkpt lat="51.287659" lon="-2.752597"><ele>163.5</ele></trkpt>
   <trkpt lat="51.287727" lon="-2.752437"><ele>165.25</ele></trkpt>
   <trkpt lat="51.287765" lon="-2.752322"><ele>166.25</ele></trkpt>
   <trkpt lat="51.287793" lon="-2.752192"><ele>166.75</ele></trkpt>
   <trkpt lat="51.287876" lon="-2.75162"><ele>167.5</ele></trkpt>
   <trkpt lat="51.287883" lon="-2.751482"><ele>168</ele></trkpt>
   <trkpt lat="51.287879" lon="-2.751374"><ele>168.5</ele></trkpt>
   <trkpt lat="51.287885" lon="-2.751108"><ele>169.75</ele></trkpt>
   <trkpt lat="51.287912" lon="-2.750891"><ele>170.75</ele></trkpt>
   <trkpt lat="51.287946" lon="-2.750699"><ele>171.5</ele></trkpt>
   <trkpt lat="51.287954" lon="-2.75041"><ele>172.75</ele></trkpt>
   <trkpt lat="51.28794" lon="-2.750028"><ele>175</ele></trkpt>
   <trkpt lat="51.287912" lon="-2.749544"><ele>175.25</ele></trkpt>
   <trkpt lat="51.287919" lon="-2.749419"><ele>175</ele></trkpt>
   <trkpt lat="51.28797" lon="-2.749091"><ele>174.75</ele></trkpt>
   <trkpt lat="51.287973" lon="-2.749019"><ele>174.75</ele></trkpt>
   <trkpt lat="51.287961" lon="-2.748887"><ele>175</ele></trkpt>
   <trkpt lat="51.287924" lon="-2.748756"><ele>175</ele></trkpt>
   <trkpt lat="51.287898" lon="-2.748698"><ele>174.75</ele></trkpt>
   <trkpt lat="51.287822" lon="-2.74856"><ele>174.25</ele></trkpt>
   <trkpt lat="51.287593" lon="-2.748181"><ele>172.25</ele></trkpt>
   <trkpt lat="51.28754" lon="-2.748061"><ele>172.5</ele></trkpt>
   <trkpt lat="51.287456" lon="-2.747821"><ele>176</ele></trkpt>
   <trkpt lat="51.287435" lon="-2.747738"><ele>177.5</ele></trkpt>
   <trkpt lat="51.287424" lon="-2.747653"><ele>178.5</ele></trkpt>
   <trkpt lat="51.287429" lon="-2.747504"><ele>178.75</ele></trkpt>
   <trkpt lat="51.287448" lon="-2.747416"><ele>178.25</ele></trkpt>
   <trkpt lat="51.287476" lon="-2.747339"><ele>177.25</ele></trkpt>
   <trkpt lat="51.28752" lon="-2.747257"><ele>176.25</ele></trkpt>
   <trkpt lat="51.287581" lon="-2.747162"><ele>176.75</ele></trkpt>
   <trkpt lat="51.287651" lon="-2.747075"><ele>176.75</ele></trkpt>
   <trkpt lat="51.287744" lon="-2.746985"><ele>176.75</ele></trkpt>
   <trkpt lat="51.287816" lon="-2.74693"><ele>176.5</ele></trkpt>
   <trkpt lat="51.287884" lon="-2.746898"><ele>176.25</ele></trkpt>
   <trkpt lat="51.287944" lon="-2.746891"><ele>176</ele></trkpt>
   <trkpt lat="51.288158" lon="-2.746894"><ele>174.75</ele></trkpt>
   <trkpt lat="51.288202" lon="-2.746876"><ele>174.5</ele></trkpt>
   <trkpt lat="51.288273" lon="-2.746838"><ele>174</ele></trkpt>
   <trkpt lat="51.288386" lon="-2.746741"><ele>174.25</ele></trkpt>
   <trkpt lat="51.288455" lon="-2.746668"><ele>175.25</ele></trkpt>
   <trkpt lat="51.288519" lon="-2.746586"><ele>176.5</ele></trkpt>
   <trkpt lat="51.288584" lon="-2.74646"><ele>177.75</ele></trkpt>
   <trkpt lat="51.288632" lon="-2.7463"><ele>178.5</ele></trkpt>
   <trkpt lat="51.288655" lon="-2.746151"><ele>178.75</ele></trkpt>
   <trkpt lat="51.288703" lon="-2.745658"><ele>179</ele></trkpt>
   <trkpt lat="51.288725" lon="-2.745452"><ele>179</ele></trkpt>
   <trkpt lat="51.288724" lon="-2.745241"><ele>178.5</ele></trkpt>
   <trkpt lat="51.288684" lon="-2.745"><ele>177.75</ele></trkpt>
   <trkpt lat="51.288585" lon="-2.744743"><ele>179.75</ele></trkpt>
   <trkpt lat="51.288496" lon="-2.74458"><ele>180.25</ele></trkpt>
   <trkpt lat="51.288388" lon="-2.744406"><ele>180.5</ele></trkpt>
   <trkpt lat="51.288322" lon="-2.744322"><ele>180.5</ele></trkpt>
   <trkpt lat="51.288188" lon="-2.7442"><ele>181.75</ele></trkpt>
   <trkpt lat="51.288084" lon="-2.744139"><ele>182.25</ele></trkpt>
   <trkpt lat="51.287969" lon="-2.744104"><ele>182.5</ele></trkpt>
   <trkpt lat="51.287868" lon="-2.744099"><ele>182.5</ele></trkpt>
   <trkpt lat="51.287622" lon="-2.744153"><ele>182.75</ele></trkpt>
   <trkpt lat="51.287514" lon="-2.74416"><ele>182.75</ele></trkpt>
   <trkpt lat="51.287427" lon="-2.744162"><ele>183.75</ele></trkpt>
   <trkpt lat="51.287308" lon="-2.74416"><ele>185</ele></trkpt>
   <trkpt lat="51.287195" lon="-2.744144"><ele>186</ele></trkpt>
   <trkpt lat="51.286493" lon="-2.743994"><ele>192</ele></trkpt>
   <trkpt lat="51.286407" lon="-2.743984"><ele>192.5</ele></trkpt>
   <trkpt lat="51.285959" lon="-2.743968"><ele>195.25</ele></trkpt>
   <trkpt lat="51.285842" lon="-2.743975"><ele>196</ele></trkpt>
   <trkpt lat="51.285699" lon="-2.744007"><ele>197.75</ele></trkpt>
   <trkpt lat="51.285596" lon="-2.744057"><ele>198.75</ele></trkpt>
   <trkpt lat="51.28551" lon="-2.744116"><ele>199.25</ele></trkpt>
   <trkpt lat="51.28543" lon="-2.744216"><ele>199.25</ele></trkpt>
   <trkpt lat="51.285365" lon="-2.744335"><ele>198.75</ele></trkpt>
   <trkpt lat="51.285122" lon="-2.745164"><ele>193.25</ele></trkpt>
   <trkpt lat="51.28503" lon="-2.745384"><ele>195.75</ele></trkpt>
   <trkpt lat="51.284939" lon="-2.745549"><ele>198.5</ele></trkpt>
   <trkpt lat="51.284795" lon="-2.74574"><ele>201.75</ele></trkpt>
   <trkpt lat="51.284542" lon="-2.746038"><ele>204.25</ele></trkpt>
   <trkpt lat="51.284421" lon="-2.746157"><ele>204</ele></trkpt>
   <trkpt lat="51.284145" lon="-2.746427"><ele>201.25</ele></trkpt>
   <trkpt lat="51.283984" lon="-2.746503"><ele>200.75</ele></trkpt>
   <trkpt lat="51.283781" lon="-2.746579"><ele>200.25</ele></trkpt>
   <trkpt lat="51.283625" lon="-2.746595"><ele>200.25</ele></trkpt>
   <trkpt lat="51.283521" lon="-2.746574"><ele>200.25</ele></trkpt>
   <trkpt lat="51.283452" lon="-2.746543"><ele>200.25</ele></trkpt>
   <trkpt lat="51.28335" lon="-2.746474"><ele>200.5</ele></trkpt>
   <trkpt lat="51.283166" lon="-2.746392"><ele>203.75</ele></trkpt>
   <trkpt lat="51.283106" lon="-2.746338"><ele>204.75</ele></trkpt>
   <trkpt lat="51.283069" lon="-2.746289"><ele>205.5</ele></trkpt>
   <trkpt lat="51.282955" lon="-2.746026"><ele>206.25</ele></trkpt>
   <trkpt lat="51.282883" lon="-2.745793"><ele>206</ele></trkpt>
   <trkpt lat="51.282861" lon="-2.745678"><ele>205.5</ele></trkpt>
   <trkpt lat="51.28284" lon="-2.745501"><ele>204.5</ele></trkpt>
   <trkpt lat="51.282826" lon="-2.745011"><ele>201.75</ele></trkpt>
   <trkpt lat="51.282799" lon="-2.744662"><ele>203.75</ele></trkpt>
   <trkpt lat="51.282772" lon="-2.744458"><ele>204.75</ele></trkpt>
   <trkpt lat="51.282745" lon="-2.744314"><ele>205.25</ele></trkpt>
   <trkpt lat="51.282647" lon="-2.743984"><ele>205.5</ele></trkpt>
   <trkpt lat="51.282596" lon="-2.743847"><ele>205.25</ele></trkpt>
   <trkpt lat="51.282547" lon="-2.743745"><ele>204.5</ele></trkpt>
   <trkpt lat="51.282439" lon="-2.743591"><ele>204.25</ele></trkpt>
   <trkpt lat="51.282332" lon="-2.743494"><ele>204.75</ele></trkpt>
   <trkpt lat="51.281956" lon="-2.743259"><ele>205.5</ele></trkpt>
   <trkpt lat="51.281639" lon="-2.743048"><ele>207</ele></trkpt>
   <trkpt lat="51.281389" lon="-2.742862"><ele>211</ele></trkpt>
   <trkpt lat="51.281283" lon="-2.742767"><ele>212</ele></trkpt>
   <trkpt lat="51.281065" lon="-2.742485"><ele>212.75</ele></trkpt>
   <trkpt lat="51.280934" lon="-2.742252"><ele>211.5</ele></trkpt>
   <trkpt lat="51.280883" lon="-2.74211"><ele>210.25</ele></trkpt>
   <trkpt lat="51.280428" lon="-2.740643"><ele>212.5</ele></trkpt>
   <trkpt lat="51.280331" lon="-2.740377"><ele>212</ele></trkpt>
   <trkpt lat="51.280205" lon="-2.740037"><ele>210</ele></trkpt>
   <trkpt lat="51.280105" lon="-2.739826"><ele>209.5</ele></trkpt>
   <trkpt lat="51.279975" lon="-2.739627"><ele>209.25</ele></trkpt>
   <trkpt lat="51.279844" lon="-2.739477"><ele>210</ele></trkpt>
   <trkpt lat="51.279735" lon="-2.739378"><ele>210.5</ele></trkpt>
   <trkpt lat="51.279619" lon="-2.739307"><ele>210.75</ele></trkpt>
   <trkpt lat="51.278845" lon="-2.738946"><ele>209.25</ele></trkpt>
   <trkpt lat="51.278718" lon="-2.738903"><ele>209.25</ele></trkpt>
   <trkpt lat="51.278532" lon="-2.738868"><ele>209</ele></trkpt>
   <trkpt lat="51.278449" lon="-2.738861"><ele>209</ele></trkpt>
   <trkpt lat="51.278305" lon="-2.738793"><ele>208.5</ele></trkpt>
   <trkpt lat="51.278245" lon="-2.73874"><ele>208.75</ele></trkpt>
   <trkpt lat="51.278177" lon="-2.738634"><ele>208.5</ele></trkpt>
   <trkpt lat="51.278125" lon="-2.738526"><ele>208</ele></trkpt>
   <trkpt lat="51.278072" lon="-2.738382"><ele>207.25</ele></trkpt>
   <trkpt lat="51.277934" lon="-2.737801"><ele>209.25</ele></trkpt>
   <trkpt lat="51.27787" lon="-2.737364"><ele>210.75</ele></trkpt>
   <trkpt lat="51.277854" lon="-2.737168"><ele>211.25</ele></trkpt>
   <trkpt lat="51.277848" lon="-2.736933"><ele>211.75</ele></trkpt>
   <trkpt lat="51.277854" lon="-2.736709"><ele>212.25</ele></trkpt>
   <trkpt lat="51.27789" lon="-2.736289"><ele>213</ele></trkpt>
   <trkpt lat="51.277972" lon="-2.735892"><ele>213</ele></trkpt>
   <trkpt lat="51.278045" lon="-2.735629"><ele>212.75</ele></trkpt>
   <trkpt lat="51.278101" lon="-2.735457"><ele>212.5</ele></trkpt>
   <trkpt lat="51.278187" lon="-2.735254"><ele>211.75</ele></trkpt>
   <trkpt lat="51.278355" lon="-2.734931"><ele>210.25</ele></trkpt>
   <trkpt lat="51.278507" lon="-2.734686"><ele>212</ele></trkpt>
   <trkpt lat="51.278821" lon="-2.7342"><ele>213.75</ele></trkpt>
   <trkpt lat="51.279392" lon="-2.733424"><ele>215.25</ele></trkpt>
   <trkpt lat="51.279474" lon="-2.733274"><ele>215.75</ele></trkpt>
   <trkpt lat="51.27954" lon="-2.733105"><ele>216.5</ele></trkpt>
   <trkpt lat="51.279566" lon="-2.732985"><ele>216.75</ele></trkpt>
   <trkpt lat="51.279586" lon="-2.732853"><ele>216.75</ele></trkpt>
   <trkpt lat="51.279593" lon="-2.732706"><ele>216.75</ele></trkpt>
   <trkpt lat="51.279584" lon="-2.732581"><ele>216.5</ele></trkpt>
   <trkpt lat="51.27956" lon="-2.73245"><ele>216</ele></trkpt>
   <trkpt lat="51.279528" lon="-2.732343"><ele>215.5</ele></trkpt>
   <trkpt lat="51.279488" lon="-2.732259"><ele>215</ele></trkpt>
   <trkpt lat="51.279373" lon="-2.73211"><ele>213.5</ele></trkpt>
   <trkpt lat="51.279303" lon="-2.732059"><ele>212.75</ele></trkpt>
   <trkpt lat="51.279212" lon="-2.732015"><ele>211.75</ele></trkpt>
   <trkpt lat="51.279041" lon="-2.731958"><ele>211.5</ele></trkpt>
   <trkpt lat="51.278015" lon="-2.731695"><ele>212</ele></trkpt>
   <trkpt lat="51.277817" lon="-2.731627"><ele>212</ele></trkpt>
   <trkpt lat="51.277738" lon="-2.731588"><ele>212</ele></trkpt>
   <trkpt lat="51.27766" lon="-2.731542"><ele>212</ele></trkpt>
   <trkpt lat="51.277548" lon="-2.731454"><ele>212.25</ele></trkpt>
   <trkpt lat="51.277371" lon="-2.731274"><ele>213.25</ele></trkpt>
   <trkpt lat="51.277302" lon="-2.731189"><ele>213.75</ele></trkpt>
   <trkpt lat="51.277248" lon="-2.731086"><ele>214.25</ele></trkpt>
   <trkpt lat="51.277183" lon="-2.730916"><ele>214.5</ele></trkpt>
   <trkpt lat="51.277156" lon="-2.730797"><ele>214.5</ele></trkpt>
   <trkpt lat="51.277138" lon="-2.730679"><ele>214.5</ele></trkpt>
   <trkpt lat="51.277121" lon="-2.730513"><ele>214.5</ele></trkpt>
   <trkpt lat="51.276952" lon="-2.726933"><ele>213</ele></trkpt>
   <trkpt lat="51.276889" lon="-2.725426"><ele>214.75</ele></trkpt>
   <trkpt lat="51.276852" lon="-2.725149"><ele>215</ele></trkpt>
   <trkpt lat="51.276793" lon="-2.724903"><ele>215</ele></trkpt>
   <trkpt lat="51.276496" lon="-2.723843"><ele>215.5</ele></trkpt>
   <trkpt lat="51.275615" lon="-2.720761"><ele>224.5</ele></trkpt>
   <trkpt lat="51.275539" lon="-2.720544"><ele>225.5</ele></trkpt>
   <trkpt lat="51.27517" lon="-2.719598"><ele>225.75</ele></trkpt>
   <trkpt lat="51.274658" lon="-2.718197"><ele>228.75</ele></trkpt>
   <trkpt lat="51.274158" lon="-2.716885"><ele>228.5</ele></trkpt>
   <trkpt lat="51.27356" lon="-2.715086"><ele>233.5</ele></trkpt>
   <trkpt lat="51.273379" lon="-2.714603"><ele>233.25</ele></trkpt>
   <trkpt lat="51.273243" lon="-2.714312"><ele>234.25</ele></trkpt>
   <trkpt lat="51.273148" lon="-2.71414"><ele>235</ele></trkpt>
   <trkpt lat="51.272427" lon="-2.713176"><ele>234.25</ele></trkpt>
   <trkpt lat="51.271636" lon="-2.712338"><ele>233.25</ele></trkpt>
   <trkpt lat="51.271485" lon="-2.712165"><ele>232.75</ele></trkpt>
   <trkpt lat="51.271239" lon="-2.711846"><ele>231.5</ele></trkpt>
   <trkpt lat="51.270968" lon="-2.711432"><ele>231.5</ele></trkpt>
   <trkpt lat="51.27032" lon="-2.710406"><ele>234.75</ele></trkpt>
   <trkpt lat="51.270016" lon="-2.709836"><ele>232.25</ele></trkpt>
   <trkpt lat="51.269701" lon="-2.709173"><ele>235.25</ele></trkpt>
   <trkpt lat="51.269479" lon="-2.708629"><ele>234.75</ele></trkpt>
   <trkpt lat="51.268802" lon="-2.706904"><ele>234</ele></trkpt>
   <trkpt lat="51.268692" lon="-2.706654"><ele>233.25</ele></trkpt>
   <trkpt lat="51.268583" lon="-2.706443"><ele>233.5</ele></trkpt>
   <trkpt lat="51.26848" lon="-2.706265"><ele>233.25</ele></trkpt>
   <trkpt lat="51.268366" lon="-2.706096"><ele>233</ele></trkpt>
   <trkpt lat="51.268144" lon="-2.70582"><ele>233.75</ele></trkpt>
   <trkpt lat="51.267966" lon="-2.705622"><ele>234.25</ele></trkpt>
   <trkpt lat="51.267948" lon="-2.705602"><ele>234.25</ele></trkpt>
   <trkpt lat="51.267766" lon="-2.705399"><ele>234.25</ele></trkpt>
   <trkpt lat="51.26736" lon="-2.705019"><ele>233.5</ele></trkpt>
   <trkpt lat="51.266818" lon="-2.70456"><ele>235.75</ele></trkpt>
   <trkpt lat="51.266374" lon="-2.704241"><ele>238.25</ele></trkpt>
   <trkpt lat="51.265609" lon="-2.703839"><ele>239.5</ele></trkpt>
   <trkpt lat="51.265283" lon="-2.703641"><ele>238</ele></trkpt>
   <trkpt lat="51.265018" lon="-2.703421"><ele>236.25</ele></trkpt>
   <trkpt lat="51.264716" lon="-2.703042"><ele>237.5</ele></trkpt>
   <trkpt lat="51.264632" lon="-2.702899"><ele>237.75</ele></trkpt>
   <trkpt lat="51.264318" lon="-2.702233"><ele>237.25</ele></trkpt>
   <trkpt lat="51.264024" lon="-2.701522"><ele>235.75</ele></trkpt>
   <trkpt lat="51.263778" lon="-2.700752"><ele>236.75</ele></trkpt>
   <trkpt lat="51.263523" lon="-2.699707"><ele>236.5</ele></trkpt>
   <trkpt lat="51.263438" lon="-2.699216"><ele>236.25</ele></trkpt>
   <trkpt lat="51.26341" lon="-2.699008"><ele>236.5</ele></trkpt>
   <trkpt lat="51.2634" lon="-2.69881"><ele>236.75</ele></trkpt>
   <trkpt lat="51.263416" lon="-2.698551"><ele>237</ele></trkpt>
   <trkpt lat="51.26351" lon="-2.697856"><ele>239.5</ele></trkpt>
   <trkpt lat="51.263878" lon="-2.695291"><ele>248</ele></trkpt>
   <trkpt lat="51.264132" lon="-2.693471"><ele>251.5</ele></trkpt>
   <trkpt lat="51.26418" lon="-2.693202"><ele>252</ele></trkpt>
   <trkpt lat="51.264236" lon="-2.692918"><ele>252.25</ele></trkpt>
   <trkpt lat="51.26434" lon="-2.692521"><ele>253.25</ele></trkpt>
   <trkpt lat="51.264405" lon="-2.692332"><ele>254.25</ele></trkpt>
   <trkpt lat="51.264466" lon="-2.692179"><ele>255</ele></trkpt>
   <trkpt lat="51.264686" lon="-2.691805"><ele>257.5</ele></trkpt>
   <trkpt lat="51.264866" lon="-2.691514"><ele>259.5</ele></trkpt>
   <trkpt lat="51.266602" lon="-2.688989"><ele>268.25</ele></trkpt>
   <trkpt lat="51.266659" lon="-2.688906"><ele>268.75</ele></trkpt>
   <trkpt lat="51.26696" lon="-2.688389"><ele>271</ele></trkpt>
   <trkpt lat="51.267486" lon="-2.687193"><ele>274.5</ele></trkpt>
   <trkpt lat="51.267833" lon="-2.686429"><ele>276</ele></trkpt>
   <trkpt lat="51.267989" lon="-2.685963"><ele>276.25</ele></trkpt>
   <trkpt lat="51.268052" lon="-2.685723"><ele>276.75</ele></trkpt>
   <trkpt lat="51.268097" lon="-2.685515"><ele>277</ele></trkpt>
   <trkpt lat="51.268157" lon="-2.685159"><ele>277.5</ele></trkpt>
   <trkpt lat="51.26822" lon="-2.684567"><ele>277.25</ele></trkpt>
   <trkpt lat="51.268228" lon="-2.684489"><ele>277.25</ele></trkpt>
   <trkpt lat="51.26824" lon="-2.684151"><ele>276.75</ele></trkpt>
   <trkpt lat="51.26824" lon="-2.683817"><ele>276.25</ele></trkpt>
   <trkpt lat="51.26821" lon="-2.683375"><ele>275.75</ele></trkpt>
   <trkpt lat="51.268127" lon="-2.682638"><ele>275</ele></trkpt>
   <trkpt lat="51.268116" lon="-2.682455"><ele>274.75</ele></trkpt>
   <trkpt lat="51.268115" lon="-2.682232"><ele>274.5</ele></trkpt>
   <trkpt lat="51.26813" lon="-2.682019"><ele>274</ele></trkpt>
   <trkpt lat="51.268151" lon="-2.681851"><ele>273.75</ele></trkpt>
   <trkpt lat="51.268208" lon="-2.681605"><ele>273.25</ele></trkpt>
   <trkpt lat="51.268262" lon="-2.681449"><ele>273</ele></trkpt>
   <trkpt lat="51.268328" lon="-2.681288"><ele>273</ele></trkpt>
   <trkpt lat="51.268757" lon="-2.680431"><ele>270.5</ele></trkpt>
   <trkpt lat="51.269422" lon="-2.678815"><ele>266.75</ele></trkpt>
   <trkpt lat="51.269544" lon="-2.67855"><ele>266.25</ele></trkpt>
   <trkpt lat="51.269666" lon="-2.678322"><ele>265.75</ele></trkpt>
   <trkpt lat="51.270104" lon="-2.677561"><ele>265</ele></trkpt>
   <trkpt lat="51.270169" lon="-2.677423"><ele>265.25</ele></trkpt>
   <trkpt lat="51.27024" lon="-2.677235"><ele>265.5</ele></trkpt>
   <trkpt lat="51.270307" lon="-2.677005"><ele>265.5</ele></trkpt>
   <trkpt lat="51.270342" lon="-2.676819"><ele>265.75</ele></trkpt>
   <trkpt lat="51.270369" lon="-2.676628"><ele>265.75</ele></trkpt>
   <trkpt lat="51.270387" lon="-2.676377"><ele>265.75</ele></trkpt>
   <trkpt lat="51.270384" lon="-2.676109"><ele>265.75</ele></trkpt>
   <trkpt lat="51.270357" lon="-2.675605"><ele>265.5</ele></trkpt>
   <trkpt lat="51.270307" lon="-2.674908"><ele>265.25</ele></trkpt>
   <trkpt lat="51.270263" lon="-2.674287"><ele>265.5</ele></trkpt>
   <trkpt lat="51.27022" lon="-2.673676"><ele>266.25</ele></trkpt>
   <trkpt lat="51.270194" lon="-2.673286"><ele>266.5</ele></trkpt>
   <trkpt lat="51.270147" lon="-2.672609"><ele>266.5</ele></trkpt>
   <trkpt lat="51.270119" lon="-2.672373"><ele>266.5</ele></trkpt>
   <trkpt lat="51.270078" lon="-2.672118"><ele>266.5</ele></trkpt>
   <trkpt lat="51.270045" lon="-2.671954"><ele>266.75</ele></trkpt>
   <trkpt lat="51.269956" lon="-2.67166"><ele>267</ele></trkpt>
   <trkpt lat="51.269684" lon="-2.67102"><ele>269</ele></trkpt>
   <trkpt lat="51.269616" lon="-2.670792"><ele>269.75</ele></trkpt>
   <trkpt lat="51.269564" lon="-2.670438"><ele>270.75</ele></trkpt>
   <trkpt lat="51.269524" lon="-2.669988"><ele>271.75</ele></trkpt>
   <trkpt lat="51.26943" lon="-2.668566"><ele>273</ele></trkpt>
   <trkpt lat="51.269192" lon="-2.66586"><ele>276.75</ele></trkpt>
   <trkpt lat="51.269089" lon="-2.664685"><ele>279</ele></trkpt>
   <trkpt lat="51.268839" lon="-2.661839"><ele>282.75</ele></trkpt>
   <trkpt lat="51.268745" lon="-2.661184"><ele>283</ele></trkpt>
   <trkpt lat="51.268681" lon="-2.660739"><ele>283</ele></trkpt>
   <trkpt lat="51.268635" lon="-2.660405"><ele>283</ele></trkpt>
   <trkpt lat="51.268602" lon="-2.660037"><ele>282.75</ele></trkpt>
   <trkpt lat="51.268314" lon="-2.652992"><ele>266.25</ele></trkpt>
   <trkpt lat="51.268336" lon="-2.653002"><ele>267.25</ele></trkpt>
   <trkpt lat="51.270692" lon="-2.65396"><ele>267.25</ele></trkpt>
   <trkpt lat="51.272055" lon="-2.654374"><ele>266</ele></trkpt>
   <trkpt lat="51.273672" lon="-2.654826"><ele>267.25</ele></trkpt>
   <trkpt lat="51.275473" lon="-2.655347"><ele>270.75</ele></trkpt>
   <trkpt lat="51.275813" lon="-2.655449"><ele>271.25</ele></trkpt>
   <trkpt lat="51.27596" lon="-2.655533"><ele>271.5</ele></trkpt>
   <trkpt lat="51.276017" lon="-2.655582"><ele>271.5</ele></trkpt>
   <trkpt lat="51.276095" lon="-2.655662"><ele>271.75</ele></trkpt>
   <trkpt lat="51.276113" lon="-2.655618"><ele>271.75</ele></trkpt>
   <trkpt lat="51.276145" lon="-2.655599"><ele>272</ele></trkpt>
   <trkpt lat="51.276229" lon="-2.655577"><ele>272.25</ele></trkpt>
   <trkpt lat="51.276334" lon="-2.655582"><ele>272.5</ele></trkpt>
   <trkpt lat="51.278007" lon="-2.656086"><ele>276.5</ele></trkpt>
   <trkpt lat="51.279828" lon="-2.656613"><ele>279.5</ele></trkpt>
   <trkpt lat="51.282878" lon="-2.657504"><ele>271.5</ele></trkpt>
   <trkpt lat="51.283826" lon="-2.657903"><ele>266.5</ele></trkpt>
   <trkpt lat="51.284533" lon="-2.658216"><ele>264.5</ele></trkpt>
   <trkpt lat="51.286107" lon="-2.658761"><ele>260.75</ele></trkpt>
   <trkpt lat="51.286697" lon="-2.658915"><ele>259.5</ele></trkpt>
   <trkpt lat="51.287528" lon="-2.659132"><ele>257.75</ele></trkpt>
   <trkpt lat="51.288393" lon="-2.659358"><ele>256.25</ele></trkpt>
   <trkpt lat="51.290316" lon="-2.658753"><ele>253.25</ele></trkpt>
   <trkpt lat="51.290806" lon="-2.658598"><ele>252.25</ele></trkpt>
   <trkpt lat="51.291106" lon="-2.658452"><ele>251.25</ele></trkpt>
   <trkpt lat="51.29152" lon="-2.658116"><ele>250</ele></trkpt>
   <trkpt lat="51.291569" lon="-2.658072"><ele>249.75</ele></trkpt>
   <trkpt lat="51.292152" lon="-2.657556"><ele>251.25</ele></trkpt>
   <trkpt lat="51.292336" lon="-2.65738"><ele>252</ele></trkpt>
   <trkpt lat="51.293246" lon="-2.656391"><ele>257.5</ele></trkpt>
   <trkpt lat="51.29334" lon="-2.656287"><ele>258</ele></trkpt>
   <trkpt lat="51.29382" lon="-2.655934"><ele>261.25</ele></trkpt>
   <trkpt lat="51.293865" lon="-2.655892"><ele>261.5</ele></trkpt>
   <trkpt lat="51.29441" lon="-2.655718"><ele>263.75</ele></trkpt>
   <trkpt lat="51.298495" lon="-2.654645"><ele>245</ele></trkpt>
   <trkpt lat="51.299083" lon="-2.65449"><ele>241.75</ele></trkpt>
   <trkpt lat="51.299594" lon="-2.65433"><ele>238.5</ele></trkpt>
   <trkpt lat="51.300022" lon="-2.654112"><ele>235.75</ele></trkpt>
   <trkpt lat="51.300365" lon="-2.653828"><ele>233.25</ele></trkpt>
   <trkpt lat="51.300605" lon="-2.653629"><ele>231.5</ele></trkpt>
   <trkpt lat="51.300893" lon="-2.653278"><ele>228.75</ele></trkpt>
   <trkpt lat="51.301029" lon="-2.653086"><ele>228.5</ele></trkpt>
   <trkpt lat="51.301852" lon="-2.651617"><ele>219.25</ele></trkpt>
   <trkpt lat="51.302231" lon="-2.650824"><ele>214.75</ele></trkpt>
   <trkpt lat="51.302679" lon="-2.650261"><ele>207.5</ele></trkpt>
   <trkpt lat="51.303577" lon="-2.649434"><ele>195.25</ele></trkpt>
   <trkpt lat="51.303864" lon="-2.648975"><ele>188.25</ele></trkpt>
   <trkpt lat="51.304106" lon="-2.64821"><ele>177.5</ele></trkpt>
   <trkpt lat="51.304178" lon="-2.648066"><ele>175.75</ele></trkpt>
   <trkpt lat="51.304249" lon="-2.647952"><ele>174.75</ele></trkpt>
   <trkpt lat="51.30434" lon="-2.647854"><ele>173.5</ele></trkpt>
   <trkpt lat="51.304359" lon="-2.64785"><ele>173.25</ele></trkpt>
   <trkpt lat="51.30445" lon="-2.647831"><ele>172.25</ele></trkpt>
   <trkpt lat="51.304634" lon="-2.647849"><ele>170.5</ele></trkpt>
   <trkpt lat="51.30478" lon="-2.647836"><ele>169</ele></trkpt>
   <trkpt lat="51.304872" lon="-2.647807"><ele>168</ele></trkpt>
   <trkpt lat="51.304951" lon="-2.647752"><ele>167</ele></trkpt>
   <trkpt lat="51.30502" lon="-2.64765"><ele>165.5</ele></trkpt>
   <trkpt lat="51.3052" lon="-2.647238"><ele>160.75</ele></trkpt>
   <trkpt lat="51.305319" lon="-2.647095"><ele>158.25</ele></trkpt>
   <trkpt lat="51.305436" lon="-2.646975"><ele>156</ele></trkpt>
   <trkpt lat="51.305498" lon="-2.646914"><ele>154.75</ele></trkpt>
   <trkpt lat="51.305603" lon="-2.646624"><ele>151.5</ele></trkpt>
   <trkpt lat="51.305669" lon="-2.646501"><ele>150</ele></trkpt>
   <trkpt lat="51.30574" lon="-2.6464"><ele>148.75</ele></trkpt>
   <trkpt lat="51.305934" lon="-2.646271"><ele>145.75</ele></trkpt>
   <trkpt lat="51.307266" lon="-2.645295"><ele>127</ele></trkpt>
   <trkpt lat="51.307952" lon="-2.644768"><ele>120.25</ele></trkpt>
   <trkpt lat="51.308405" lon="-2.644357"><ele>116.25</ele></trkpt>
   <trkpt lat="51.308526" lon="-2.644214"><ele>115.25</ele></trkpt>
   <trkpt lat="51.308623" lon="-2.644039"><ele>114.5</ele></trkpt>
   <trkpt lat="51.308708" lon="-2.643796"><ele>113.25</ele></trkpt>
   <trkpt lat="51.308765" lon="-2.6436"><ele>112.25</ele></trkpt>
   <trkpt lat="51.308794" lon="-2.643561"><ele>112</ele></trkpt>
   <trkpt lat="51.308741" lon="-2.643299"><ele>111.25</ele></trkpt>
   <trkpt lat="51.308771" lon="-2.643271"><ele>111</ele></trkpt>
   <trkpt lat="51.308795" lon="-2.643231"><ele>110.75</ele></trkpt>
   <trkpt lat="51.308826" lon="-2.643074"><ele>110</ele></trkpt>
   <trkpt lat="51.308905" lon="-2.642712"><ele>108.25</ele></trkpt>
   <trkpt lat="51.309022" lon="-2.64236"><ele>106</ele></trkpt>
   <trkpt lat="51.309176" lon="-2.641923"><ele>103</ele></trkpt>
   <trkpt lat="51.309282" lon="-2.641675"><ele>101</ele></trkpt>
   <trkpt lat="51.309335" lon="-2.64157"><ele>100.25</ele></trkpt>
   <trkpt lat="51.30942" lon="-2.641488"><ele>99.5</ele></trkpt>
   <trkpt lat="51.310842" lon="-2.640561"><ele>90.5</ele></trkpt>
   <trkpt lat="51.311257" lon="-2.640121"><ele>88.75</ele></trkpt>
   <trkpt lat="51.312782" lon="-2.638849"><ele>85.75</ele></trkpt>
   <trkpt lat="51.313272" lon="-2.638639"><ele>85</ele></trkpt>
   <trkpt lat="51.314133" lon="-2.638395"><ele>83.75</ele></trkpt>
   <trkpt lat="51.315081" lon="-2.638033"><ele>83</ele></trkpt>
   <trkpt lat="51.31532" lon="-2.637911"><ele>82.5</ele></trkpt>
   <trkpt lat="51.315361" lon="-2.63789"><ele>82.5</ele></trkpt>
   <trkpt lat="51.315471" lon="-2.63781"><ele>82.25</ele></trkpt>
   <trkpt lat="51.315567" lon="-2.63774"><ele>82.25</ele></trkpt>
   <trkpt lat="51.315753" lon="-2.637571"><ele>82</ele></trkpt>
   <trkpt lat="51.315815" lon="-2.63753"><ele>82</ele></trkpt>
   <trkpt lat="51.316373" lon="-2.63716"><ele>82</ele></trkpt>
   <trkpt lat="51.316497" lon="-2.637091"><ele>82</ele></trkpt>
   <trkpt lat="51.31655" lon="-2.637076"><ele>82</ele></trkpt>
   <trkpt lat="51.316613" lon="-2.637067"><ele>82</ele></trkpt>
   <trkpt lat="51.316739" lon="-2.637105"><ele>81.5</ele></trkpt>
   <trkpt lat="51.317537" lon="-2.637558"><ele>76.75</ele></trkpt>
   <trkpt lat="51.317838" lon="-2.637723"><ele>75.75</ele></trkpt>
   <trkpt lat="51.318449" lon="-2.638057"><ele>73.75</ele></trkpt>
   <trkpt lat="51.319433" lon="-2.638631"><ele>69.75</ele></trkpt>
   <trkpt lat="51.320081" lon="-2.639031"><ele>68</ele></trkpt>
   <trkpt lat="51.320238" lon="-2.639103"><ele>67.5</ele></trkpt>
   <trkpt lat="51.320319" lon="-2.639134"><ele>67.5</ele></trkpt>
   <trkpt lat="51.320616" lon="-2.639174"><ele>67.25</ele></trkpt>
   <trkpt lat="51.320742" lon="-2.639162"><ele>67</ele></trkpt>
   <trkpt lat="51.320917" lon="-2.639145"><ele>66.75</ele></trkpt>
   <trkpt lat="51.321211" lon="-2.639097"><ele>66.25</ele></trkpt>
   <trkpt lat="51.321356" lon="-2.639094"><ele>66</ele></trkpt>
   <trkpt lat="51.321496" lon="-2.639131"><ele>66</ele></trkpt>
   <trkpt lat="51.321674" lon="-2.639259"><ele>66</ele></trkpt>
   <trkpt lat="51.321835" lon="-2.63945"><ele>66</ele></trkpt>
   <trkpt lat="51.322289" lon="-2.640107"><ele>66.25</ele></trkpt>
   <trkpt lat="51.322447" lon="-2.640298"><ele>66.25</ele></trkpt>
   <trkpt lat="51.322632" lon="-2.640461"><ele>66.5</ele></trkpt>
   <trkpt lat="51.322819" lon="-2.640568"><ele>66.5</ele></trkpt>
   <trkpt lat="51.322926" lon="-2.640611"><ele>66.5</ele></trkpt>
   <trkpt lat="51.323035" lon="-2.64064"><ele>66.75</ele></trkpt>
   <trkpt lat="51.323147" lon="-2.640652"><ele>66.75</ele></trkpt>
   <trkpt lat="51.32359" lon="-2.640636"><ele>65.75</ele></trkpt>
   <trkpt lat="51.323704" lon="-2.640632"><ele>65.25</ele></trkpt>
   <trkpt lat="51.324022" lon="-2.640611"><ele>64.25</ele></trkpt>
   <trkpt lat="51.324348" lon="-2.640608"><ele>63.5</ele></trkpt>
   <trkpt lat="51.325326" lon="-2.640622"><ele>61.5</ele></trkpt>
   <trkpt lat="51.325811" lon="-2.640649"><ele>59.75</ele></trkpt>
   <trkpt lat="51.326139" lon="-2.640687"><ele>59.25</ele></trkpt>
   <trkpt lat="51.326301" lon="-2.640721"><ele>59.25</ele></trkpt>
   <trkpt lat="51.32666" lon="-2.640805"><ele>58.75</ele></trkpt>
   <trkpt lat="51.326975" lon="-2.640909"><ele>59</ele></trkpt>
   <trkpt lat="51.327688" lon="-2.641151"><ele>58.25</ele></trkpt>
   <trkpt lat="51.328113" lon="-2.641298"><ele>57.25</ele></trkpt>
   <trkpt lat="51.328478" lon="-2.641414"><ele>56.75</ele></trkpt>
   <trkpt lat="51.328664" lon="-2.641463"><ele>56.75</ele></trkpt>
   <trkpt lat="51.328849" lon="-2.641499"><ele>56.75</ele></trkpt>
   <trkpt lat="51.329211" lon="-2.641546"><ele>56.5</ele></trkpt>
   <trkpt lat="51.329515" lon="-2.641552"><ele>55</ele></trkpt>
   <trkpt lat="51.329803" lon="-2.641524"><ele>53.75</ele></trkpt>
   <trkpt lat="51.330102" lon="-2.641472"><ele>53</ele></trkpt>
   <trkpt lat="51.330402" lon="-2.641389"><ele>53</ele></trkpt>
   <trkpt lat="51.332148" lon="-2.640994"><ele>56.75</ele></trkpt>
   <trkpt lat="51.332125" lon="-2.640953"><ele>56.5</ele></trkpt>
   <trkpt lat="51.332148" lon="-2.640994"><ele>56.75</ele></trkpt>
   <trkpt lat="51.334988" lon="-2.640351"><ele>63.75</ele></trkpt>
   <trkpt lat="51.338049" lon="-2.639639"><ele>60.25</ele></trkpt>
   <trkpt lat="51.338486" lon="-2.639489"><ele>60</ele></trkpt>
   <trkpt lat="51.338764" lon="-2.639362"><ele>60</ele></trkpt>
   <trkpt lat="51.339099" lon="-2.639183"><ele>60</ele></trkpt>
   <trkpt lat="51.33958" lon="-2.638897"><ele>61</ele></trkpt>
   <trkpt lat="51.340272" lon="-2.638393"><ele>60</ele></trkpt>
   <trkpt lat="51.340792" lon="-2.637908"><ele>59.75</ele></trkpt>
   <trkpt lat="51.341122" lon="-2.637542"><ele>60</ele></trkpt>
   <trkpt lat="51.341687" lon="-2.636837"><ele>58.75</ele></trkpt>
   <trkpt lat="51.342047" lon="-2.636307"><ele>58.25</ele></trkpt>
   <trkpt lat="51.342964" lon="-2.634819"><ele>60.5</ele></trkpt>
   <trkpt lat="51.34321" lon="-2.634498"><ele>60.75</ele></trkpt>
   <trkpt lat="51.343408" lon="-2.634296"><ele>61</ele></trkpt>
   <trkpt lat="51.343693" lon="-2.634077"><ele>61.75</ele></trkpt>
   <trkpt lat="51.343934" lon="-2.633955"><ele>62.25</ele></trkpt>
   <trkpt lat="51.3446" lon="-2.633766"><ele>64.25</ele></trkpt>
   <trkpt lat="51.344916" lon="-2.633707"><ele>65</ele></trkpt>
   <trkpt lat="51.345148" lon="-2.633698"><ele>65.75</ele></trkpt>
   <trkpt lat="51.34541" lon="-2.633722"><ele>66.75</ele></trkpt>
   <trkpt lat="51.345651" lon="-2.633762"><ele>67.75</ele></trkpt>
   <trkpt lat="51.346468" lon="-2.63387"><ele>72</ele></trkpt>
   <trkpt lat="51.346817" lon="-2.63391"><ele>74</ele></trkpt>
   <trkpt lat="51.347037" lon="-2.633935"><ele>75.25</ele></trkpt>
   <trkpt lat="51.347631" lon="-2.634037"><ele>78.25</ele></trkpt>
   <trkpt lat="51.347868" lon="-2.634124"><ele>78.5</ele></trkpt>
   <trkpt lat="51.34821" lon="-2.634225"><ele>78.75</ele></trkpt>
   <trkpt lat="51.348667" lon="-2.634356"><ele>77.5</ele></trkpt>
   <trkpt lat="51.348732" lon="-2.634362"><ele>77.25</ele></trkpt>
   <trkpt lat="51.348914" lon="-2.634337"><ele>76.75</ele></trkpt>
   <trkpt lat="51.349139" lon="-2.634275"><ele>76</ele></trkpt>
   <trkpt lat="51.349319" lon="-2.63421"><ele>75</ele></trkpt>
   <trkpt lat="51.349404" lon="-2.634171"><ele>74.5</ele></trkpt>
   <trkpt lat="51.350012" lon="-2.633897"><ele>71.5</ele></trkpt>
   <trkpt lat="51.350318" lon="-2.633763"><ele>69.25</ele></trkpt>
   <trkpt lat="51.350571" lon="-2.633685"><ele>67.25</ele></trkpt>
   <trkpt lat="51.350656" lon="-2.633687"><ele>66.5</ele></trkpt>
   <trkpt lat="51.350739" lon="-2.63371"><ele>65.75</ele></trkpt>
   <trkpt lat="51.350821" lon="-2.633747"><ele>65</ele></trkpt>
   <trkpt lat="51.351007" lon="-2.633856"><ele>63.5</ele></trkpt>
   <trkpt lat="51.351341" lon="-2.634075"><ele>61</ele></trkpt>
   <trkpt lat="51.35167" lon="-2.634315"><ele>58.75</ele></trkpt>
   <trkpt lat="51.351748" lon="-2.634356"><ele>58.5</ele></trkpt>
   <trkpt lat="51.351824" lon="-2.634382"><ele>58.25</ele></trkpt>
   <trkpt lat="51.351863" lon="-2.634383"><ele>58</ele></trkpt>
   <trkpt lat="51.351925" lon="-2.63436"><ele>57.75</ele></trkpt>
   <trkpt lat="51.352005" lon="-2.634305"><ele>57.25</ele></trkpt>
   <trkpt lat="51.352046" lon="-2.634253"><ele>57</ele></trkpt>
   <trkpt lat="51.352306" lon="-2.633839"><ele>55.5</ele></trkpt>
   <trkpt lat="51.352492" lon="-2.633558"><ele>54.25</ele></trkpt>
   <trkpt lat="51.352406" lon="-2.633466"><ele>54.5</ele></trkpt>
   <trkpt lat="51.352273" lon="-2.633386"><ele>55.25</ele></trkpt>
   <trkpt lat="51.352102" lon="-2.633301"><ele>56.25</ele></trkpt>
   <trkpt lat="51.352" lon="-2.633212"><ele>57</ele></trkpt>
   <trkpt lat="51.351897" lon="-2.633084"><ele>57.5</ele></trkpt>
   <trkpt lat="51.351838" lon="-2.632916"><ele>57.75</ele></trkpt>
   <trkpt lat="51.351796" lon="-2.632691"><ele>58</ele></trkpt>
   <trkpt lat="51.351782" lon="-2.632533"><ele>58.25</ele></trkpt>
   <trkpt lat="51.351776" lon="-2.632349"><ele>58</ele></trkpt>
   <trkpt lat="51.3518" lon="-2.631533"><ele>57.25</ele></trkpt>
   <trkpt lat="51.351801" lon="-2.631281"><ele>57.25</ele></trkpt>
   <trkpt lat="51.351792" lon="-2.631018"><ele>57.25</ele></trkpt>
   <trkpt lat="51.351782" lon="-2.630737"><ele>57.25</ele></trkpt>
   <trkpt lat="51.351732" lon="-2.63019"><ele>57.5</ele></trkpt>
   <trkpt lat="51.351705" lon="-2.629773"><ele>57.75</ele></trkpt>
   <trkpt lat="51.351699" lon="-2.629648"><ele>57.75</ele></trkpt>
   <trkpt lat="51.351684" lon="-2.629348"><ele>57.75</ele></trkpt>
   <trkpt lat="51.351691" lon="-2.629211"><ele>57.75</ele></trkpt>
   <trkpt lat="51.351728" lon="-2.628539"><ele>58.25</ele></trkpt>
   <trkpt lat="51.351777" lon="-2.627492"><ele>58</ele></trkpt>
   <trkpt lat="51.351792" lon="-2.627287"><ele>58</ele></trkpt>
   <trkpt lat="51.351808" lon="-2.627149"><ele>58</ele></trkpt>
   <trkpt lat="51.351838" lon="-2.626936"><ele>57.75</ele></trkpt>
   <trkpt lat="51.351959" lon="-2.626086"><ele>58.25</ele></trkpt>
   <trkpt lat="51.352097" lon="-2.625195"><ele>59.75</ele></trkpt>
   <trkpt lat="51.352115" lon="-2.624828"><ele>60</ele></trkpt>
   <trkpt lat="51.35211" lon="-2.624506"><ele>60</ele></trkpt>
   <trkpt lat="51.352078" lon="-2.624191"><ele>60</ele></trkpt>
   <trkpt lat="51.35203" lon="-2.623937"><ele>60</ele></trkpt>
   <trkpt lat="51.351972" lon="-2.623686"><ele>60</ele></trkpt>
   <trkpt lat="51.351838" lon="-2.623297"><ele>60.5</ele></trkpt>
   <trkpt lat="51.351668" lon="-2.622911"><ele>61.25</ele></trkpt>
   <trkpt lat="51.35149" lon="-2.622509"><ele>61.75</ele></trkpt>
   <trkpt lat="51.351383" lon="-2.622224"><ele>61.75</ele></trkpt>
   <trkpt lat="51.35129" lon="-2.621888"><ele>61.25</ele></trkpt>
   <trkpt lat="51.351229" lon="-2.62149"><ele>60.5</ele></trkpt>
   <trkpt lat="51.35121" lon="-2.621196"><ele>59.75</ele></trkpt>
   <trkpt lat="51.351215" lon="-2.620939"><ele>59.25</ele></trkpt>
   <trkpt lat="51.351223" lon="-2.620308"><ele>57.5</ele></trkpt>
   <trkpt lat="51.351225" lon="-2.62003"><ele>56.5</ele></trkpt>
   <trkpt lat="51.351232" lon="-2.618798"><ele>52.75</ele></trkpt>
   <trkpt lat="51.351249" lon="-2.614864"><ele>59.25</ele></trkpt>
   <trkpt lat="51.351246" lon="-2.614631"><ele>60.25</ele></trkpt>
   <trkpt lat="51.351223" lon="-2.614403"><ele>61</ele></trkpt>
   <trkpt lat="51.351188" lon="-2.614216"><ele>61.75</ele></trkpt>
   <trkpt lat="51.351126" lon="-2.61397"><ele>63</ele></trkpt>
   <trkpt lat="51.351003" lon="-2.613682"><ele>64.25</ele></trkpt>
   <trkpt lat="51.350878" lon="-2.613488"><ele>65.25</ele></trkpt>
   <trkpt lat="51.350667" lon="-2.613238"><ele>65</ele></trkpt>
   <trkpt lat="51.350429" lon="-2.612987"><ele>63.75</ele></trkpt>
   <trkpt lat="51.349914" lon="-2.612443"><ele>61.75</ele></trkpt>
   <trkpt lat="51.349682" lon="-2.612201"><ele>59.75</ele></trkpt>
   <trkpt lat="51.348986" lon="-2.61147"><ele>59.75</ele></trkpt>
   <trkpt lat="51.348846" lon="-2.611268"><ele>59</ele></trkpt>
   <trkpt lat="51.348756" lon="-2.6111"><ele>58.5</ele></trkpt>
   <trkpt lat="51.348656" lon="-2.610883"><ele>58.5</ele></trkpt>
   <trkpt lat="51.348588" lon="-2.61067"><ele>58.5</ele></trkpt>
   <trkpt lat="51.3485" lon="-2.610313"><ele>59.25</ele></trkpt>
   <trkpt lat="51.348149" lon="-2.608628"><ele>60.5</ele></trkpt>
   <trkpt lat="51.348032" lon="-2.608096"><ele>60.5</ele></trkpt>
   <trkpt lat="51.347933" lon="-2.6078"><ele>60</ele></trkpt>
   <trkpt lat="51.347829" lon="-2.607562"><ele>59.75</ele></trkpt>
   <trkpt lat="51.347737" lon="-2.607401"><ele>59.5</ele></trkpt>
   <trkpt lat="51.34765" lon="-2.607283"><ele>59.5</ele></trkpt>
   <trkpt lat="51.347498" lon="-2.607122"><ele>59.25</ele></trkpt>
   <trkpt lat="51.347298" lon="-2.606944"><ele>60</ele></trkpt>
   <trkpt lat="51.346604" lon="-2.606445"><ele>62.25</ele></trkpt>
   <trkpt lat="51.346219" lon="-2.606182"><ele>63.75</ele></trkpt>
   <trkpt lat="51.346097" lon="-2.606078"><ele>64.25</ele></trkpt>
   <trkpt lat="51.346031" lon="-2.606023"><ele>64.25</ele></trkpt>
   <trkpt lat="51.345714" lon="-2.605698"><ele>64</ele></trkpt>
   <trkpt lat="51.345363" lon="-2.605225"><ele>62.5</ele></trkpt>
   <trkpt lat="51.344781" lon="-2.604356"><ele>61.5</ele></trkpt>
   <trkpt lat="51.3426" lon="-2.600994"><ele>60.5</ele></trkpt>
   <trkpt lat="51.342436" lon="-2.600727"><ele>61</ele></trkpt>
   <trkpt lat="51.342149" lon="-2.60026"><ele>62</ele></trkpt>
   <trkpt lat="51.341892" lon="-2.599783"><ele>62.5</ele></trkpt>
   <trkpt lat="51.341792" lon="-2.599581"><ele>62.75</ele></trkpt>
   <trkpt lat="51.341738" lon="-2.59947"><ele>62.75</ele></trkpt>
   <trkpt lat="51.341631" lon="-2.599602"><ele>62.75</ele></trkpt>
   <trkpt lat="51.341527" lon="-2.599697"><ele>62.25</ele></trkpt>
   <trkpt lat="51.34147" lon="-2.599722"><ele>62</ele></trkpt>
   <trkpt lat="51.341415" lon="-2.599681"><ele>62</ele></trkpt>
   <trkpt lat="51.341367" lon="-2.599578"><ele>61.75</ele></trkpt>
   <trkpt lat="51.34133" lon="-2.599359"><ele>62</ele></trkpt>
   <trkpt lat="51.341175" lon="-2.598224"><ele>63</ele></trkpt>
   <trkpt lat="51.341125" lon="-2.597541"><ele>64</ele></trkpt>
   <trkpt lat="51.341101" lon="-2.597348"><ele>64.5</ele></trkpt>
   <trkpt lat="51.341064" lon="-2.597037"><ele>65.25</ele></trkpt>
   <trkpt lat="51.340964" lon="-2.596365"><ele>66.5</ele></trkpt>
   <trkpt lat="51.340905" lon="-2.596017"><ele>66.5</ele></trkpt>
   <trkpt lat="51.34087" lon="-2.595873"><ele>66.75</ele></trkpt>
   <trkpt lat="51.340824" lon="-2.595782"><ele>66.75</ele></trkpt>
   <trkpt lat="51.340759" lon="-2.595726"><ele>66.75</ele></trkpt>
   <trkpt lat="51.340662" lon="-2.595672"><ele>66.75</ele></trkpt>
   <trkpt lat="51.340187" lon="-2.595498"><ele>66</ele></trkpt>
   <trkpt lat="51.339852" lon="-2.595329"><ele>65.5</ele></trkpt>
   <trkpt lat="51.339346" lon="-2.595019"><ele>64.25</ele></trkpt>
   <trkpt lat="51.338978" lon="-2.594766"><ele>63.75</ele></trkpt>
   <trkpt lat="51.338641" lon="-2.594482"><ele>63.25</ele></trkpt>
   <trkpt lat="51.338324" lon="-2.594188"><ele>63</ele></trkpt>
   <trkpt lat="51.338071" lon="-2.594013"><ele>63</ele></trkpt>
   <trkpt lat="51.337719" lon="-2.593804"><ele>63.25</ele></trkpt>
   <trkpt lat="51.337311" lon="-2.593611"><ele>64</ele></trkpt>
   <trkpt lat="51.336955" lon="-2.593442"><ele>65</ele></trkpt>
   <trkpt lat="51.336591" lon="-2.593222"><ele>66.5</ele></trkpt>
   <trkpt lat="51.336276" lon="-2.59297"><ele>68.5</ele></trkpt>
   <trkpt lat="51.336281" lon="-2.59294"><ele>68.5</ele></trkpt>
   <trkpt lat="51.336296" lon="-2.592854"><ele>68.5</ele></trkpt>
   <trkpt lat="51.336347" lon="-2.592569"><ele>69</ele></trkpt>
   <trkpt lat="51.336449" lon="-2.591889"><ele>70.25</ele></trkpt>
   <trkpt lat="51.336527" lon="-2.591316"><ele>71</ele></trkpt>
   <trkpt lat="51.33657" lon="-2.591003"><ele>71.75</ele></trkpt>
   <trkpt lat="51.336664" lon="-2.590534"><ele>72.5</ele></trkpt>
   <trkpt lat="51.336919" lon="-2.589447"><ele>73.75</ele></trkpt>
   <trkpt lat="51.337379" lon="-2.587477"><ele>77.25</ele></trkpt>
   <trkpt lat="51.337422" lon="-2.58729"><ele>77.25</ele></trkpt>
   <trkpt lat="51.337559" lon="-2.586463"><ele>77.75</ele></trkpt>
   <trkpt lat="51.337634" lon="-2.585866"><ele>77.5</ele></trkpt>
   <trkpt lat="51.337691" lon="-2.585306"><ele>76.75</ele></trkpt>
   <trkpt lat="51.337739" lon="-2.584932"><ele>76.75</ele></trkpt>
   <trkpt lat="51.337743" lon="-2.584905"><ele>76.75</ele></trkpt>
   <trkpt lat="51.337764" lon="-2.584719"><ele>77</ele></trkpt>
   <trkpt lat="51.337845" lon="-2.584158"><ele>77.5</ele></trkpt>
   <trkpt lat="51.337947" lon="-2.583569"><ele>78.75</ele></trkpt>
   <trkpt lat="51.338058" lon="-2.58305"><ele>80.25</ele></trkpt>
   <trkpt lat="51.33832" lon="-2.582048"><ele>82</ele></trkpt>
   <trkpt lat="51.338349" lon="-2.581944"><ele>82</ele></trkpt>
   <trkpt lat="51.338425" lon="-2.581657"><ele>82.25</ele></trkpt>
   <trkpt lat="51.338543" lon="-2.581123"><ele>81.75</ele></trkpt>
   <trkpt lat="51.338674" lon="-2.580573"><ele>81.75</ele></trkpt>
   <trkpt lat="51.338752" lon="-2.580328"><ele>82</ele></trkpt>
   <trkpt lat="51.338882" lon="-2.580152"><ele>82.25</ele></trkpt>
   <trkpt lat="51.338993" lon="-2.580033"><ele>82.5</ele></trkpt>
   <trkpt lat="51.339918" lon="-2.579435"><ele>82.75</ele></trkpt>
   <trkpt lat="51.340834" lon="-2.578922"><ele>83</ele></trkpt>
   <trkpt lat="51.341365" lon="-2.578715"><ele>87.25</ele></trkpt>
   <trkpt lat="51.341637" lon="-2.578513"><ele>89.5</ele></trkpt>
   <trkpt lat="51.342138" lon="-2.578036"><ele>91.5</ele></trkpt>
   <trkpt lat="51.342313" lon="-2.57787"><ele>92</ele></trkpt>
   <trkpt lat="51.342787" lon="-2.577782"><ele>91.75</ele></trkpt>
   <trkpt lat="51.343151" lon="-2.577804"><ele>91.25</ele></trkpt>
   <trkpt lat="51.343408" lon="-2.57769"><ele>91</ele></trkpt>
   <trkpt lat="51.343991" lon="-2.577402"><ele>91.75</ele></trkpt>
   <trkpt lat="51.344109" lon="-2.577354"><ele>92.25</ele></trkpt>
   <trkpt lat="51.344158" lon="-2.577345"><ele>92.25</ele></trkpt>
   <trkpt lat="51.344256" lon="-2.577328"><ele>92.5</ele></trkpt>
   <trkpt lat="51.344648" lon="-2.577304"><ele>93.25</ele></trkpt>
   <trkpt lat="51.344754" lon="-2.577279"><ele>93.75</ele></trkpt>
   <trkpt lat="51.344832" lon="-2.577235"><ele>93.75</ele></trkpt>
   <trkpt lat="51.345834" lon="-2.576549"><ele>91.75</ele></trkpt>
   <trkpt lat="51.346076" lon="-2.576331"><ele>91</ele></trkpt>
   <trkpt lat="51.346248" lon="-2.576189"><ele>90.75</ele></trkpt>
   <trkpt lat="51.346379" lon="-2.576035"><ele>90.5</ele></trkpt>
   <trkpt lat="51.346518" lon="-2.5758"><ele>90.25</ele></trkpt>
   <trkpt lat="51.346654" lon="-2.575531"><ele>90.25</ele></trkpt>
   <trkpt lat="51.346811" lon="-2.575165"><ele>90.75</ele></trkpt>
   <trkpt lat="51.347151" lon="-2.574147"><ele>93</ele></trkpt>
   <trkpt lat="51.347241" lon="-2.57391"><ele>93.75</ele></trkpt>
   <trkpt lat="51.347345" lon="-2.573733"><ele>94.5</ele></trkpt>
   <trkpt lat="51.347679" lon="-2.573312"><ele>95.25</ele></trkpt>
   <trkpt lat="51.347884" lon="-2.572981"><ele>95.25</ele></trkpt>
   <trkpt lat="51.349655" lon="-2.569063"><ele>91.5</ele></trkpt>
   <trkpt lat="51.349738" lon="-2.568786"><ele>91.5</ele></trkpt>
   <trkpt lat="51.349799" lon="-2.568431"><ele>92</ele></trkpt>
   <trkpt lat="51.349843" lon="-2.567864"><ele>92.75</ele></trkpt>
   <trkpt lat="51.349886" lon="-2.567462"><ele>93.5</ele></trkpt>
   <trkpt lat="51.350107" lon="-2.566472"><ele>95.5</ele></trkpt>
   <trkpt lat="51.350283" lon="-2.565894"><ele>97</ele></trkpt>
   <trkpt lat="51.350295" lon="-2.56586"><ele>97.25</ele></trkpt>
   <trkpt lat="51.35063" lon="-2.564891"><ele>99</ele></trkpt>
   <trkpt lat="51.351035" lon="-2.56383"><ele>101</ele></trkpt>
   <trkpt lat="51.351073" lon="-2.563654"><ele>101.5</ele></trkpt>
   <trkpt lat="51.351104" lon="-2.563467"><ele>102.25</ele></trkpt>
   <trkpt lat="51.351239" lon="-2.56264"><ele>105.75</ele></trkpt>
   <trkpt lat="51.351279" lon="-2.562407"><ele>107</ele></trkpt>
   <trkpt lat="51.351333" lon="-2.562183"><ele>108.25</ele></trkpt>
   <trkpt lat="51.351399" lon="-2.562001"><ele>109.25</ele></trkpt>
   <trkpt lat="51.351478" lon="-2.561827"><ele>110.5</ele></trkpt>
   <trkpt lat="51.351816" lon="-2.561212"><ele>112.5</ele></trkpt>
   <trkpt lat="51.351852" lon="-2.561135"><ele>112.75</ele></trkpt>
   <trkpt lat="51.351913" lon="-2.561002"><ele>113</ele></trkpt>
   <trkpt lat="51.352004" lon="-2.560746"><ele>113.25</ele></trkpt>
   <trkpt lat="51.352071" lon="-2.560521"><ele>113.75</ele></trkpt>
   <trkpt lat="51.352161" lon="-2.56017"><ele>114.75</ele></trkpt>
   <trkpt lat="51.352215" lon="-2.559914"><ele>115.25</ele></trkpt>
   <trkpt lat="51.352248" lon="-2.559712"><ele>115.25</ele></trkpt>
   <trkpt lat="51.352268" lon="-2.559486"><ele>115.25</ele></trkpt>
   <trkpt lat="51.35225" lon="-2.559015"><ele>115.5</ele></trkpt>
   <trkpt lat="51.352194" lon="-2.558542"><ele>115.5</ele></trkpt>
   <trkpt lat="51.352132" lon="-2.558102"><ele>115.5</ele></trkpt>
   <trkpt lat="51.352103" lon="-2.55774"><ele>115.5</ele></trkpt>
   <trkpt lat="51.35209" lon="-2.557584"><ele>115.5</ele></trkpt>
   <trkpt lat="51.352099" lon="-2.556991"><ele>114.75</ele></trkpt>
   <trkpt lat="51.352115" lon="-2.556759"><ele>114.25</ele></trkpt>
   <trkpt lat="51.352141" lon="-2.556373"><ele>113.5</ele></trkpt>
   <trkpt lat="51.352175" lon="-2.5561"><ele>112.75</ele></trkpt>
   <trkpt lat="51.352307" lon="-2.55528"><ele>110.75</ele></trkpt>
   <trkpt lat="51.352367" lon="-2.554767"><ele>109.5</ele></trkpt>
   <trkpt lat="51.352443" lon="-2.554332"><ele>109</ele></trkpt>
   <trkpt lat="51.352678" lon="-2.553484"><ele>107.25</ele></trkpt>
   <trkpt lat="51.352736" lon="-2.55321"><ele>106.75</ele></trkpt>
   <trkpt lat="51.352795" lon="-2.552803"><ele>105.75</ele></trkpt>
   <trkpt lat="51.352878" lon="-2.551967"><ele>103.75</ele></trkpt>
   <trkpt lat="51.352904" lon="-2.551617"><ele>102.75</ele></trkpt>
   <trkpt lat="51.35295" lon="-2.550752"><ele>99.5</ele></trkpt>
   <trkpt lat="51.352981" lon="-2.55042"><ele>98</ele></trkpt>
   <trkpt lat="51.353041" lon="-2.549998"><ele>96.25</ele></trkpt>
   <trkpt lat="51.353334" lon="-2.548432"><ele>92</ele></trkpt>
   <trkpt lat="51.353409" lon="-2.548096"><ele>91.25</ele></trkpt>
   <trkpt lat="51.353523" lon="-2.547691"><ele>90</ele></trkpt>
   <trkpt lat="51.353574" lon="-2.547449"><ele>89</ele></trkpt>
   <trkpt lat="51.353607" lon="-2.547322"><ele>88.5</ele></trkpt>
   <trkpt lat="51.353619" lon="-2.547137"><ele>88</ele></trkpt>
   <trkpt lat="51.353621" lon="-2.546947"><ele>87.25</ele></trkpt>
   <trkpt lat="51.353602" lon="-2.546346"><ele>86.25</ele></trkpt>
   <trkpt lat="51.353611" lon="-2.545741"><ele>86.25</ele></trkpt>
   <trkpt lat="51.353564" lon="-2.54492"><ele>87.5</ele></trkpt>
   <trkpt lat="51.353562" lon="-2.544753"><ele>87.75</ele></trkpt>
   <trkpt lat="51.353567" lon="-2.544642"><ele>88</ele></trkpt>
   <trkpt lat="51.353595" lon="-2.544414"><ele>88.5</ele></trkpt>
   <trkpt lat="51.353648" lon="-2.544148"><ele>88.75</ele></trkpt>
   <trkpt lat="51.353771" lon="-2.543654"><ele>89.5</ele></trkpt>
   <trkpt lat="51.353919" lon="-2.543189"><ele>90</ele></trkpt>
   <trkpt lat="51.354022" lon="-2.542921"><ele>90.25</ele></trkpt>
   <trkpt lat="51.354329" lon="-2.542175"><ele>91.25</ele></trkpt>
   <trkpt lat="51.35439" lon="-2.541945"><ele>91.5</ele></trkpt>
   <trkpt lat="51.354459" lon="-2.541645"><ele>92.25</ele></trkpt>
   <trkpt lat="51.354545" lon="-2.541105"><ele>93.25</ele></trkpt>
   <trkpt lat="51.354652" lon="-2.54074"><ele>94</ele></trkpt>
   <trkpt lat="51.354684" lon="-2.540666"><ele>94.25</ele></trkpt>
   <trkpt lat="51.354774" lon="-2.540611"><ele>94.25</ele></trkpt>
   <trkpt lat="51.354816" lon="-2.540568"><ele>94.25</ele></trkpt>
   <trkpt lat="51.354857" lon="-2.540502"><ele>94.25</ele></trkpt>
   <trkpt lat="51.35488" lon="-2.54042"><ele>94.5</ele></trkpt>
   <trkpt lat="51.354886" lon="-2.540368"><ele>94.75</ele></trkpt>
   <trkpt lat="51.35488" lon="-2.540273"><ele>95</ele></trkpt>
   <trkpt lat="51.354862" lon="-2.540207"><ele>95.25</ele></trkpt>
   <trkpt lat="51.354827" lon="-2.540142"><ele>95.5</ele></trkpt>
   <trkpt lat="51.354778" lon="-2.53995"><ele>96</ele></trkpt>
   <trkpt lat="51.354713" lon="-2.539609"><ele>95.5</ele></trkpt>
   <trkpt lat="51.354685" lon="-2.539151"><ele>95</ele></trkpt>
   <trkpt lat="51.354652" lon="-2.538802"><ele>94.5</ele></trkpt>
   <trkpt lat="51.354602" lon="-2.538449"><ele>94</ele></trkpt>
   <trkpt lat="51.354446" lon="-2.537769"><ele>91.5</ele></trkpt>
   <trkpt lat="51.354369" lon="-2.537413"><ele>89.75</ele></trkpt>
   <trkpt lat="51.354344" lon="-2.537074"><ele>87.75</ele></trkpt>
   <trkpt lat="51.354366" lon="-2.536261"><ele>83.75</ele></trkpt>
   <trkpt lat="51.354359" lon="-2.535912"><ele>82.5</ele></trkpt>
   <trkpt lat="51.354293" lon="-2.535086"><ele>78.75</ele></trkpt>
   <trkpt lat="51.3543" lon="-2.534751"><ele>77.25</ele></trkpt>
   <trkpt lat="51.354301" lon="-2.534653"><ele>76.75</ele></trkpt>
   <trkpt lat="51.354332" lon="-2.534224"><ele>74.75</ele></trkpt>
   <trkpt lat="51.354464" lon="-2.53339"><ele>69.75</ele></trkpt>
   <trkpt lat="51.354511" lon="-2.533045"><ele>70</ele></trkpt>
   <trkpt lat="51.354551" lon="-2.532694"><ele>70.5</ele></trkpt>
   <trkpt lat="51.354622" lon="-2.532089"><ele>72</ele></trkpt>
   <trkpt lat="51.354651" lon="-2.531426"><ele>74</ele></trkpt>
   <trkpt lat="51.354667" lon="-2.530912"><ele>75.75</ele></trkpt>
   <trkpt lat="51.3547" lon="-2.530447"><ele>77.75</ele></trkpt>
   <trkpt lat="51.354788" lon="-2.529826"><ele>80</ele></trkpt>
   <trkpt lat="51.354803" lon="-2.529755"><ele>80.25</ele></trkpt>
   <trkpt lat="51.354979" lon="-2.52886"><ele>82</ele></trkpt>
   <trkpt lat="51.355021" lon="-2.528615"><ele>82.75</ele></trkpt>
   <trkpt lat="51.355048" lon="-2.528387"><ele>83.5</ele></trkpt>
   <trkpt lat="51.355052" lon="-2.528081"><ele>84.25</ele></trkpt>
   <trkpt lat="51.355041" lon="-2.527737"><ele>84.5</ele></trkpt>
   <trkpt lat="51.355048" lon="-2.527663"><ele>84.75</ele></trkpt>
   <trkpt lat="51.355066" lon="-2.527595"><ele>84.75</ele></trkpt>
   <trkpt lat="51.355102" lon="-2.527535"><ele>85</ele></trkpt>
   <trkpt lat="51.355158" lon="-2.527477"><ele>85</ele></trkpt>
   <trkpt lat="51.355276" lon="-2.527382"><ele>85.5</ele></trkpt>
   <trkpt lat="51.355355" lon="-2.527298"><ele>86</ele></trkpt>
   <trkpt lat="51.355403" lon="-2.527229"><ele>86.25</ele></trkpt>
   <trkpt lat="51.355447" lon="-2.52715"><ele>86.5</ele></trkpt>
   <trkpt lat="51.355485" lon="-2.527066"><ele>86.75</ele></trkpt>
   <trkpt lat="51.355517" lon="-2.526956"><ele>87.25</ele></trkpt>
   <trkpt lat="51.355546" lon="-2.526705"><ele>88</ele></trkpt>
   <trkpt lat="51.355554" lon="-2.526437"><ele>88.5</ele></trkpt>
   <trkpt lat="51.355553" lon="-2.526245"><ele>88.75</ele></trkpt>
   <trkpt lat="51.355541" lon="-2.52612"><ele>88.75</ele></trkpt>
   <trkpt lat="51.35552" lon="-2.526003"><ele>89</ele></trkpt>
   <trkpt lat="51.355415" lon="-2.525638"><ele>89.25</ele></trkpt>
   <trkpt lat="51.355302" lon="-2.525146"><ele>90</ele></trkpt>
   <trkpt lat="51.355218" lon="-2.524836"><ele>90.25</ele></trkpt>
   <trkpt lat="51.355119" lon="-2.524536"><ele>90.5</ele></trkpt>
   <trkpt lat="51.355083" lon="-2.524402"><ele>90.75</ele></trkpt>
   <trkpt lat="51.355054" lon="-2.524229"><ele>90.75</ele></trkpt>
   <trkpt lat="51.355055" lon="-2.524099"><ele>91</ele></trkpt>
   <trkpt lat="51.355104" lon="-2.523452"><ele>92</ele></trkpt>
   <trkpt lat="51.355162" lon="-2.522443"><ele>92.25</ele></trkpt>
   <trkpt lat="51.355172" lon="-2.522168"><ele>92</ele></trkpt>
   <trkpt lat="51.35517" lon="-2.521994"><ele>91.75</ele></trkpt>
   <trkpt lat="51.355158" lon="-2.521837"><ele>91.5</ele></trkpt>
   <trkpt lat="51.355115" lon="-2.521614"><ele>91.25</ele></trkpt>
   <trkpt lat="51.355056" lon="-2.521446"><ele>91</ele></trkpt>
   <trkpt lat="51.354894" lon="-2.521047"><ele>91</ele></trkpt>
   <trkpt lat="51.354824" lon="-2.520843"><ele>91</ele></trkpt>
   <trkpt lat="51.354784" lon="-2.520696"><ele>91</ele></trkpt>
   <trkpt lat="51.354735" lon="-2.520488"><ele>91</ele></trkpt>
   <trkpt lat="51.354585" lon="-2.519254"><ele>91.25</ele></trkpt>
   <trkpt lat="51.354489" lon="-2.518782"><ele>92.25</ele></trkpt>
   <trkpt lat="51.354157" lon="-2.517493"><ele>99</ele></trkpt>
   <trkpt lat="51.353431" lon="-2.514429"><ele>111.25</ele></trkpt>
   <trkpt lat="51.353331" lon="-2.513929"><ele>112.75</ele></trkpt>
   <trkpt lat="51.353253" lon="-2.513437"><ele>114.75</ele></trkpt>
   <trkpt lat="51.353222" lon="-2.511763"><ele>115.25</ele></trkpt>
   <trkpt lat="51.353245" lon="-2.510591"><ele>115.25</ele></trkpt>
   <trkpt lat="51.353197" lon="-2.509929"><ele>116.25</ele></trkpt>
   <trkpt lat="51.353087" lon="-2.509178"><ele>117.5</ele></trkpt>
   <trkpt lat="51.353065" lon="-2.508827"><ele>118.25</ele></trkpt>
   <trkpt lat="51.353095" lon="-2.50855"><ele>119</ele></trkpt>
   <trkpt lat="51.353396" lon="-2.507018"><ele>126.5</ele></trkpt>
   <trkpt lat="51.353615" lon="-2.506385"><ele>129.25</ele></trkpt>
   <trkpt lat="51.353658" lon="-2.50621"><ele>129.75</ele></trkpt>
   <trkpt lat="51.353661" lon="-2.506098"><ele>130.25</ele></trkpt>
   <trkpt lat="51.35364" lon="-2.50592"><ele>131.25</ele></trkpt>
   <trkpt lat="51.35359" lon="-2.505786"><ele>132.25</ele></trkpt>
   <trkpt lat="51.353163" lon="-2.504853"><ele>142.25</ele></trkpt>
   <trkpt lat="51.352998" lon="-2.504507"><ele>144</ele></trkpt>
   <trkpt lat="51.352827" lon="-2.504248"><ele>145</ele></trkpt>
   <trkpt lat="51.352631" lon="-2.503853"><ele>146</ele></trkpt>
   <trkpt lat="51.352147" lon="-2.502524"><ele>147</ele></trkpt>
   <trkpt lat="51.351743" lon="-2.50151"><ele>146.5</ele></trkpt>
   <trkpt lat="51.351603" lon="-2.501167"><ele>146.25</ele></trkpt>
   <trkpt lat="51.351327" lon="-2.500435"><ele>145.5</ele></trkpt>
   <trkpt lat="51.351267" lon="-2.500227"><ele>145.25</ele></trkpt>
   <trkpt lat="51.351243" lon="-2.49999"><ele>145</ele></trkpt>
   <trkpt lat="51.351264" lon="-2.499749"><ele>145</ele></trkpt>
   <trkpt lat="51.351433" lon="-2.498961"><ele>144.75</ele></trkpt>
   <trkpt lat="51.351462" lon="-2.498822"><ele>144.75</ele></trkpt>
   <trkpt lat="51.351501" lon="-2.49846"><ele>144.25</ele></trkpt>
   <trkpt lat="51.351512" lon="-2.498193"><ele>144</ele></trkpt>
   <trkpt lat="51.351499" lon="-2.497865"><ele>143.5</ele></trkpt>
   <trkpt lat="51.351293" lon="-2.496321"><ele>142</ele></trkpt>
   <trkpt lat="51.351273" lon="-2.496052"><ele>142.25</ele></trkpt>
   <trkpt lat="51.35129" lon="-2.495739"><ele>142</ele></trkpt>
   <trkpt lat="51.351365" lon="-2.495482"><ele>141.5</ele></trkpt>
   <trkpt lat="51.351763" lon="-2.494709"><ele>139.25</ele></trkpt>
   <trkpt lat="51.352328" lon="-2.493995"><ele>137</ele></trkpt>
   <trkpt lat="51.352402" lon="-2.493881"><ele>137.25</ele></trkpt>
   <trkpt lat="51.352456" lon="-2.493746"><ele>137.5</ele></trkpt>
   <trkpt lat="51.35266" lon="-2.492964"><ele>139.5</ele></trkpt>
   <trkpt lat="51.352989" lon="-2.491984"><ele>138.75</ele></trkpt>
   <trkpt lat="51.353352" lon="-2.491112"><ele>138.25</ele></trkpt>
   <trkpt lat="51.353696" lon="-2.490369"><ele>136.5</ele></trkpt>
   <trkpt lat="51.354126" lon="-2.489558"><ele>135.25</ele></trkpt>
   <trkpt lat="51.354718" lon="-2.488582"><ele>132.25</ele></trkpt>
   <trkpt lat="51.355261" lon="-2.487501"><ele>130</ele></trkpt>
   <trkpt lat="51.356469" lon="-2.485484"><ele>128.5</ele></trkpt>
   <trkpt lat="51.356622" lon="-2.48519"><ele>128</ele></trkpt>
   <trkpt lat="51.356881" lon="-2.484699"><ele>128</ele></trkpt>
   <trkpt lat="51.356905" lon="-2.484652"><ele>128</ele></trkpt>
   <trkpt lat="51.356946" lon="-2.484571"><ele>128</ele></trkpt>
   <trkpt lat="51.357049" lon="-2.484351"><ele>128</ele></trkpt>
   <trkpt lat="51.357085" lon="-2.484192"><ele>128</ele></trkpt>
   <trkpt lat="51.357158" lon="-2.484115"><ele>128</ele></trkpt>
   <trkpt lat="51.357244" lon="-2.483996"><ele>128</ele></trkpt>
   <trkpt lat="51.357279" lon="-2.483942"><ele>128</ele></trkpt>
   <trkpt lat="51.35732" lon="-2.483872"><ele>127.75</ele></trkpt>
   <trkpt lat="51.357364" lon="-2.483782"><ele>127.75</ele></trkpt>
   <trkpt lat="51.357443" lon="-2.483575"><ele>127.25</ele></trkpt>
   <trkpt lat="51.357645" lon="-2.482962"><ele>126.5</ele></trkpt>
   <trkpt lat="51.35783" lon="-2.482489"><ele>126.25</ele></trkpt>
   <trkpt lat="51.357902" lon="-2.482295"><ele>126.25</ele></trkpt>
   <trkpt lat="51.357988" lon="-2.482088"><ele>126.25</ele></trkpt>
   <trkpt lat="51.358166" lon="-2.48168"><ele>126.5</ele></trkpt>
   <trkpt lat="51.35827" lon="-2.481515"><ele>126.5</ele></trkpt>
   <trkpt lat="51.358399" lon="-2.481344"><ele>126.25</ele></trkpt>
   <trkpt lat="51.358498" lon="-2.481244"><ele>125.75</ele></trkpt>
   <trkpt lat="51.358679" lon="-2.481088"><ele>125</ele></trkpt>
   <trkpt lat="51.358787" lon="-2.481009"><ele>124.5</ele></trkpt>
   <trkpt lat="51.35889" lon="-2.480919"><ele>124</ele></trkpt>
   <trkpt lat="51.35901" lon="-2.480812"><ele>123.5</ele></trkpt>
   <trkpt lat="51.35909" lon="-2.480724"><ele>123</ele></trkpt>
   <trkpt lat="51.359159" lon="-2.480647"><ele>122.75</ele></trkpt>
   <trkpt lat="51.359293" lon="-2.480473"><ele>121.75</ele></trkpt>
   <trkpt lat="51.359399" lon="-2.480314"><ele>121.25</ele></trkpt>
   <trkpt lat="51.359604" lon="-2.479958"><ele>119.75</ele></trkpt>
   <trkpt lat="51.359953" lon="-2.479273"><ele>118</ele></trkpt>
   <trkpt lat="51.360072" lon="-2.479075"><ele>117.75</ele></trkpt>
   <trkpt lat="51.360186" lon="-2.478905"><ele>117.75</ele></trkpt>
   <trkpt lat="51.360319" lon="-2.478761"><ele>118</ele></trkpt>
   <trkpt lat="51.360406" lon="-2.478686"><ele>118</ele></trkpt>
   <trkpt lat="51.360542" lon="-2.478588"><ele>118.5</ele></trkpt>
   <trkpt lat="51.360769" lon="-2.478476"><ele>119</ele></trkpt>
   <trkpt lat="51.360956" lon="-2.47843"><ele>119.25</ele></trkpt>
   <trkpt lat="51.361114" lon="-2.478421"><ele>119.5</ele></trkpt>
   <trkpt lat="51.361595" lon="-2.478485"><ele>119.5</ele></trkpt>
   <trkpt lat="51.361947" lon="-2.478538"><ele>120.75</ele></trkpt>
   <trkpt lat="51.363223" lon="-2.478717"><ele>123.75</ele></trkpt>
   <trkpt lat="51.363717" lon="-2.478756"><ele>120</ele></trkpt>
   <trkpt lat="51.364248" lon="-2.478767"><ele>115</ele></trkpt>
   <trkpt lat="51.364719" lon="-2.478745"><ele>114.5</ele></trkpt>
   <trkpt lat="51.364996" lon="-2.47872"><ele>114.25</ele></trkpt>
   <trkpt lat="51.36551" lon="-2.478651"><ele>114</ele></trkpt>
   <trkpt lat="51.366719" lon="-2.478441"><ele>112.5</ele></trkpt>
   <trkpt lat="51.366886" lon="-2.478475"><ele>112.5</ele></trkpt>
   <trkpt lat="51.369403" lon="-2.478149"><ele>109.25</ele></trkpt>
   <trkpt lat="51.369523" lon="-2.478133"><ele>109.25</ele></trkpt>
   <trkpt lat="51.369761" lon="-2.478108"><ele>109</ele></trkpt>
   <trkpt lat="51.369922" lon="-2.478038"><ele>109.5</ele></trkpt>
   <trkpt lat="51.370538" lon="-2.47802"><ele>108</ele></trkpt>
   <trkpt lat="51.371031" lon="-2.478015"><ele>106</ele></trkpt>
   <trkpt lat="51.371282" lon="-2.477993"><ele>104.75</ele></trkpt>
   <trkpt lat="51.371493" lon="-2.477948"><ele>104</ele></trkpt>
   <trkpt lat="51.37187" lon="-2.477826"><ele>104</ele></trkpt>
   <trkpt lat="51.372166" lon="-2.477744"><ele>104.25</ele></trkpt>
   <trkpt lat="51.372268" lon="-2.477725"><ele>104</ele></trkpt>
   <trkpt lat="51.372482" lon="-2.477703"><ele>104</ele></trkpt>
   <trkpt lat="51.372609" lon="-2.477701"><ele>104.25</ele></trkpt>
   <trkpt lat="51.373599" lon="-2.477777"><ele>107</ele></trkpt>
   <trkpt lat="51.373846" lon="-2.477768"><ele>108</ele></trkpt>
   <trkpt lat="51.373881" lon="-2.477761"><ele>108.25</ele></trkpt>
   <trkpt lat="51.37402" lon="-2.477714"><ele>108.75</ele></trkpt>
   <trkpt lat="51.374111" lon="-2.477627"><ele>109</ele></trkpt>
   <trkpt lat="51.374227" lon="-2.477491"><ele>108.75</ele></trkpt>
   <trkpt lat="51.374266" lon="-2.477441"><ele>108.5</ele></trkpt>
   <trkpt lat="51.374662" lon="-2.476882"><ele>106.5</ele></trkpt>
   <trkpt lat="51.374876" lon="-2.476588"><ele>105.75</ele></trkpt>
   <trkpt lat="51.375324" lon="-2.475925"><ele>104.75</ele></trkpt>
   <trkpt lat="51.376276" lon="-2.474555"><ele>102</ele></trkpt>
   <trkpt lat="51.376701" lon="-2.473935"><ele>101.25</ele></trkpt>
   <trkpt lat="51.377094" lon="-2.473304"><ele>100.75</ele></trkpt>
   <trkpt lat="51.377312" lon="-2.472947"><ele>100.5</ele></trkpt>
   <trkpt lat="51.37753" lon="-2.472571"><ele>100</ele></trkpt>
   <trkpt lat="51.377745" lon="-2.472174"><ele>98.75</ele></trkpt>
   <trkpt lat="51.378095" lon="-2.471505"><ele>97.25</ele></trkpt>
   <trkpt lat="51.378456" lon="-2.470774"><ele>97</ele></trkpt>
   <trkpt lat="51.378728" lon="-2.470187"><ele>95.75</ele></trkpt>
   <trkpt lat="51.378842" lon="-2.469922"><ele>95.5</ele></trkpt>
   <trkpt lat="51.379012" lon="-2.469464"><ele>95</ele></trkpt>
   <trkpt lat="51.379149" lon="-2.469012"><ele>94.75</ele></trkpt>
   <trkpt lat="51.379318" lon="-2.46844"><ele>94.25</ele></trkpt>
   <trkpt lat="51.379561" lon="-2.467604"><ele>94.75</ele></trkpt>
   <trkpt lat="51.379656" lon="-2.46724"><ele>94.75</ele></trkpt>
   <trkpt lat="51.379743" lon="-2.466877"><ele>94.5</ele></trkpt>
   <trkpt lat="51.37992" lon="-2.466219"><ele>94.25</ele></trkpt>
   <trkpt lat="51.380017" lon="-2.465908"><ele>94</ele></trkpt>
   <trkpt lat="51.3801" lon="-2.465674"><ele>93.25</ele></trkpt>
   <trkpt lat="51.38023" lon="-2.465353"><ele>92.25</ele></trkpt>
   <trkpt lat="51.380643" lon="-2.464511"><ele>91</ele></trkpt>
   <trkpt lat="51.3809" lon="-2.463959"><ele>90.75</ele></trkpt>
   <trkpt lat="51.381661" lon="-2.462199"><ele>87.5</ele></trkpt>
   <trkpt lat="51.381748" lon="-2.461994"><ele>87</ele></trkpt>
   <trkpt lat="51.381837" lon="-2.461756"><ele>86.5</ele></trkpt>
   <trkpt lat="51.381914" lon="-2.461517"><ele>86.25</ele></trkpt>
   <trkpt lat="51.382006" lon="-2.461161"><ele>86</ele></trkpt>
   <trkpt lat="51.382045" lon="-2.460973"><ele>86</ele></trkpt>
   <trkpt lat="51.382125" lon="-2.460529"><ele>85.75</ele></trkpt>
   <trkpt lat="51.382266" lon="-2.459684"><ele>85.5</ele></trkpt>
   <trkpt lat="51.382349" lon="-2.459244"><ele>85.25</ele></trkpt>
   <trkpt lat="51.38244" lon="-2.458908"><ele>85</ele></trkpt>
   <trkpt lat="51.382542" lon="-2.458624"><ele>85</ele></trkpt>
   <trkpt lat="51.38295" lon="-2.457663"><ele>85.25</ele></trkpt>
   <trkpt lat="51.383415" lon="-2.456634"><ele>86</ele></trkpt>
   <trkpt lat="51.383526" lon="-2.456346"><ele>85.75</ele></trkpt>
   <trkpt lat="51.383613" lon="-2.456074"><ele>85.5</ele></trkpt>
   <trkpt lat="51.383642" lon="-2.455953"><ele>85.5</ele></trkpt>
   <trkpt lat="51.383693" lon="-2.455685"><ele>85</ele></trkpt>
   <trkpt lat="51.383748" lon="-2.455291"><ele>84</ele></trkpt>
   <trkpt lat="51.383768" lon="-2.454907"><ele>83</ele></trkpt>
   <trkpt lat="51.38376" lon="-2.454443"><ele>81.5</ele></trkpt>
   <trkpt lat="51.383748" lon="-2.454079"><ele>80</ele></trkpt>
   <trkpt lat="51.383642" lon="-2.451786"><ele>71.75</ele></trkpt>
   <trkpt lat="51.383638" lon="-2.45143"><ele>70.75</ele></trkpt>
   <trkpt lat="51.383642" lon="-2.451215"><ele>70.25</ele></trkpt>
   <trkpt lat="51.383665" lon="-2.450775"><ele>69</ele></trkpt>
   <trkpt lat="51.383685" lon="-2.450555"><ele>68.25</ele></trkpt>
   <trkpt lat="51.383736" lon="-2.45016"><ele>67</ele></trkpt>
   <trkpt lat="51.383803" lon="-2.449787"><ele>65.75</ele></trkpt>
   <trkpt lat="51.384072" lon="-2.448534"><ele>59.75</ele></trkpt>
   <trkpt lat="51.384223" lon="-2.447802"><ele>57.5</ele></trkpt>
   <trkpt lat="51.384352" lon="-2.447074"><ele>57.25</ele></trkpt>
   <trkpt lat="51.384401" lon="-2.446687"><ele>56.5</ele></trkpt>
   <trkpt lat="51.384418" lon="-2.446493"><ele>56.25</ele></trkpt>
   <trkpt lat="51.384517" lon="-2.444875"><ele>51.75</ele></trkpt>
   <trkpt lat="51.384557" lon="-2.444447"><ele>50.25</ele></trkpt>
   <trkpt lat="51.384578" lon="-2.444283"><ele>49.75</ele></trkpt>
   <trkpt lat="51.384627" lon="-2.44402"><ele>49.25</ele></trkpt>
   <trkpt lat="51.384683" lon="-2.44379"><ele>48.5</ele></trkpt>
   <trkpt lat="51.384749" lon="-2.443587"><ele>48</ele></trkpt>
   <trkpt lat="51.384844" lon="-2.443351"><ele>47.5</ele></trkpt>
   <trkpt lat="51.384986" lon="-2.443076"><ele>47.25</ele></trkpt>
   <trkpt lat="51.385652" lon="-2.442"><ele>47.5</ele></trkpt>
   <trkpt lat="51.385835" lon="-2.441673"><ele>46</ele></trkpt>
   <trkpt lat="51.385886" lon="-2.441566"><ele>45.75</ele></trkpt>
   <trkpt lat="51.385949" lon="-2.441394"><ele>45.75</ele></trkpt>
   <trkpt lat="51.386007" lon="-2.441172"><ele>45.25</ele></trkpt>
   <trkpt lat="51.386086" lon="-2.440783"><ele>44.25</ele></trkpt>
   <trkpt lat="51.386134" lon="-2.440494"><ele>43</ele></trkpt>
   <trkpt lat="51.386148" lon="-2.440349"><ele>42.5</ele></trkpt>
   <trkpt lat="51.386151" lon="-2.440143"><ele>41.5</ele></trkpt>
   <trkpt lat="51.386146" lon="-2.440072"><ele>41.25</ele></trkpt>
   <trkpt lat="51.386136" lon="-2.439979"><ele>40.75</ele></trkpt>
   <trkpt lat="51.386003" lon="-2.439345"><ele>39.25</ele></trkpt>
   <trkpt lat="51.385961" lon="-2.439111"><ele>38.5</ele></trkpt>
   <trkpt lat="51.385882" lon="-2.438489"><ele>36.5</ele></trkpt>
   <trkpt lat="51.385871" lon="-2.438407"><ele>36</ele></trkpt>
   <trkpt lat="51.385865" lon="-2.43836"><ele>36</ele></trkpt>
   <trkpt lat="51.385859" lon="-2.438316"><ele>35.75</ele></trkpt>
   <trkpt lat="51.385798" lon="-2.437917"><ele>34.75</ele></trkpt>
   <trkpt lat="51.385732" lon="-2.437648"><ele>34.25</ele></trkpt>
   <trkpt lat="51.385698" lon="-2.437546"><ele>34</ele></trkpt>
   <trkpt lat="51.385553" lon="-2.43713"><ele>33.75</ele></trkpt>
   <trkpt lat="51.385518" lon="-2.436983"><ele>33.75</ele></trkpt>
   <trkpt lat="51.38551" lon="-2.436907"><ele>33.75</ele></trkpt>
   <trkpt lat="51.385506" lon="-2.436771"><ele>33.75</ele></trkpt>
   <trkpt lat="51.385513" lon="-2.436555"><ele>34</ele></trkpt>
   <trkpt lat="51.385603" lon="-2.435709"><ele>34.5</ele></trkpt>
   <trkpt lat="51.385682" lon="-2.435169"><ele>35.5</ele></trkpt>
   <trkpt lat="51.385742" lon="-2.434833"><ele>35.5</ele></trkpt>
   <trkpt lat="51.385943" lon="-2.433915"><ele>34.25</ele></trkpt>
   <trkpt lat="51.385978" lon="-2.43373"><ele>34</ele></trkpt>
   <trkpt lat="51.386047" lon="-2.433286"><ele>33.75</ele></trkpt>
   <trkpt lat="51.386071" lon="-2.43309"><ele>33.25</ele></trkpt>
   <trkpt lat="51.386088" lon="-2.432871"><ele>33</ele></trkpt>
   <trkpt lat="51.386102" lon="-2.432656"><ele>32.5</ele></trkpt>
   <trkpt lat="51.38612" lon="-2.432202"><ele>31.5</ele></trkpt>
   <trkpt lat="51.386122" lon="-2.432111"><ele>31.25</ele></trkpt>
   <trkpt lat="51.386128" lon="-2.431733"><ele>30.25</ele></trkpt>
   <trkpt lat="51.386123" lon="-2.43152"><ele>27.75</ele></trkpt>
   <trkpt lat="51.386113" lon="-2.431082"><ele>27.75</ele></trkpt>
   <trkpt lat="51.386113" lon="-2.431014"><ele>27.5</ele></trkpt>
   <trkpt lat="51.386145" lon="-2.430862"><ele>26.75</ele></trkpt>
   <trkpt lat="51.38619" lon="-2.430748"><ele>26.25</ele></trkpt>
   <trkpt lat="51.386255" lon="-2.430661"><ele>25.75</ele></trkpt>
   <trkpt lat="51.386319" lon="-2.430672"><ele>25.5</ele></trkpt>
   <trkpt lat="51.386365" lon="-2.430654"><ele>25.25</ele></trkpt>
   <trkpt lat="51.386429" lon="-2.430601"><ele>24.75</ele></trkpt>
   <trkpt lat="51.386479" lon="-2.430518"><ele>24.25</ele></trkpt>
   <trkpt lat="51.386515" lon="-2.430405"><ele>23.75</ele></trkpt>
   <trkpt lat="51.386524" lon="-2.430296"><ele>23.25</ele></trkpt>
   <trkpt lat="51.386511" lon="-2.430173"><ele>23</ele></trkpt>
   <trkpt lat="51.386495" lon="-2.43012"><ele>22.75</ele></trkpt>
   <trkpt lat="51.38644" lon="-2.430022"><ele>22.5</ele></trkpt>
   <trkpt lat="51.386391" lon="-2.429975"><ele>22.5</ele></trkpt>
   <trkpt lat="51.386334" lon="-2.429858"><ele>22.25</ele></trkpt>
   <trkpt lat="51.386302" lon="-2.429733"><ele>22</ele></trkpt>
   <trkpt lat="51.386284" lon="-2.429364"><ele>21.25</ele></trkpt>
   <trkpt lat="51.386294" lon="-2.42914"><ele>20.75</ele></trkpt>
   <trkpt lat="51.38633" lon="-2.428676"><ele>19.5</ele></trkpt>
   <trkpt lat="51.386835" lon="-2.425317"><ele>17.75</ele></trkpt>
   <trkpt lat="51.387125" lon="-2.423372"><ele>19</ele></trkpt>
   <trkpt lat="51.387731" lon="-2.419169"><ele>25.75</ele></trkpt>
   <trkpt lat="51.387926" lon="-2.417891"><ele>27.5</ele></trkpt>
   <trkpt lat="51.388459" lon="-2.414858"><ele>23.25</ele></trkpt>
   <trkpt lat="51.388585" lon="-2.414057"><ele>22.75</ele></trkpt>
   <trkpt lat="51.388648" lon="-2.413858"><ele>22.75</ele></trkpt>
   <trkpt lat="51.388848" lon="-2.412649"><ele>22.5</ele></trkpt>
   <trkpt lat="51.388911" lon="-2.412313"><ele>22</ele></trkpt>
   <trkpt lat="51.388963" lon="-2.412089"><ele>21.75</ele></trkpt>
   <trkpt lat="51.388976" lon="-2.412051"><ele>21.75</ele></trkpt>
   <trkpt lat="51.389144" lon="-2.411513"><ele>20.75</ele></trkpt>
   <trkpt lat="51.389162" lon="-2.411464"><ele>20.75</ele></trkpt>
   <trkpt lat="51.389255" lon="-2.411215"><ele>20</ele></trkpt>
   <trkpt lat="51.389372" lon="-2.410902"><ele>19.5</ele></trkpt>
   <trkpt lat="51.389655" lon="-2.410207"><ele>17.75</ele></trkpt>
   <trkpt lat="51.390073" lon="-2.409299"><ele>15.25</ele></trkpt>
   <trkpt lat="51.390224" lon="-2.408971"><ele>14.5</ele></trkpt>
   <trkpt lat="51.39028" lon="-2.408825"><ele>14.5</ele></trkpt>
   <trkpt lat="51.390333" lon="-2.408658"><ele>14.5</ele></trkpt>
   <trkpt lat="51.390426" lon="-2.408221"><ele>14.75</ele></trkpt>
   <trkpt lat="51.390447" lon="-2.408098"><ele>14.75</ele></trkpt>
   <trkpt lat="51.390457" lon="-2.407988"><ele>14.75</ele></trkpt>
   <trkpt lat="51.390461" lon="-2.407793"><ele>15</ele></trkpt>
   <trkpt lat="51.390451" lon="-2.407691"><ele>15</ele></trkpt>
   <trkpt lat="51.390404" lon="-2.407438"><ele>15.5</ele></trkpt>
   <trkpt lat="51.390339" lon="-2.407245"><ele>15.5</ele></trkpt>
   <trkpt lat="51.390017" lon="-2.406438"><ele>15.5</ele></trkpt>
   <trkpt lat="51.389925" lon="-2.40626"><ele>16</ele></trkpt>
   <trkpt lat="51.389882" lon="-2.406179"><ele>16</ele></trkpt>
   <trkpt lat="51.389321" lon="-2.404353"><ele>19</ele></trkpt>
   <trkpt lat="51.38914" lon="-2.403736"><ele>19.75</ele></trkpt>
   <trkpt lat="51.389063" lon="-2.403443"><ele>20.25</ele></trkpt>
   <trkpt lat="51.388972" lon="-2.403074"><ele>20.25</ele></trkpt>
   <trkpt lat="51.388851" lon="-2.402667"><ele>20.25</ele></trkpt>
   <trkpt lat="51.388902" lon="-2.402609"><ele>20.5</ele></trkpt>
   <trkpt lat="51.388911" lon="-2.402599"><ele>20.5</ele></trkpt>
   <trkpt lat="51.389019" lon="-2.402464"><ele>21.25</ele></trkpt>
   <trkpt lat="51.389123" lon="-2.402335"><ele>22</ele></trkpt>
   <trkpt lat="51.389145" lon="-2.402303"><ele>22.25</ele></trkpt>
   <trkpt lat="51.389207" lon="-2.402213"><ele>23</ele></trkpt>
   <trkpt lat="51.389541" lon="-2.401671"><ele>29.75</ele></trkpt>
   <trkpt lat="51.389577" lon="-2.401597"><ele>30.75</ele></trkpt>
   <trkpt lat="51.389596" lon="-2.401542"><ele>31.5</ele></trkpt>
   <trkpt lat="51.389606" lon="-2.401478"><ele>32</ele></trkpt>
   <trkpt lat="51.389608" lon="-2.401414"><ele>32.5</ele></trkpt>
   <trkpt lat="51.389603" lon="-2.401309"><ele>33.25</ele></trkpt>
   <trkpt lat="51.389525" lon="-2.400426"><ele>38.75</ele></trkpt>
   <trkpt lat="51.389491" lon="-2.400198"><ele>40</ele></trkpt>
   <trkpt lat="51.389342" lon="-2.399324"><ele>42.75</ele></trkpt>
   <trkpt lat="51.389345" lon="-2.399274"><ele>43</ele></trkpt>
   <trkpt lat="51.389355" lon="-2.399245"><ele>43.25</ele></trkpt>
   <trkpt lat="51.389378" lon="-2.399224"><ele>43.5</ele></trkpt>
   <trkpt lat="51.389525" lon="-2.399553"><ele>43.75</ele></trkpt>
   <trkpt lat="51.389624" lon="-2.399742"><ele>44.25</ele></trkpt>
   <trkpt lat="51.390052" lon="-2.400457"><ele>46</ele></trkpt>
   <trkpt lat="51.390228" lon="-2.400738"><ele>45.75</ele></trkpt>
   <trkpt lat="51.39048" lon="-2.401134"><ele>46.25</ele></trkpt>
   <trkpt lat="51.39067" lon="-2.40146"><ele>47.25</ele></trkpt>
   <trkpt lat="51.391119" lon="-2.402321"><ele>47.25</ele></trkpt>
   <trkpt lat="51.391143" lon="-2.402278"><ele>48</ele></trkpt>
   <trkpt lat="51.391186" lon="-2.402219"><ele>48.75</ele></trkpt>
   <trkpt lat="51.391707" lon="-2.401849"><ele>55.5</ele></trkpt>
   <trkpt lat="51.392137" lon="-2.401594"><ele>59.75</ele></trkpt>
   <trkpt lat="51.392407" lon="-2.401465"><ele>62</ele></trkpt>
   <trkpt lat="51.392493" lon="-2.401414"><ele>62.75</ele></trkpt>
   <trkpt lat="51.392632" lon="-2.401291"><ele>64.5</ele></trkpt>
   <trkpt lat="51.392728" lon="-2.401178"><ele>65.75</ele></trkpt>
   <trkpt lat="51.392851" lon="-2.400957"><ele>67.25</ele></trkpt>
   <trkpt lat="51.392881" lon="-2.400882"><ele>67.5</ele></trkpt>
   <trkpt lat="51.39291" lon="-2.4008"><ele>67.75</ele></trkpt>
   <trkpt lat="51.393126" lon="-2.400093"><ele>69.25</ele></trkpt>
   <trkpt lat="51.393297" lon="-2.399558"><ele>69.5</ele></trkpt>
   <trkpt lat="51.393414" lon="-2.399226"><ele>70.25</ele></trkpt>
   <trkpt lat="51.393524" lon="-2.398964"><ele>71</ele></trkpt>
   <trkpt lat="51.393631" lon="-2.398737"><ele>71.5</ele></trkpt>
   <trkpt lat="51.393756" lon="-2.398522"><ele>72</ele></trkpt>
   <trkpt lat="51.394048" lon="-2.398077"><ele>72.5</ele></trkpt>
   <trkpt lat="51.394128" lon="-2.397933"><ele>72.75</ele></trkpt>
   <trkpt lat="51.3942" lon="-2.397774"><ele>72.5</ele></trkpt>
   <trkpt lat="51.394263" lon="-2.39761"><ele>72.25</ele></trkpt>
   <trkpt lat="51.394329" lon="-2.397417"><ele>71.75</ele></trkpt>
   <trkpt lat="51.394381" lon="-2.397237"><ele>71.25</ele></trkpt>
   <trkpt lat="51.394456" lon="-2.396892"><ele>69.75</ele></trkpt>
   <trkpt lat="51.394481" lon="-2.396768"><ele>69</ele></trkpt>
   <trkpt lat="51.394543" lon="-2.396448"><ele>68.5</ele></trkpt>
   <trkpt lat="51.394593" lon="-2.396114"><ele>68.5</ele></trkpt>
   <trkpt lat="51.39464" lon="-2.395767"><ele>68.5</ele></trkpt>
   <trkpt lat="51.394773" lon="-2.394931"><ele>68.5</ele></trkpt>
   <trkpt lat="51.394861" lon="-2.394416"><ele>67.5</ele></trkpt>
   <trkpt lat="51.394916" lon="-2.394175"><ele>67</ele></trkpt>
   <trkpt lat="51.394978" lon="-2.393926"><ele>66.25</ele></trkpt>
   <trkpt lat="51.395031" lon="-2.393755"><ele>65.75</ele></trkpt>
   <trkpt lat="51.395088" lon="-2.393607"><ele>65.25</ele></trkpt>
   <trkpt lat="51.395142" lon="-2.393489"><ele>65</ele></trkpt>
   <trkpt lat="51.395234" lon="-2.393295"><ele>64.25</ele></trkpt>
   <trkpt lat="51.395392" lon="-2.392997"><ele>63.25</ele></trkpt>
   <trkpt lat="51.395502" lon="-2.392777"><ele>62.5</ele></trkpt>
   <trkpt lat="51.395567" lon="-2.392614"><ele>62</ele></trkpt>
   <trkpt lat="51.395579" lon="-2.392586"><ele>62</ele></trkpt>
   <trkpt lat="51.395769" lon="-2.391831"><ele>58.75</ele></trkpt>
   <trkpt lat="51.395854" lon="-2.391502"><ele>57.75</ele></trkpt>
   <trkpt lat="51.395877" lon="-2.391437"><ele>57.5</ele></trkpt>
   <trkpt lat="51.395916" lon="-2.391357"><ele>57.5</ele></trkpt>
   <trkpt lat="51.395999" lon="-2.391455"><ele>57.5</ele></trkpt>
   <trkpt lat="51.396197" lon="-2.39163"><ele>57</ele></trkpt>
   <trkpt lat="51.396214" lon="-2.391652"><ele>57</ele></trkpt>
   <trkpt lat="51.396264" lon="-2.391703"><ele>57</ele></trkpt>
   <trkpt lat="51.396343" lon="-2.391819"><ele>57</ele></trkpt>
   <trkpt lat="51.396405" lon="-2.391941"><ele>57</ele></trkpt>
   <trkpt lat="51.396529" lon="-2.392238"><ele>57</ele></trkpt>
   <trkpt lat="51.396728" lon="-2.392664"><ele>57.25</ele></trkpt>
   <trkpt lat="51.396949" lon="-2.393172"><ele>58.25</ele></trkpt>
   <trkpt lat="51.397016" lon="-2.393323"><ele>58.25</ele></trkpt>
   <trkpt lat="51.397123" lon="-2.393565"><ele>59</ele></trkpt>
   <trkpt lat="51.397384" lon="-2.394155"><ele>60</ele></trkpt>
   <trkpt lat="51.397575" lon="-2.394616"><ele>60.25</ele></trkpt>
   <trkpt lat="51.39774" lon="-2.394944"><ele>60.75</ele></trkpt>
   <trkpt lat="51.397965" lon="-2.395397"><ele>61.75</ele></trkpt>
   <trkpt lat="51.397968" lon="-2.395404"><ele>61.75</ele></trkpt>
   <trkpt lat="51.398002" lon="-2.395561"><ele>61.75</ele></trkpt>
   <trkpt lat="51.398082" lon="-2.395837"><ele>62</ele></trkpt>
   <trkpt lat="51.398091" lon="-2.395898"><ele>62</ele></trkpt>
   <trkpt lat="51.398107" lon="-2.39593"><ele>62</ele></trkpt>
   <trkpt lat="51.398128" lon="-2.395951"><ele>62</ele></trkpt>
   <trkpt lat="51.398153" lon="-2.395959"><ele>62</ele></trkpt>
   <trkpt lat="51.398178" lon="-2.395953"><ele>62</ele></trkpt>
   <trkpt lat="51.398212" lon="-2.395918"><ele>62</ele></trkpt>
   <trkpt lat="51.398351" lon="-2.395869"><ele>62</ele></trkpt>
   <trkpt lat="51.398523" lon="-2.395808"><ele>62.75</ele></trkpt>
   <trkpt lat="51.39965" lon="-2.39556"><ele>69.5</ele></trkpt>
   <trkpt lat="51.399829" lon="-2.395528"><ele>70.75</ele></trkpt>
   <trkpt lat="51.399972" lon="-2.395525"><ele>71.75</ele></trkpt>
   <trkpt lat="51.400104" lon="-2.395542"><ele>72.5</ele></trkpt>
   <trkpt lat="51.400572" lon="-2.39569"><ele>75.25</ele></trkpt>
   <trkpt lat="51.40079" lon="-2.395756"><ele>76.5</ele></trkpt>
   <trkpt lat="51.401017" lon="-2.395807"><ele>78.25</ele></trkpt>
   <trkpt lat="51.401268" lon="-2.39583"><ele>80</ele></trkpt>
   <trkpt lat="51.401283" lon="-2.395832"><ele>80</ele></trkpt>
   <trkpt lat="51.401657" lon="-2.395801"><ele>82.75</ele></trkpt>
   <trkpt lat="51.401885" lon="-2.395795"><ele>84.5</ele></trkpt>
   <trkpt lat="51.402153" lon="-2.395812"><ele>86.5</ele></trkpt>
   <trkpt lat="51.402346" lon="-2.395857"><ele>87.75</ele></trkpt>
   <trkpt lat="51.403036" lon="-2.396014"><ele>94</ele></trkpt>
   <trkpt lat="51.403394" lon="-2.396093"><ele>97.75</ele></trkpt>
   <trkpt lat="51.403845" lon="-2.396176"><ele>103.5</ele></trkpt>
   <trkpt lat="51.404272" lon="-2.396297"><ele>109.25</ele></trkpt>
   <trkpt lat="51.4045" lon="-2.396378"><ele>112</ele></trkpt>
   <trkpt lat="51.405041" lon="-2.396518"><ele>118.75</ele></trkpt>
   <trkpt lat="51.405362" lon="-2.39657"><ele>123.25</ele></trkpt>
   <trkpt lat="51.405522" lon="-2.396572"><ele>125.75</ele></trkpt>
   <trkpt lat="51.405878" lon="-2.396535"><ele>131</ele></trkpt>
   <trkpt lat="51.406482" lon="-2.396442"><ele>138.75</ele></trkpt>
   <trkpt lat="51.406646" lon="-2.396408"><ele>140.75</ele></trkpt>
   <trkpt lat="51.406836" lon="-2.396372"><ele>143</ele></trkpt>
   <trkpt lat="51.407246" lon="-2.396262"><ele>148</ele></trkpt>
   <trkpt lat="51.40776" lon="-2.396133"><ele>154.75</ele></trkpt>
   <trkpt lat="51.407941" lon="-2.396071"><ele>157.25</ele></trkpt>
   <trkpt lat="51.408209" lon="-2.395945"><ele>161.5</ele></trkpt>
   <trkpt lat="51.408343" lon="-2.395896"><ele>163.5</ele></trkpt>
   <trkpt lat="51.408582" lon="-2.395838"><ele>167.5</ele></trkpt>
   <trkpt lat="51.408635" lon="-2.395811"><ele>168.5</ele></trkpt>
   <trkpt lat="51.408818" lon="-2.395682"><ele>172.5</ele></trkpt>
   <trkpt lat="51.408889" lon="-2.395653"><ele>173.75</ele></trkpt>
   <trkpt lat="51.409015" lon="-2.395646"><ele>175.75</ele></trkpt>
   <trkpt lat="51.409502" lon="-2.395679"><ele>182</ele></trkpt>
   <trkpt lat="51.409601" lon="-2.395667"><ele>183.5</ele></trkpt>
   <trkpt lat="51.409709" lon="-2.395639"><ele>185.25</ele></trkpt>
   <trkpt lat="51.410073" lon="-2.395431"><ele>192.5</ele></trkpt>
   <trkpt lat="51.410181" lon="-2.395352"><ele>195</ele></trkpt>
   <trkpt lat="51.410552" lon="-2.395"><ele>204.25</ele></trkpt>
   <trkpt lat="51.410643" lon="-2.394936"><ele>205.75</ele></trkpt>
   <trkpt lat="51.410853" lon="-2.394874"><ele>209</ele></trkpt>
   <trkpt lat="51.411107" lon="-2.394828"><ele>211.5</ele></trkpt>
   <trkpt lat="51.411279" lon="-2.394822"><ele>213.25</ele></trkpt>
   <trkpt lat="51.411375" lon="-2.394807"><ele>214.25</ele></trkpt>
   <trkpt lat="51.411451" lon="-2.394772"><ele>215</ele></trkpt>
   <trkpt lat="51.411534" lon="-2.394723"><ele>216</ele></trkpt>
   <trkpt lat="51.412086" lon="-2.394326"><ele>220.25</ele></trkpt>
   <trkpt lat="51.412502" lon="-2.394011"><ele>222.5</ele></trkpt>
   <trkpt lat="51.413131" lon="-2.393559"><ele>225</ele></trkpt>
   <trkpt lat="51.413502" lon="-2.393274"><ele>225.75</ele></trkpt>
   <trkpt lat="51.414114" lon="-2.392752"><ele>225</ele></trkpt>
   <trkpt lat="51.414232" lon="-2.392669"><ele>225</ele></trkpt>
   <trkpt lat="51.414481" lon="-2.392442"><ele>225</ele></trkpt>
   <trkpt lat="51.414842" lon="-2.393106"><ele>225</ele></trkpt>
   <trkpt lat="51.415237" lon="-2.393863"><ele>225.5</ele></trkpt>
   <trkpt lat="51.415731" lon="-2.39476"><ele>226.5</ele></trkpt>
   <trkpt lat="51.415846" lon="-2.394947"><ele>226.75</ele></trkpt>
   <trkpt lat="51.415857" lon="-2.394964"><ele>226.75</ele></trkpt>
   <trkpt lat="51.415926" lon="-2.395073"><ele>226.75</ele></trkpt>
   <trkpt lat="51.416097" lon="-2.395284"><ele>227</ele></trkpt>
   <trkpt lat="51.416226" lon="-2.39541"><ele>227</ele></trkpt>
   <trkpt lat="51.416275" lon="-2.395457"><ele>227</ele></trkpt>
   <trkpt lat="51.416439" lon="-2.395597"><ele>226.75</ele></trkpt>
   <trkpt lat="51.416781" lon="-2.395858"><ele>226.75</ele></trkpt>
   <trkpt lat="51.417336" lon="-2.396278"><ele>226.5</ele></trkpt>
   <trkpt lat="51.417705" lon="-2.396537"><ele>226.75</ele></trkpt>
   <trkpt lat="51.418001" lon="-2.396723"><ele>227</ele></trkpt>
   <trkpt lat="51.418908" lon="-2.397238"><ele>227.5</ele></trkpt>
   <trkpt lat="51.41929" lon="-2.397457"><ele>227.75</ele></trkpt>
   <trkpt lat="51.419801" lon="-2.397751"><ele>228.25</ele></trkpt>
   <trkpt lat="51.420942" lon="-2.398397"><ele>228.5</ele></trkpt>
   <trkpt lat="51.421601" lon="-2.398769"><ele>231.25</ele></trkpt>
   <trkpt lat="51.426733" lon="-2.401689"><ele>231</ele></trkpt>
   <trkpt lat="51.427539" lon="-2.402148"><ele>232.75</ele></trkpt>
   <trkpt lat="51.428278" lon="-2.402547"><ele>231</ele></trkpt>
   <trkpt lat="51.428882" lon="-2.402878"><ele>229.75</ele></trkpt>
   <trkpt lat="51.429025" lon="-2.402922"><ele>229.75</ele></trkpt>
   <trkpt lat="51.429155" lon="-2.402948"><ele>229.5</ele></trkpt>
   <trkpt lat="51.429278" lon="-2.402953"><ele>229.5</ele></trkpt>
   <trkpt lat="51.42967" lon="-2.402933"><ele>230.25</ele></trkpt>
   <trkpt lat="51.429956" lon="-2.402915"><ele>230.75</ele></trkpt>
   <trkpt lat="51.430897" lon="-2.40288"><ele>231</ele></trkpt>
   <trkpt lat="51.431056" lon="-2.402836"><ele>230.25</ele></trkpt>
   <trkpt lat="51.43131" lon="-2.402678"><ele>229.25</ele></trkpt>
   <trkpt lat="51.431437" lon="-2.402553"><ele>228.75</ele></trkpt>
   <trkpt lat="51.431726" lon="-2.40201"><ele>227.25</ele></trkpt>
   <trkpt lat="51.431772" lon="-2.401923"><ele>226.25</ele></trkpt>
   <trkpt lat="51.432087" lon="-2.401316"><ele>218.25</ele></trkpt>
   <trkpt lat="51.432319" lon="-2.400719"><ele>214.5</ele></trkpt>
   <trkpt lat="51.43251" lon="-2.400178"><ele>213.5</ele></trkpt>
   <trkpt lat="51.43257" lon="-2.400045"><ele>212.5</ele></trkpt>
   <trkpt lat="51.432653" lon="-2.399951"><ele>210.25</ele></trkpt>
   <trkpt lat="51.432725" lon="-2.399899"><ele>208.25</ele></trkpt>
   <trkpt lat="51.432842" lon="-2.399882"><ele>205</ele></trkpt>
   <trkpt lat="51.432881" lon="-2.399757"><ele>203.75</ele></trkpt>
   <trkpt lat="51.433398" lon="-2.398773"><ele>193.75</ele></trkpt>
   <trkpt lat="51.433596" lon="-2.398471"><ele>190.25</ele></trkpt>
   <trkpt lat="51.433758" lon="-2.398292"><ele>187.25</ele></trkpt>
   <trkpt lat="51.434024" lon="-2.398079"><ele>181.25</ele></trkpt>
   <trkpt lat="51.434178" lon="-2.397977"><ele>178.25</ele></trkpt>
   <trkpt lat="51.434337" lon="-2.397919"><ele>176.5</ele></trkpt>
   <trkpt lat="51.434509" lon="-2.397889"><ele>174.75</ele></trkpt>
   <trkpt lat="51.434688" lon="-2.397903"><ele>172.75</ele></trkpt>
   <trkpt lat="51.435881" lon="-2.398136"><ele>166</ele></trkpt>
   <trkpt lat="51.436035" lon="-2.398162"><ele>166.75</ele></trkpt>
   <trkpt lat="51.436127" lon="-2.398156"><ele>167</ele></trkpt>
   <trkpt lat="51.436195" lon="-2.398147"><ele>167.25</ele></trkpt>
   <trkpt lat="51.436723" lon="-2.397998"><ele>168.5</ele></trkpt>
   <trkpt lat="51.436946" lon="-2.39796"><ele>171.25</ele></trkpt>
   <trkpt lat="51.437145" lon="-2.397954"><ele>173.75</ele></trkpt>
   <trkpt lat="51.437819" lon="-2.398016"><ele>183.75</ele></trkpt>
   <trkpt lat="51.438027" lon="-2.398005"><ele>186.25</ele></trkpt>
   <trkpt lat="51.438232" lon="-2.397978"><ele>188.75</ele></trkpt>
   <trkpt lat="51.439162" lon="-2.397757"><ele>198.25</ele></trkpt>
   <trkpt lat="51.439824" lon="-2.397569"><ele>201.25</ele></trkpt>
   <trkpt lat="51.44017" lon="-2.397495"><ele>203</ele></trkpt>
   <trkpt lat="51.440549" lon="-2.397456"><ele>205.5</ele></trkpt>
   <trkpt lat="51.441062" lon="-2.397438"><ele>207.75</ele></trkpt>
   <trkpt lat="51.441378" lon="-2.397422"><ele>207.75</ele></trkpt>
   <trkpt lat="51.44153" lon="-2.397401"><ele>208</ele></trkpt>
   <trkpt lat="51.441644" lon="-2.39736"><ele>208</ele></trkpt>
   <trkpt lat="51.441739" lon="-2.397285"><ele>208</ele></trkpt>
   <trkpt lat="51.441845" lon="-2.397191"><ele>208.25</ele></trkpt>
   <trkpt lat="51.442017" lon="-2.397015"><ele>208.5</ele></trkpt>
   <trkpt lat="51.442819" lon="-2.396114"><ele>209.25</ele></trkpt>
   <trkpt lat="51.443554" lon="-2.395494"><ele>208.5</ele></trkpt>
   <trkpt lat="51.444702" lon="-2.394471"><ele>207.5</ele></trkpt>
   <trkpt lat="51.444892" lon="-2.394315"><ele>207.5</ele></trkpt>
   <trkpt lat="51.445058" lon="-2.394202"><ele>207.75</ele></trkpt>
   <trkpt lat="51.445403" lon="-2.394046"><ele>207.5</ele></trkpt>
   <trkpt lat="51.445698" lon="-2.393969"><ele>207.25</ele></trkpt>
   <trkpt lat="51.446095" lon="-2.393851"><ele>206.75</ele></trkpt>
   <trkpt lat="51.44657" lon="-2.393751"><ele>205.75</ele></trkpt>
   <trkpt lat="51.446699" lon="-2.393734"><ele>205.5</ele></trkpt>
   <trkpt lat="51.446861" lon="-2.39369"><ele>205.5</ele></trkpt>
   <trkpt lat="51.447571" lon="-2.393392"><ele>206.5</ele></trkpt>
   <trkpt lat="51.447739" lon="-2.393298"><ele>206.75</ele></trkpt>
   <trkpt lat="51.447907" lon="-2.39317"><ele>206.75</ele></trkpt>
   <trkpt lat="51.448088" lon="-2.392951"><ele>207</ele></trkpt>
   <trkpt lat="51.448281" lon="-2.392633"><ele>207.5</ele></trkpt>
   <trkpt lat="51.448565" lon="-2.392107"><ele>209.5</ele></trkpt>
   <trkpt lat="51.448734" lon="-2.391837"><ele>210.75</ele></trkpt>
   <trkpt lat="51.448987" lon="-2.391454"><ele>212</ele></trkpt>
   <trkpt lat="51.449695" lon="-2.390452"><ele>215.25</ele></trkpt>
   <trkpt lat="51.450175" lon="-2.389714"><ele>217.5</ele></trkpt>
   <trkpt lat="51.450549" lon="-2.389119"><ele>217.5</ele></trkpt>
   <trkpt lat="51.450728" lon="-2.388839"><ele>217.25</ele></trkpt>
   <trkpt lat="51.450815" lon="-2.388721"><ele>217.25</ele></trkpt>
   <trkpt lat="51.451333" lon="-2.388166"><ele>214.5</ele></trkpt>
   <trkpt lat="51.451554" lon="-2.3879"><ele>213.75</ele></trkpt>
   <trkpt lat="51.451643" lon="-2.38778"><ele>213.75</ele></trkpt>
   <trkpt lat="51.451741" lon="-2.387624"><ele>213.25</ele></trkpt>
   <trkpt lat="51.452055" lon="-2.387069"><ele>212.25</ele></trkpt>
   <trkpt lat="51.45219" lon="-2.386997"><ele>211.75</ele></trkpt>
   <trkpt lat="51.452443" lon="-2.38693"><ele>210.25</ele></trkpt>
   <trkpt lat="51.452365" lon="-2.386268"><ele>212.5</ele></trkpt>
   <trkpt lat="51.452344" lon="-2.38609"><ele>213</ele></trkpt>
   <trkpt lat="51.452484" lon="-2.385776"><ele>213</ele></trkpt>
   <trkpt lat="51.452562" lon="-2.385647"><ele>212.75</ele></trkpt>
   <trkpt lat="51.452613" lon="-2.385607"><ele>212.25</ele></trkpt>
   <trkpt lat="51.452769" lon="-2.385426"><ele>211</ele></trkpt>
   <trkpt lat="51.452953" lon="-2.38511"><ele>210.5</ele></trkpt>
   <trkpt lat="51.453129" lon="-2.384749"><ele>210.25</ele></trkpt>
   <trkpt lat="51.453319" lon="-2.384358"><ele>210.25</ele></trkpt>
   <trkpt lat="51.453443" lon="-2.384147"><ele>210.25</ele></trkpt>
   <trkpt lat="51.453707" lon="-2.38375"><ele>210.75</ele></trkpt>
   <trkpt lat="51.454187" lon="-2.383094"><ele>211.25</ele></trkpt>
   <trkpt lat="51.45451" lon="-2.382614"><ele>211</ele></trkpt>
   <trkpt lat="51.455171" lon="-2.381573"><ele>210</ele></trkpt>
   <trkpt lat="51.455802" lon="-2.380896"><ele>208</ele></trkpt>
   <trkpt lat="51.457145" lon="-2.379957"><ele>204.25</ele></trkpt>
   <trkpt lat="51.457915" lon="-2.379418"><ele>202.25</ele></trkpt>
   <trkpt lat="51.458178" lon="-2.379089"><ele>202.5</ele></trkpt>
   <trkpt lat="51.458427" lon="-2.378812"><ele>203</ele></trkpt>
   <trkpt lat="51.458681" lon="-2.378554"><ele>203.5</ele></trkpt>
   <trkpt lat="51.45902" lon="-2.378252"><ele>204</ele></trkpt>
   <trkpt lat="51.459421" lon="-2.377969"><ele>203</ele></trkpt>
   <trkpt lat="51.459652" lon="-2.377789"><ele>202.5</ele></trkpt>
   <trkpt lat="51.460402" lon="-2.376997"><ele>204</ele></trkpt>
   <trkpt lat="51.460759" lon="-2.376512"><ele>205.5</ele></trkpt>
   <trkpt lat="51.461651" lon="-2.375189"><ele>204.25</ele></trkpt>
   <trkpt lat="51.46198" lon="-2.374736"><ele>204</ele></trkpt>
   <trkpt lat="51.462104" lon="-2.37452"><ele>204</ele></trkpt>
   <trkpt lat="51.462286" lon="-2.374156"><ele>204</ele></trkpt>
   <trkpt lat="51.462688" lon="-2.373443"><ele>204.75</ele></trkpt>
   <trkpt lat="51.464115" lon="-2.371204"><ele>199.25</ele></trkpt>
   <trkpt lat="51.464774" lon="-2.370343"><ele>196</ele></trkpt>
   <trkpt lat="51.465165" lon="-2.369754"><ele>196</ele></trkpt>
   <trkpt lat="51.466456" lon="-2.368512"><ele>191.5</ele></trkpt>
   <trkpt lat="51.466685" lon="-2.368333"><ele>191</ele></trkpt>
   <trkpt lat="51.467289" lon="-2.368067"><ele>193</ele></trkpt>
   <trkpt lat="51.467654" lon="-2.367889"><ele>195.5</ele></trkpt>
   <trkpt lat="51.468576" lon="-2.367286"><ele>205.5</ele></trkpt>
   <trkpt lat="51.469283" lon="-2.36685"><ele>213.5</ele></trkpt>
   <trkpt lat="51.469475" lon="-2.366702"><ele>214.5</ele></trkpt>
   <trkpt lat="51.469509" lon="-2.366654"><ele>214.75</ele></trkpt>
   <trkpt lat="51.469538" lon="-2.366585"><ele>214.75</ele></trkpt>
   <trkpt lat="51.469557" lon="-2.366469"><ele>214.5</ele></trkpt>
   <trkpt lat="51.469564" lon="-2.366385"><ele>214.5</ele></trkpt>
   <trkpt lat="51.469565" lon="-2.366139"><ele>214.25</ele></trkpt>
   <trkpt lat="51.469566" lon="-2.366073"><ele>214.25</ele></trkpt>
   <trkpt lat="51.469563" lon="-2.365986"><ele>214</ele></trkpt>
   <trkpt lat="51.469792" lon="-2.36597"><ele>214</ele></trkpt>
   <trkpt lat="51.470198" lon="-2.365911"><ele>213.25</ele></trkpt>
   <trkpt lat="51.470516" lon="-2.365829"><ele>212</ele></trkpt>
   <trkpt lat="51.470771" lon="-2.365761"><ele>211</ele></trkpt>
   <trkpt lat="51.47148" lon="-2.365509"><ele>208.5</ele></trkpt>
   <trkpt lat="51.472288" lon="-2.365198"><ele>208.5</ele></trkpt>
   <trkpt lat="51.472849" lon="-2.364985"><ele>206.5</ele></trkpt>
   <trkpt lat="51.47347" lon="-2.364754"><ele>201.25</ele></trkpt>
   <trkpt lat="51.473791" lon="-2.364621"><ele>199.75</ele></trkpt>
   <trkpt lat="51.474023" lon="-2.364501"><ele>198.5</ele></trkpt>
   <trkpt lat="51.474574" lon="-2.364165"><ele>197.25</ele></trkpt>
   <trkpt lat="51.475034" lon="-2.363837"><ele>197.5</ele></trkpt>
   <trkpt lat="51.475456" lon="-2.36349"><ele>196.5</ele></trkpt>
   <trkpt lat="51.475805" lon="-2.363177"><ele>195.75</ele></trkpt>
   <trkpt lat="51.476209" lon="-2.36279"><ele>195.25</ele></trkpt>
   <trkpt lat="51.476516" lon="-2.362514"><ele>195</ele></trkpt>
   <trkpt lat="51.476842" lon="-2.362259"><ele>194.25</ele></trkpt>
   <trkpt lat="51.477063" lon="-2.362108"><ele>194.25</ele></trkpt>
   <trkpt lat="51.477302" lon="-2.361964"><ele>194</ele></trkpt>
   <trkpt lat="51.477647" lon="-2.361805"><ele>194.25</ele></trkpt>
   <trkpt lat="51.478033" lon="-2.361674"><ele>194.5</ele></trkpt>
   <trkpt lat="51.478443" lon="-2.361618"><ele>194.5</ele></trkpt>
   <trkpt lat="51.478955" lon="-2.36166"><ele>193.25</ele></trkpt>
   <trkpt lat="51.480449" lon="-2.361825"><ele>191.5</ele></trkpt>
   <trkpt lat="51.480856" lon="-2.361875"><ele>191.25</ele></trkpt>
   <trkpt lat="51.481341" lon="-2.361924"><ele>193.5</ele></trkpt>
   <trkpt lat="51.482979" lon="-2.362136"><ele>189.75</ele></trkpt>
   <trkpt lat="51.483483" lon="-2.362168"><ele>186.25</ele></trkpt>
   <trkpt lat="51.483715" lon="-2.362152"><ele>185</ele></trkpt>
   <trkpt lat="51.48395" lon="-2.362105"><ele>183.25</ele></trkpt>
   <trkpt lat="51.484143" lon="-2.362042"><ele>182</ele></trkpt>
   <trkpt lat="51.48429" lon="-2.361974"><ele>181.75</ele></trkpt>
   <trkpt lat="51.484726" lon="-2.361752"><ele>181.75</ele></trkpt>
   <trkpt lat="51.485481" lon="-2.361309"><ele>183.25</ele></trkpt>
   <trkpt lat="51.485822" lon="-2.361081"><ele>184.25</ele></trkpt>
   <trkpt lat="51.486156" lon="-2.360831"><ele>184.75</ele></trkpt>
   <trkpt lat="51.486697" lon="-2.360418"><ele>187.5</ele></trkpt>
   <trkpt lat="51.487851" lon="-2.35956"><ele>195.75</ele></trkpt>
   <trkpt lat="51.488103" lon="-2.359338"><ele>196.75</ele></trkpt>
   <trkpt lat="51.488257" lon="-2.359184"><ele>197.5</ele></trkpt>
   <trkpt lat="51.488401" lon="-2.35902"><ele>198.25</ele></trkpt>
   <trkpt lat="51.48882" lon="-2.35847"><ele>199.25</ele></trkpt>
   <trkpt lat="51.489156" lon="-2.358043"><ele>199</ele></trkpt>
   <trkpt lat="51.489494" lon="-2.357644"><ele>199</ele></trkpt>
   <trkpt lat="51.489795" lon="-2.35734"><ele>199</ele></trkpt>
   <trkpt lat="51.490089" lon="-2.357087"><ele>199.5</ele></trkpt>
   <trkpt lat="51.490243" lon="-2.356973"><ele>200</ele></trkpt>
   <trkpt lat="51.490356" lon="-2.356907"><ele>200.25</ele></trkpt>
   <trkpt lat="51.490477" lon="-2.356826"><ele>200.25</ele></trkpt>
   <trkpt lat="51.490628" lon="-2.356739"><ele>200.5</ele></trkpt>
   <trkpt lat="51.490799" lon="-2.356652"><ele>200.75</ele></trkpt>
   <trkpt lat="51.490973" lon="-2.356591"><ele>200.5</ele></trkpt>
   <trkpt lat="51.49121" lon="-2.356539"><ele>199.75</ele></trkpt>
   <trkpt lat="51.491445" lon="-2.3565"><ele>199.25</ele></trkpt>
   <trkpt lat="51.491712" lon="-2.356435"><ele>198.5</ele></trkpt>
   <trkpt lat="51.491985" lon="-2.356338"><ele>198</ele></trkpt>
   <trkpt lat="51.492735" lon="-2.355985"><ele>196.75</ele></trkpt>
   <trkpt lat="51.494209" lon="-2.355214"><ele>194.5</ele></trkpt>
   <trkpt lat="51.495886" lon="-2.35437"><ele>194.25</ele></trkpt>
   <trkpt lat="51.496131" lon="-2.354222"><ele>194.75</ele></trkpt>
   <trkpt lat="51.496363" lon="-2.354057"><ele>195</ele></trkpt>
   <trkpt lat="51.496758" lon="-2.353745"><ele>195.25</ele></trkpt>
   <trkpt lat="51.496919" lon="-2.3536"><ele>195.5</ele></trkpt>
   <trkpt lat="51.497276" lon="-2.353264"><ele>195.75</ele></trkpt>
   <trkpt lat="51.497472" lon="-2.353058"><ele>195.75</ele></trkpt>
   <trkpt lat="51.497607" lon="-2.352897"><ele>195.25</ele></trkpt>
   <trkpt lat="51.497691" lon="-2.35279"><ele>195</ele></trkpt>
   <trkpt lat="51.498186" lon="-2.352186"><ele>193.75</ele></trkpt>
   <trkpt lat="51.498347" lon="-2.352064"><ele>193.75</ele></trkpt>
   <trkpt lat="51.498492" lon="-2.351875"><ele>193.5</ele></trkpt>
   <trkpt lat="51.498953" lon="-2.351369"><ele>192</ele></trkpt>
   <trkpt lat="51.499192" lon="-2.351129"><ele>191.5</ele></trkpt>
   <trkpt lat="51.499634" lon="-2.350736"><ele>191</ele></trkpt>
   <trkpt lat="51.499844" lon="-2.350571"><ele>190.75</ele></trkpt>
   <trkpt lat="51.500288" lon="-2.35025"><ele>189.5</ele></trkpt>
   <trkpt lat="51.500523" lon="-2.350103"><ele>189</ele></trkpt>
   <trkpt lat="51.50062" lon="-2.350052"><ele>189</ele></trkpt>
   <trkpt lat="51.500702" lon="-2.350031"><ele>189</ele></trkpt>
   <trkpt lat="51.500773" lon="-2.350022"><ele>189</ele></trkpt>
   <trkpt lat="51.50089" lon="-2.350046"><ele>188.75</ele></trkpt>
   <trkpt lat="51.501012" lon="-2.350106"><ele>188.5</ele></trkpt>
   <trkpt lat="51.501168" lon="-2.350268"><ele>188.25</ele></trkpt>
   <trkpt lat="51.501288" lon="-2.35046"><ele>187.75</ele></trkpt>
   <trkpt lat="51.501395" lon="-2.350568"><ele>187.25</ele></trkpt>
   <trkpt lat="51.501549" lon="-2.350642"><ele>186.5</ele></trkpt>
   <trkpt lat="51.501682" lon="-2.350685"><ele>186.5</ele></trkpt>
   <trkpt lat="51.50178" lon="-2.350711"><ele>186.75</ele></trkpt>
   <trkpt lat="51.501971" lon="-2.350703"><ele>186.75</ele></trkpt>
   <trkpt lat="51.502107" lon="-2.350676"><ele>187</ele></trkpt>
   <trkpt lat="51.502246" lon="-2.350616"><ele>187.25</ele></trkpt>
   <trkpt lat="51.502334" lon="-2.350568"><ele>187.25</ele></trkpt>
   <trkpt lat="51.502508" lon="-2.350415"><ele>188</ele></trkpt>
   <trkpt lat="51.502563" lon="-2.350332"><ele>188.25</ele></trkpt>
   <trkpt lat="51.50265" lon="-2.350155"><ele>189.25</ele></trkpt>
   <trkpt lat="51.502747" lon="-2.35003"><ele>190</ele></trkpt>
   <trkpt lat="51.502798" lon="-2.349955"><ele>190.25</ele></trkpt>
   <trkpt lat="51.5029" lon="-2.349832"><ele>190.5</ele></trkpt>
   <trkpt lat="51.503029" lon="-2.349707"><ele>191</ele></trkpt>
   <trkpt lat="51.50318" lon="-2.349607"><ele>191.25</ele></trkpt>
   <trkpt lat="51.503279" lon="-2.349512"><ele>191.5</ele></trkpt>
   <trkpt lat="51.504075" lon="-2.349013"><ele>192</ele></trkpt>
   <trkpt lat="51.504556" lon="-2.348668"><ele>192.75</ele></trkpt>
   <trkpt lat="51.504581" lon="-2.34865"><ele>192.75</ele></trkpt>
   <trkpt lat="51.504704" lon="-2.348562"><ele>193</ele></trkpt>
   <trkpt lat="51.504813" lon="-2.348478"><ele>193.25</ele></trkpt>
   <trkpt lat="51.505193" lon="-2.348185"><ele>194.75</ele></trkpt>
   <trkpt lat="51.505771" lon="-2.347635"><ele>196.25</ele></trkpt>
   <trkpt lat="51.506398" lon="-2.346942"><ele>194</ele></trkpt>
   <trkpt lat="51.508144" lon="-2.344687"><ele>187.5</ele></trkpt>
   <trkpt lat="51.508594" lon="-2.344086"><ele>182.5</ele></trkpt>
   <trkpt lat="51.509025" lon="-2.343527"><ele>177.25</ele></trkpt>
   <trkpt lat="51.509276" lon="-2.34327"><ele>174.5</ele></trkpt>
   <trkpt lat="51.509501" lon="-2.343105"><ele>171.5</ele></trkpt>
   <trkpt lat="51.509696" lon="-2.342993"><ele>169.5</ele></trkpt>
   <trkpt lat="51.509873" lon="-2.342926"><ele>168</ele></trkpt>
   <trkpt lat="51.510111" lon="-2.342851"><ele>167.25</ele></trkpt>
   <trkpt lat="51.51037" lon="-2.342848"><ele>167.5</ele></trkpt>
   <trkpt lat="51.510682" lon="-2.342902"><ele>167.75</ele></trkpt>
   <trkpt lat="51.511364" lon="-2.34319"><ele>170.75</ele></trkpt>
   <trkpt lat="51.512155" lon="-2.343407"><ele>174.5</ele></trkpt>
   <trkpt lat="51.512587" lon="-2.343485"><ele>176</ele></trkpt>
   <trkpt lat="51.513747" lon="-2.343656"><ele>181</ele></trkpt>
   <trkpt lat="51.514871" lon="-2.343834"><ele>185.5</ele></trkpt>
   <trkpt lat="51.516269" lon="-2.344099"><ele>190</ele></trkpt>
   <trkpt lat="51.516947" lon="-2.344208"><ele>191.5</ele></trkpt>
   <trkpt lat="51.518444" lon="-2.344364"><ele>192.75</ele></trkpt>
   <trkpt lat="51.518706" lon="-2.344391"><ele>193.5</ele></trkpt>
   <trkpt lat="51.519316" lon="-2.34439"><ele>194.5</ele></trkpt>
   <trkpt lat="51.519808" lon="-2.344319"><ele>193.5</ele></trkpt>
   <trkpt lat="51.520115" lon="-2.344288"><ele>193</ele></trkpt>
   <trkpt lat="51.520729" lon="-2.344258"><ele>191.25</ele></trkpt>
   <trkpt lat="51.521543" lon="-2.344329"><ele>191.75</ele></trkpt>
   <trkpt lat="51.522021" lon="-2.344394"><ele>191.75</ele></trkpt>
   <trkpt lat="51.523357" lon="-2.344606"><ele>190.25</ele></trkpt>
   <trkpt lat="51.523821" lon="-2.34458"><ele>186.5</ele></trkpt>
   <trkpt lat="51.524185" lon="-2.344499"><ele>183.75</ele></trkpt>
   <trkpt lat="51.524402" lon="-2.344433"><ele>183.25</ele></trkpt>
   <trkpt lat="51.52492" lon="-2.344225"><ele>182</ele></trkpt>
   <trkpt lat="51.525153" lon="-2.344018"><ele>181.25</ele></trkpt>
   <trkpt lat="51.525172" lon="-2.344001"><ele>181.25</ele></trkpt>
   <trkpt lat="51.525371" lon="-2.343736"><ele>180.75</ele></trkpt>
   <trkpt lat="51.525635" lon="-2.343311"><ele>180.5</ele></trkpt>
   <trkpt lat="51.526303" lon="-2.342202"><ele>177.25</ele></trkpt>
   <trkpt lat="51.526481" lon="-2.341978"><ele>176.75</ele></trkpt>
   <trkpt lat="51.526626" lon="-2.341871"><ele>176.5</ele></trkpt>
   <trkpt lat="51.526781" lon="-2.3418"><ele>176.25</ele></trkpt>
   <trkpt lat="51.526923" lon="-2.341783"><ele>176.25</ele></trkpt>
   <trkpt lat="51.527049" lon="-2.341798"><ele>176</ele></trkpt>
   <trkpt lat="51.527189" lon="-2.341868"><ele>175.5</ele></trkpt>
   <trkpt lat="51.527762" lon="-2.342217"><ele>173.75</ele></trkpt>
   <trkpt lat="51.527917" lon="-2.342322"><ele>173.5</ele></trkpt>
   <trkpt lat="51.528016" lon="-2.34239"><ele>173.5</ele></trkpt>
   <trkpt lat="51.528487" lon="-2.34271"><ele>173.5</ele></trkpt>
   <trkpt lat="51.528677" lon="-2.342825"><ele>173.25</ele></trkpt>
   <trkpt lat="51.528837" lon="-2.342923"><ele>173.25</ele></trkpt>
   <trkpt lat="51.528961" lon="-2.342963"><ele>173.25</ele></trkpt>
   <trkpt lat="51.529148" lon="-2.34301"><ele>173.25</ele></trkpt>
   <trkpt lat="51.529451" lon="-2.343065"><ele>173.75</ele></trkpt>
   <trkpt lat="51.530277" lon="-2.343235"><ele>175.75</ele></trkpt>
   <trkpt lat="51.530937" lon="-2.343347"><ele>177.75</ele></trkpt>
   <trkpt lat="51.531104" lon="-2.343366"><ele>177.75</ele></trkpt>
   <trkpt lat="51.531729" lon="-2.343438"><ele>177.25</ele></trkpt>
   <trkpt lat="51.532566" lon="-2.343496"><ele>179</ele></trkpt>
   <trkpt lat="51.532638" lon="-2.343501"><ele>179</ele></trkpt>
   <trkpt lat="51.5329" lon="-2.343564"><ele>178.75</ele></trkpt>
   <trkpt lat="51.533522" lon="-2.343762"><ele>179</ele></trkpt>
   <trkpt lat="51.533735" lon="-2.343813"><ele>179</ele></trkpt>
   <trkpt lat="51.534048" lon="-2.343837"><ele>179</ele></trkpt>
   <trkpt lat="51.534329" lon="-2.343821"><ele>179</ele></trkpt>
   <trkpt lat="51.534621" lon="-2.343758"><ele>179</ele></trkpt>
   <trkpt lat="51.534909" lon="-2.343656"><ele>178.75</ele></trkpt>
   <trkpt lat="51.535197" lon="-2.343527"><ele>178.5</ele></trkpt>
   <trkpt lat="51.535865" lon="-2.343177"><ele>178.5</ele></trkpt>
   <trkpt lat="51.537686" lon="-2.342087"><ele>178.5</ele></trkpt>
   <trkpt lat="51.537863" lon="-2.341978"><ele>178.5</ele></trkpt>
   <trkpt lat="51.53822" lon="-2.341744"><ele>178</ele></trkpt>
   <trkpt lat="51.538833" lon="-2.341342"><ele>177.25</ele></trkpt>
   <trkpt lat="51.539329" lon="-2.341029"><ele>177.25</ele></trkpt>
   <trkpt lat="51.539911" lon="-2.340701"><ele>177.5</ele></trkpt>
   <trkpt lat="51.540112" lon="-2.340588"><ele>177.5</ele></trkpt>
   <trkpt lat="51.540424" lon="-2.34039"><ele>177.75</ele></trkpt>
   <trkpt lat="51.540681" lon="-2.340206"><ele>178</ele></trkpt>
   <trkpt lat="51.541438" lon="-2.33954"><ele>177.5</ele></trkpt>
   <trkpt lat="51.541813" lon="-2.33923"><ele>177.25</ele></trkpt>
   <trkpt lat="51.542593" lon="-2.338646"><ele>176.75</ele></trkpt>
   <trkpt lat="51.54276" lon="-2.338531"><ele>177</ele></trkpt>
   <trkpt lat="51.543171" lon="-2.338247"><ele>177.25</ele></trkpt>
   <trkpt lat="51.543982" lon="-2.337777"><ele>178</ele></trkpt>
   <trkpt lat="51.544194" lon="-2.337631"><ele>178.25</ele></trkpt>
   <trkpt lat="51.544468" lon="-2.33742"><ele>177.75</ele></trkpt>
   <trkpt lat="51.544834" lon="-2.337099"><ele>177</ele></trkpt>
   <trkpt lat="51.545103" lon="-2.336835"><ele>176.5</ele></trkpt>
   <trkpt lat="51.545409" lon="-2.336519"><ele>176</ele></trkpt>
   <trkpt lat="51.545821" lon="-2.336026"><ele>175.25</ele></trkpt>
   <trkpt lat="51.546362" lon="-2.335276"><ele>173.75</ele></trkpt>
   <trkpt lat="51.546702" lon="-2.334732"><ele>173</ele></trkpt>
   <trkpt lat="51.5473" lon="-2.333715"><ele>170</ele></trkpt>
   <trkpt lat="51.547441" lon="-2.333498"><ele>169.5</ele></trkpt>
   <trkpt lat="51.547859" lon="-2.332867"><ele>168.5</ele></trkpt>
   <trkpt lat="51.548087" lon="-2.332563"><ele>168.5</ele></trkpt>
   <trkpt lat="51.548782" lon="-2.331752"><ele>167.5</ele></trkpt>
   <trkpt lat="51.549274" lon="-2.331206"><ele>168.25</ele></trkpt>
   <trkpt lat="51.550289" lon="-2.330112"><ele>174.5</ele></trkpt>
   <trkpt lat="51.550627" lon="-2.329796"><ele>176.5</ele></trkpt>
   <trkpt lat="51.550785" lon="-2.329664"><ele>177.5</ele></trkpt>
   <trkpt lat="51.552233" lon="-2.32846"><ele>184.5</ele></trkpt>
   <trkpt lat="51.552636" lon="-2.328097"><ele>185.25</ele></trkpt>
   <trkpt lat="51.552845" lon="-2.327824"><ele>185.5</ele></trkpt>
   <trkpt lat="51.553023" lon="-2.327535"><ele>185.5</ele></trkpt>
   <trkpt lat="51.553182" lon="-2.327175"><ele>185.25</ele></trkpt>
   <trkpt lat="51.55392" lon="-2.324927"><ele>181.5</ele></trkpt>
   <trkpt lat="51.554283" lon="-2.323878"><ele>180.5</ele></trkpt>
   <trkpt lat="51.554556" lon="-2.323247"><ele>181.25</ele></trkpt>
   <trkpt lat="51.5547" lon="-2.322997"><ele>182</ele></trkpt>
   <trkpt lat="51.554756" lon="-2.322915"><ele>182.25</ele></trkpt>
   <trkpt lat="51.556931" lon="-2.319752"><ele>181</ele></trkpt>
   <trkpt lat="51.557472" lon="-2.319004"><ele>180.25</ele></trkpt>
   <trkpt lat="51.558155" lon="-2.318111"><ele>179</ele></trkpt>
   <trkpt lat="51.558824" lon="-2.317285"><ele>178</ele></trkpt>
   <trkpt lat="51.559464" lon="-2.316424"><ele>177</ele></trkpt>
   <trkpt lat="51.560088" lon="-2.315545"><ele>177.5</ele></trkpt>
   <trkpt lat="51.560792" lon="-2.314505"><ele>175.75</ele></trkpt>
   <trkpt lat="51.561635" lon="-2.31316"><ele>173.75</ele></trkpt>
   <trkpt lat="51.562023" lon="-2.312491"><ele>173.5</ele></trkpt>
   <trkpt lat="51.562449" lon="-2.311849"><ele>173.5</ele></trkpt>
   <trkpt lat="51.562571" lon="-2.3117"><ele>174</ele></trkpt>
   <trkpt lat="51.562691" lon="-2.311555"><ele>173.5</ele></trkpt>
   <trkpt lat="51.562836" lon="-2.311436"><ele>173.25</ele></trkpt>
   <trkpt lat="51.562883" lon="-2.311397"><ele>173.25</ele></trkpt>
   <trkpt lat="51.563386" lon="-2.311002"><ele>172.5</ele></trkpt>
   <trkpt lat="51.564087" lon="-2.310489"><ele>170.5</ele></trkpt>
   <trkpt lat="51.564815" lon="-2.309956"><ele>166</ele></trkpt>
   <trkpt lat="51.565803" lon="-2.309276"><ele>158.25</ele></trkpt>
   <trkpt lat="51.56655" lon="-2.308813"><ele>157.5</ele></trkpt>
   <trkpt lat="51.566739" lon="-2.308697"><ele>158</ele></trkpt>
   <trkpt lat="51.566791" lon="-2.308666"><ele>158.25</ele></trkpt>
   <trkpt lat="51.56707" lon="-2.308495"><ele>160.5</ele></trkpt>
   <trkpt lat="51.567376" lon="-2.308339"><ele>163</ele></trkpt>
   <trkpt lat="51.567705" lon="-2.30817"><ele>164</ele></trkpt>
   <trkpt lat="51.568249" lon="-2.307893"><ele>164.75</ele></trkpt>
   <trkpt lat="51.568536" lon="-2.307726"><ele>164.75</ele></trkpt>
   <trkpt lat="51.56881" lon="-2.307566"><ele>165</ele></trkpt>
   <trkpt lat="51.569148" lon="-2.307338"><ele>165.75</ele></trkpt>
   <trkpt lat="51.569387" lon="-2.307153"><ele>166.5</ele></trkpt>
   <trkpt lat="51.57021" lon="-2.306545"><ele>168.75</ele></trkpt>
   <trkpt lat="51.571006" lon="-2.305923"><ele>169.25</ele></trkpt>
   <trkpt lat="51.571985" lon="-2.30509"><ele>170.5</ele></trkpt>
   <trkpt lat="51.572327" lon="-2.304784"><ele>171.25</ele></trkpt>
   <trkpt lat="51.573307" lon="-2.303868"><ele>170.5</ele></trkpt>
   <trkpt lat="51.573682" lon="-2.303507"><ele>170.25</ele></trkpt>
   <trkpt lat="51.574694" lon="-2.30249"><ele>167</ele></trkpt>
   <trkpt lat="51.575179" lon="-2.302023"><ele>165.25</ele></trkpt>
   <trkpt lat="51.57523" lon="-2.301973"><ele>165.25</ele></trkpt>
   <trkpt lat="51.575276" lon="-2.30193"><ele>165</ele></trkpt>
   <trkpt lat="51.575348" lon="-2.301759"><ele>164.75</ele></trkpt>
   <trkpt lat="51.575461" lon="-2.301491"><ele>164.25</ele></trkpt>
   <trkpt lat="51.575689" lon="-2.30089"><ele>163.25</ele></trkpt>
   <trkpt lat="51.57578" lon="-2.300566"><ele>162.75</ele></trkpt>
   <trkpt lat="51.575836" lon="-2.30027"><ele>162.5</ele></trkpt>
   <trkpt lat="51.575875" lon="-2.299951"><ele>162.5</ele></trkpt>
   <trkpt lat="51.575904" lon="-2.299336"><ele>162.75</ele></trkpt>
   <trkpt lat="51.575922" lon="-2.298611"><ele>164</ele></trkpt>
   <trkpt lat="51.575958" lon="-2.297701"><ele>162.75</ele></trkpt>
   <trkpt lat="51.576019" lon="-2.296791"><ele>160</ele></trkpt>
   <trkpt lat="51.576068" lon="-2.296293"><ele>159.25</ele></trkpt>
   <trkpt lat="51.576142" lon="-2.295798"><ele>158.5</ele></trkpt>
   <trkpt lat="51.576242" lon="-2.295266"><ele>157.75</ele></trkpt>
   <trkpt lat="51.576415" lon="-2.294589"><ele>156.5</ele></trkpt>
   <trkpt lat="51.57655" lon="-2.293986"><ele>155</ele></trkpt>
   <trkpt lat="51.576798" lon="-2.292477"><ele>152.25</ele></trkpt>
   <trkpt lat="51.576879" lon="-2.292114"><ele>152.25</ele></trkpt>
   <trkpt lat="51.57704" lon="-2.291658"><ele>152</ele></trkpt>
   <trkpt lat="51.577256" lon="-2.291197"><ele>151.5</ele></trkpt>
   <trkpt lat="51.577626" lon="-2.290404"><ele>152.25</ele></trkpt>
   <trkpt lat="51.578044" lon="-2.289479"><ele>155.25</ele></trkpt>
   <trkpt lat="51.578431" lon="-2.288561"><ele>157.25</ele></trkpt>
   <trkpt lat="51.579297" lon="-2.286365"><ele>159</ele></trkpt>
   <trkpt lat="51.579868" lon="-2.285177"><ele>158.25</ele></trkpt>
   <trkpt lat="51.580063" lon="-2.284639"><ele>158</ele></trkpt>
   <trkpt lat="51.580184" lon="-2.284157"><ele>158</ele></trkpt>
   <trkpt lat="51.580307" lon="-2.283552"><ele>158.5</ele></trkpt>
   <trkpt lat="51.580669" lon="-2.281923"><ele>157.5</ele></trkpt>
   <trkpt lat="51.581259" lon="-2.279535"><ele>156.5</ele></trkpt>
   <trkpt lat="51.581476" lon="-2.278761"><ele>155.5</ele></trkpt>
   <trkpt lat="51.581637" lon="-2.278278"><ele>155</ele></trkpt>
   <trkpt lat="51.581885" lon="-2.277774"><ele>155.75</ele></trkpt>
   <trkpt lat="51.582109" lon="-2.277531"><ele>156.25</ele></trkpt>
   <trkpt lat="51.582401" lon="-2.277377"><ele>157.25</ele></trkpt>
   <trkpt lat="51.583152" lon="-2.277104"><ele>159</ele></trkpt>
   <trkpt lat="51.58342" lon="-2.276988"><ele>159.25</ele></trkpt>
   <trkpt lat="51.583666" lon="-2.27683"><ele>158.5</ele></trkpt>
   <trkpt lat="51.583875" lon="-2.276568"><ele>157.75</ele></trkpt>
   <trkpt lat="51.584045" lon="-2.276238"><ele>157</ele></trkpt>
   <trkpt lat="51.584151" lon="-2.275832"><ele>157</ele></trkpt>
   <trkpt lat="51.584203" lon="-2.275511"><ele>157.25</ele></trkpt>
   <trkpt lat="51.584203" lon="-2.275085"><ele>157.75</ele></trkpt>
   <trkpt lat="51.584117" lon="-2.273781"><ele>158</ele></trkpt>
   <trkpt lat="51.584064" lon="-2.272856"><ele>158.75</ele></trkpt>
   <trkpt lat="51.584085" lon="-2.272457"><ele>159</ele></trkpt>
   <trkpt lat="51.584217" lon="-2.271734"><ele>159.5</ele></trkpt>
   <trkpt lat="51.584377" lon="-2.271068"><ele>157</ele></trkpt>
   <trkpt lat="51.584892" lon="-2.269095"><ele>151.75</ele></trkpt>
   <trkpt lat="51.585025" lon="-2.268608"><ele>151</ele></trkpt>
   <trkpt lat="51.585276" lon="-2.267613"><ele>147.25</ele></trkpt>
   <trkpt lat="51.585293" lon="-2.267553"><ele>147</ele></trkpt>
   <trkpt lat="51.585385" lon="-2.267095"><ele>145.5</ele></trkpt>
   <trkpt lat="51.585474" lon="-2.266544"><ele>144.5</ele></trkpt>
   <trkpt lat="51.585545" lon="-2.266061"><ele>144</ele></trkpt>
   <trkpt lat="51.585624" lon="-2.265449"><ele>143.25</ele></trkpt>
   <trkpt lat="51.58567" lon="-2.265023"><ele>142.5</ele></trkpt>
   <trkpt lat="51.585675" lon="-2.264827"><ele>142.25</ele></trkpt>
   <trkpt lat="51.585652" lon="-2.264564"><ele>142</ele></trkpt>
   <trkpt lat="51.585577" lon="-2.263969"><ele>141.5</ele></trkpt>
   <trkpt lat="51.585514" lon="-2.263519"><ele>141</ele></trkpt>
   <trkpt lat="51.585484" lon="-2.263248"><ele>140.75</ele></trkpt>
   <trkpt lat="51.585466" lon="-2.263091"><ele>140.5</ele></trkpt>
   <trkpt lat="51.585409" lon="-2.262587"><ele>140</ele></trkpt>
   <trkpt lat="51.585384" lon="-2.262319"><ele>139.5</ele></trkpt>
   <trkpt lat="51.585354" lon="-2.261997"><ele>139</ele></trkpt>
   <trkpt lat="51.585307" lon="-2.261489"><ele>138</ele></trkpt>
   <trkpt lat="51.585295" lon="-2.261329"><ele>137.75</ele></trkpt>
   <trkpt lat="51.585285" lon="-2.261075"><ele>137</ele></trkpt>
   <trkpt lat="51.585281" lon="-2.26076"><ele>136.25</ele></trkpt>
   <trkpt lat="51.585289" lon="-2.260212"><ele>134.25</ele></trkpt>
   <trkpt lat="51.585331" lon="-2.259771"><ele>133</ele></trkpt>
   <trkpt lat="51.585392" lon="-2.25941"><ele>132.25</ele></trkpt>
   <trkpt lat="51.585469" lon="-2.259048"><ele>131.5</ele></trkpt>
   <trkpt lat="51.585707" lon="-2.258331"><ele>129.75</ele></trkpt>
   <trkpt lat="51.585819" lon="-2.257916"><ele>128.75</ele></trkpt>
   <trkpt lat="51.585936" lon="-2.257522"><ele>127.75</ele></trkpt>
   <trkpt lat="51.58602" lon="-2.257281"><ele>126.75</ele></trkpt>
   <trkpt lat="51.586122" lon="-2.257058"><ele>125.5</ele></trkpt>
   <trkpt lat="51.586241" lon="-2.256842"><ele>124.5</ele></trkpt>
   <trkpt lat="51.586612" lon="-2.256285"><ele>122</ele></trkpt>
   <trkpt lat="51.586796" lon="-2.256063"><ele>121.25</ele></trkpt>
   <trkpt lat="51.587347" lon="-2.255451"><ele>119.25</ele></trkpt>
   <trkpt lat="51.587687" lon="-2.255006"><ele>118</ele></trkpt>
   <trkpt lat="51.587915" lon="-2.254595"><ele>118.5</ele></trkpt>
   <trkpt lat="51.588042" lon="-2.254332"><ele>119</ele></trkpt>
   <trkpt lat="51.588423" lon="-2.253421"><ele>121.25</ele></trkpt>
   <trkpt lat="51.588694" lon="-2.252815"><ele>123.25</ele></trkpt>
   <trkpt lat="51.589336" lon="-2.251455"><ele>127</ele></trkpt>
   <trkpt lat="51.589567" lon="-2.250909"><ele>127.25</ele></trkpt>
   <trkpt lat="51.589802" lon="-2.250346"><ele>127.5</ele></trkpt>
   <trkpt lat="51.590109" lon="-2.249579"><ele>128.75</ele></trkpt>
   <trkpt lat="51.590402" lon="-2.248735"><ele>131</ele></trkpt>
   <trkpt lat="51.590654" lon="-2.247821"><ele>133.25</ele></trkpt>
   <trkpt lat="51.59087" lon="-2.246922"><ele>133.25</ele></trkpt>
   <trkpt lat="51.591442" lon="-2.24484"><ele>133</ele></trkpt>
   <trkpt lat="51.59208" lon="-2.242162"><ele>133.5</ele></trkpt>
   <trkpt lat="51.592547" lon="-2.240506"><ele>136.25</ele></trkpt>
   <trkpt lat="51.592743" lon="-2.239818"><ele>136.25</ele></trkpt>
   <trkpt lat="51.592982" lon="-2.239075"><ele>135.75</ele></trkpt>
   <trkpt lat="51.593268" lon="-2.238183"><ele>134</ele></trkpt>
   <trkpt lat="51.593442" lon="-2.23763"><ele>134.25</ele></trkpt>
   <trkpt lat="51.59365" lon="-2.236971"><ele>135</ele></trkpt>
   <trkpt lat="51.59385" lon="-2.236323"><ele>135.75</ele></trkpt>
   <trkpt lat="51.59398" lon="-2.235902"><ele>136.25</ele></trkpt>
   <trkpt lat="51.594149" lon="-2.23514"><ele>136.75</ele></trkpt>
   <trkpt lat="51.594416" lon="-2.233915"><ele>136.75</ele></trkpt>
   <trkpt lat="51.594687" lon="-2.232639"><ele>135.25</ele></trkpt>
   <trkpt lat="51.594953" lon="-2.231329"><ele>133</ele></trkpt>
   <trkpt lat="51.595066" lon="-2.230675"><ele>131.75</ele></trkpt>
   <trkpt lat="51.595116" lon="-2.230325"><ele>131</ele></trkpt>
   <trkpt lat="51.595152" lon="-2.229932"><ele>130.25</ele></trkpt>
   <trkpt lat="51.595163" lon="-2.229583"><ele>129.75</ele></trkpt>
   <trkpt lat="51.595169" lon="-2.229113"><ele>129</ele></trkpt>
   <trkpt lat="51.595138" lon="-2.227974"><ele>126.75</ele></trkpt>
   <trkpt lat="51.595144" lon="-2.226652"><ele>128</ele></trkpt>
   <trkpt lat="51.595192" lon="-2.226023"><ele>128.25</ele></trkpt>
   <trkpt lat="51.59526" lon="-2.225689"><ele>128.75</ele></trkpt>
   <trkpt lat="51.595349" lon="-2.225361"><ele>129.25</ele></trkpt>
   <trkpt lat="51.595868" lon="-2.223858"><ele>131.25</ele></trkpt>
   <trkpt lat="51.596132" lon="-2.223013"><ele>132</ele></trkpt>
   <trkpt lat="51.596317" lon="-2.222497"><ele>132</ele></trkpt>
   <trkpt lat="51.596514" lon="-2.222073"><ele>132.5</ele></trkpt>
   <trkpt lat="51.597072" lon="-2.22121"><ele>132.75</ele></trkpt>
   <trkpt lat="51.597219" lon="-2.221001"><ele>132.75</ele></trkpt>
   <trkpt lat="51.597712" lon="-2.220256"><ele>133.5</ele></trkpt>
   <trkpt lat="51.597925" lon="-2.219955"><ele>132.75</ele></trkpt>
   <trkpt lat="51.598193" lon="-2.219626"><ele>131.5</ele></trkpt>
   <trkpt lat="51.598224" lon="-2.219584"><ele>131.5</ele></trkpt>
   <trkpt lat="51.598552" lon="-2.219144"><ele>131</ele></trkpt>
   <trkpt lat="51.599095" lon="-2.218183"><ele>130</ele></trkpt>
   <trkpt lat="51.599099" lon="-2.218176"><ele>130.5</ele></trkpt>
   <trkpt lat="51.599434" lon="-2.21754"><ele>130.5</ele></trkpt>
   <trkpt lat="51.59971" lon="-2.216861"><ele>130.5</ele></trkpt>
   <trkpt lat="51.599999" lon="-2.215878"><ele>130</ele></trkpt>
   <trkpt lat="51.600368" lon="-2.214806"><ele>128</ele></trkpt>
   <trkpt lat="51.60051" lon="-2.214441"><ele>127.75</ele></trkpt>
   <trkpt lat="51.600767" lon="-2.213763"><ele>126.75</ele></trkpt>
   <trkpt lat="51.601031" lon="-2.213191"><ele>126</ele></trkpt>
   <trkpt lat="51.601375" lon="-2.212601"><ele>125</ele></trkpt>
   <trkpt lat="51.601785" lon="-2.21209"><ele>123.5</ele></trkpt>
   <trkpt lat="51.602471" lon="-2.211381"><ele>121</ele></trkpt>
   <trkpt lat="51.602947" lon="-2.210919"><ele>119.25</ele></trkpt>
   <trkpt lat="51.603239" lon="-2.21068"><ele>118</ele></trkpt>
   <trkpt lat="51.603575" lon="-2.21037"><ele>119.75</ele></trkpt>
   <trkpt lat="51.604149" lon="-2.209949"><ele>125.5</ele></trkpt>
   <trkpt lat="51.604597" lon="-2.209649"><ele>127.75</ele></trkpt>
   <trkpt lat="51.605634" lon="-2.209164"><ele>131.5</ele></trkpt>
   <trkpt lat="51.606092" lon="-2.208944"><ele>131</ele></trkpt>
   <trkpt lat="51.606274" lon="-2.208823"><ele>130.25</ele></trkpt>
   <trkpt lat="51.606565" lon="-2.208624"><ele>129</ele></trkpt>
   <trkpt lat="51.607716" lon="-2.207706"><ele>133.5</ele></trkpt>
   <trkpt lat="51.608421" lon="-2.207085"><ele>131.5</ele></trkpt>
   <trkpt lat="51.608804" lon="-2.206682"><ele>133.5</ele></trkpt>
   <trkpt lat="51.609137" lon="-2.206244"><ele>135</ele></trkpt>
   <trkpt lat="51.609414" lon="-2.205737"><ele>134.75</ele></trkpt>
   <trkpt lat="51.60966" lon="-2.205215"><ele>133.5</ele></trkpt>
   <trkpt lat="51.610418" lon="-2.203608"><ele>125.75</ele></trkpt>
   <trkpt lat="51.611142" lon="-2.202013"><ele>127.25</ele></trkpt>
   <trkpt lat="51.611196" lon="-2.201892"><ele>128</ele></trkpt>
   <trkpt lat="51.611606" lon="-2.200964"><ele>131.5</ele></trkpt>
   <trkpt lat="51.612024" lon="-2.199835"><ele>128.5</ele></trkpt>
   <trkpt lat="51.612373" lon="-2.198875"><ele>126.25</ele></trkpt>
   <trkpt lat="51.612606" lon="-2.198306"><ele>125.75</ele></trkpt>
   <trkpt lat="51.614058" lon="-2.195294"><ele>124</ele></trkpt>
   <trkpt lat="51.615332" lon="-2.192631"><ele>119.25</ele></trkpt>
   <trkpt lat="51.615915" lon="-2.191278"><ele>122.25</ele></trkpt>
   <trkpt lat="51.616451" lon="-2.189844"><ele>124.75</ele></trkpt>
   <trkpt lat="51.617241" lon="-2.187033"><ele>121.5</ele></trkpt>
   <trkpt lat="51.6181" lon="-2.18419"><ele>118</ele></trkpt>
   <trkpt lat="51.618319" lon="-2.183512"><ele>120.5</ele></trkpt>
   <trkpt lat="51.61847" lon="-2.183082"><ele>121</ele></trkpt>
   <trkpt lat="51.61871" lon="-2.182458"><ele>121.25</ele></trkpt>
   <trkpt lat="51.618827" lon="-2.182184"><ele>121.25</ele></trkpt>
   <trkpt lat="51.619065" lon="-2.181634"><ele>120.75</ele></trkpt>
   <trkpt lat="51.619226" lon="-2.181215"><ele>120.25</ele></trkpt>
   <trkpt lat="51.619569" lon="-2.180192"><ele>118.25</ele></trkpt>
   <trkpt lat="51.619856" lon="-2.179423"><ele>118</ele></trkpt>
   <trkpt lat="51.619892" lon="-2.179353"><ele>118</ele></trkpt>
   <trkpt lat="51.619931" lon="-2.179275"><ele>118</ele></trkpt>
   <trkpt lat="51.620256" lon="-2.178707"><ele>118.5</ele></trkpt>
   <trkpt lat="51.620435" lon="-2.178374"><ele>118.25</ele></trkpt>
   <trkpt lat="51.620962" lon="-2.177084"><ele>116.75</ele></trkpt>
   <trkpt lat="51.621086" lon="-2.176894"><ele>117</ele></trkpt>
   <trkpt lat="51.621256" lon="-2.176719"><ele>117.5</ele></trkpt>
   <trkpt lat="51.621588" lon="-2.176415"><ele>118</ele></trkpt>
   <trkpt lat="51.621744" lon="-2.1763"><ele>118</ele></trkpt>
   <trkpt lat="51.621909" lon="-2.176196"><ele>118</ele></trkpt>
   <trkpt lat="51.62252" lon="-2.175903"><ele>118</ele></trkpt>
   <trkpt lat="51.622671" lon="-2.175784"><ele>117.25</ele></trkpt>
   <trkpt lat="51.622809" lon="-2.175626"><ele>116.25</ele></trkpt>
   <trkpt lat="51.622883" lon="-2.175484"><ele>115.75</ele></trkpt>
   <trkpt lat="51.622987" lon="-2.175229"><ele>115</ele></trkpt>
   <trkpt lat="51.623215" lon="-2.174567"><ele>112.5</ele></trkpt>
   <trkpt lat="51.623294" lon="-2.17438"><ele>111.75</ele></trkpt>
   <trkpt lat="51.623353" lon="-2.17424"><ele>111.25</ele></trkpt>
   <trkpt lat="51.623509" lon="-2.173922"><ele>110</ele></trkpt>
   <trkpt lat="51.62383" lon="-2.173356"><ele>108.25</ele></trkpt>
   <trkpt lat="51.624164" lon="-2.172725"><ele>108.75</ele></trkpt>
   <trkpt lat="51.624873" lon="-2.171042"><ele>109.75</ele></trkpt>
   <trkpt lat="51.625184" lon="-2.170424"><ele>110.5</ele></trkpt>
   <trkpt lat="51.62543" lon="-2.170044"><ele>111.5</ele></trkpt>
   <trkpt lat="51.625589" lon="-2.169833"><ele>111.75</ele></trkpt>
   <trkpt lat="51.625941" lon="-2.169504"><ele>112.25</ele></trkpt>
   <trkpt lat="51.625989" lon="-2.169468"><ele>112.25</ele></trkpt>
   <trkpt lat="51.626337" lon="-2.169245"><ele>112</ele></trkpt>
   <trkpt lat="51.627022" lon="-2.169098"><ele>110.5</ele></trkpt>
   <trkpt lat="51.627476" lon="-2.168927"><ele>108.5</ele></trkpt>
   <trkpt lat="51.629135" lon="-2.167795"><ele>104.5</ele></trkpt>
   <trkpt lat="51.629358" lon="-2.16756"><ele>105.75</ele></trkpt>
   <trkpt lat="51.63008" lon="-2.166685"><ele>110</ele></trkpt>
   <trkpt lat="51.63056" lon="-2.166012"><ele>110.5</ele></trkpt>
   <trkpt lat="51.631246" lon="-2.164925"><ele>111.75</ele></trkpt>
   <trkpt lat="51.631648" lon="-2.164243"><ele>113.75</ele></trkpt>
   <trkpt lat="51.631909" lon="-2.163826"><ele>114.25</ele></trkpt>
   <trkpt lat="51.632138" lon="-2.163498"><ele>114.75</ele></trkpt>
   <trkpt lat="51.632227" lon="-2.163371"><ele>114.75</ele></trkpt>
   <trkpt lat="51.632342" lon="-2.163235"><ele>115</ele></trkpt>
   <trkpt lat="51.632465" lon="-2.163091"><ele>115.25</ele></trkpt>
   <trkpt lat="51.632872" lon="-2.162707"><ele>114</ele></trkpt>
   <trkpt lat="51.633798" lon="-2.161928"><ele>108.75</ele></trkpt>
   <trkpt lat="51.634062" lon="-2.161707"><ele>106.5</ele></trkpt>
   <trkpt lat="51.634125" lon="-2.161653"><ele>106</ele></trkpt>
   <trkpt lat="51.634262" lon="-2.161538"><ele>106.25</ele></trkpt>
   <trkpt lat="51.63504" lon="-2.160899"><ele>112</ele></trkpt>
   <trkpt lat="51.635092" lon="-2.16085"><ele>112.5</ele></trkpt>
   <trkpt lat="51.635394" lon="-2.16047"><ele>116.25</ele></trkpt>
   <trkpt lat="51.635473" lon="-2.160386"><ele>117</ele></trkpt>
   <trkpt lat="51.635616" lon="-2.160304"><ele>118.5</ele></trkpt>
   <trkpt lat="51.635873" lon="-2.160229"><ele>120.25</ele></trkpt>
   <trkpt lat="51.635968" lon="-2.160234"><ele>120.25</ele></trkpt>
   <trkpt lat="51.636126" lon="-2.160226"><ele>120.75</ele></trkpt>
   <trkpt lat="51.63629" lon="-2.160139"><ele>121.5</ele></trkpt>
   <trkpt lat="51.636391" lon="-2.160045"><ele>122</ele></trkpt>
   <trkpt lat="51.636493" lon="-2.159943"><ele>122.5</ele></trkpt>
   <trkpt lat="51.636617" lon="-2.159801"><ele>122.75</ele></trkpt>
   <trkpt lat="51.636874" lon="-2.159509"><ele>122.75</ele></trkpt>
   <trkpt lat="51.63696" lon="-2.159404"><ele>122.5</ele></trkpt>
   <trkpt lat="51.637366" lon="-2.159041"><ele>122</ele></trkpt>
   <trkpt lat="51.637502" lon="-2.158914"><ele>121.5</ele></trkpt>
   <trkpt lat="51.637583" lon="-2.158873"><ele>121.25</ele></trkpt>
   <trkpt lat="51.637651" lon="-2.158864"><ele>121</ele></trkpt>
   <trkpt lat="51.637698" lon="-2.158858"><ele>121</ele></trkpt>
   <trkpt lat="51.637801" lon="-2.158765"><ele>120.5</ele></trkpt>
   <trkpt lat="51.637732" lon="-2.158577"><ele>120.25</ele></trkpt>
  </trkseg>
 </trk>
</gpx>