<?xml version="1.0" encoding="UTF-8" standalone="no" ?>
<gpx xmlns="http://www.topografix.com/GPX/1/1" xmlns:gpxx="http://www.garmin.com/xmlschemas/GpxExtensions/v3" xmlns:gpxtpx="http://www.garmin.com/xmlschemas/TrackPointExtension/v1" creator="mapstogpx.com" version="1.1" xmlns:xsi="http://www.w3.org/2001/XMLSchema-instance" xsi:schemaLocation="http://www.topografix.com/GPX/1/1 http://www.topografix.com/GPX/1/1/gpx.xsd http://www.garmin.com/xmlschemas/GpxExtensions/v3 http://www.garmin.com/xmlschemas/GpxExtensionsv3.xsd http://www.garmin.com/xmlschemas/TrackPointExtension/v1 http://www.garmin.com/xmlschemas/TrackPointExtensionv1.xsd">
  <metadata>
    <link href="http://www.mapstogpx.com">
      <text>Sverrir Sigmundarson</text>
    </link>
    <!--desc>Map data ©2023</desc-->
    <!--copyright author="Google Inc">
    	<year>2023</year>
    	<license>https://developers.google.com/maps/terms</license>
    </copyright-->
    <!--url>https://www.google.co.uk/maps/dir/52.1326916,5.200627/52.01553,5.4169504/@52.085787,5.2928178,10.88z/data=!4m14!4m13!1m10!3m4!1m2!1d5.3257454!2d52.07963!3s0x47c64345edeceecf:0xfef5311048d9d79e!3m4!1m2!1d5.3229675!2d51.995902!3s0x47c65c05f6a7eeef:0x1aa114a54b6f35bd!1m0!3e0?hl=en</url-->
    <time>2023-01-30T15:24:10Z</time>
  </metadata>
  <wpt lat="52.1326916" lon="5.200627">
    <name>3723 BV Bilthoven</name>
    <desc>Jan Steenlaan, 3723 BV Bilthoven, Netherlands</desc>
  </wpt>
  <wpt lat="52.01553" lon="5.4169504">
    <name>3956 TD Leersum</name>
    <desc>Kon. Wilhelminalaan 2, 3956 TD Leersum, Netherlands</desc>
  </wpt>
<trk>
  <name>3723 BV Bilthoven to 3956 TD Leersum</name>
  <number>1</number>
  <trkseg>
  <trkpt lat="52.1327279" lon="5.2005084">
    <name>TP001</name>
  </trkpt>
  <trkpt lat="52.13285" lon="5.20061">
    <name>TP002</name>
  </trkpt>
  <trkpt lat="52.13321" lon="5.2009">
    <name>TP003</name>
  </trkpt>
  <trkpt lat="52.1335" lon="5.20115">
    <name>TP004</name>
  </trkpt>
  <trkpt lat="52.13369" lon="5.20117">
    <name>TP005</name>
  </trkpt>
  <trkpt lat="52.13389" lon="5.20114">
    <name>TP006</name>
  </trkpt>
  <trkpt lat="52.13416" lon="5.20111">
    <name>TP007</name>
  </trkpt>
  <trkpt lat="52.13428" lon="5.20113">
    <name>TP008</name>
  </trkpt>
  <trkpt lat="52.13436" lon="5.20126">
    <name>TP009</name>
  </trkpt>
  <trkpt lat="52.13438" lon="5.20133">
    <name>TP010</name>
  </trkpt>
  <trkpt lat="52.1344" lon="5.2014">
    <name>TP011</name>
  </trkpt>
  <trkpt lat="52.13442" lon="5.20149">
    <name>TP012</name>
  </trkpt>
  <trkpt lat="52.13443" lon="5.20159">
    <name>TP013</name>
  </trkpt>
  <trkpt lat="52.13442" lon="5.20165">
    <name>TP014</name>
  </trkpt>
  <trkpt lat="52.1344" lon="5.20174">
    <name>TP015</name>
  </trkpt>
  <trkpt lat="52.13434" lon="5.20197">
    <name>TP016</name>
  </trkpt>
  <trkpt lat="52.13419" lon="5.2025">
    <name>TP017</name>
  </trkpt>
  <trkpt lat="52.13414" lon="5.20266">
    <name>TP018</name>
  </trkpt>
  <trkpt lat="52.13388" lon="5.20356">
    <name>TP019</name>
  </trkpt>
  <trkpt lat="52.1338769" lon="5.2035551">
    <name>TP020</name>
  </trkpt>
  <trkpt lat="52.13443" lon="5.20396">
    <name>TP021</name>
  </trkpt>
  <trkpt lat="52.1347" lon="5.20406">
    <name>TP022</name>
  </trkpt>
  <trkpt lat="52.13508" lon="5.2042">
    <name>TP023</name>
  </trkpt>
  <trkpt lat="52.13524" lon="5.20434">
    <name>TP024</name>
  </trkpt>
  <trkpt lat="52.13525" lon="5.20437">
    <name>TP025</name>
  </trkpt>
  <trkpt lat="52.13528" lon="5.2044">
    <name>TP026</name>
  </trkpt>
  <trkpt lat="52.13533" lon="5.20452">
    <name>TP027</name>
  </trkpt>
  <trkpt lat="52.13544" lon="5.20476">
    <name>TP028</name>
  </trkpt>
  <trkpt lat="52.13547" lon="5.20484">
    <name>TP029</name>
  </trkpt>
  <trkpt lat="52.13549" lon="5.20488">
    <name>TP030</name>
  </trkpt>
  <trkpt lat="52.1357" lon="5.20517">
    <name>TP031</name>
  </trkpt>
  <trkpt lat="52.13583" lon="5.2053">
    <name>TP032</name>
  </trkpt>
  <trkpt lat="52.13633" lon="5.2057">
    <name>TP033</name>
  </trkpt>
  <trkpt lat="52.1363346" lon="5.2057001">
    <name>TP034</name>
  </trkpt>
  <trkpt lat="52.13675" lon="5.20595">
    <name>TP035</name>
  </trkpt>
  <trkpt lat="52.13677" lon="5.20597">
    <name>TP036</name>
  </trkpt>
  <trkpt lat="52.13683" lon="5.20604">
    <name>TP037</name>
  </trkpt>
  <trkpt lat="52.13685" lon="5.20608">
    <name>TP038</name>
  </trkpt>
  <trkpt lat="52.13687" lon="5.20611">
    <name>TP039</name>
  </trkpt>
  <trkpt lat="52.1369" lon="5.20617">
    <name>TP040</name>
  </trkpt>
  <trkpt lat="52.13691" lon="5.20622">
    <name>TP041</name>
  </trkpt>
  <trkpt lat="52.13692" lon="5.20625">
    <name>TP042</name>
  </trkpt>
  <trkpt lat="52.13693" lon="5.20628">
    <name>TP043</name>
  </trkpt>
  <trkpt lat="52.13693" lon="5.20632">
    <name>TP044</name>
  </trkpt>
  <trkpt lat="52.13694" lon="5.20638">
    <name>TP045</name>
  </trkpt>
  <trkpt lat="52.13694" lon="5.20644">
    <name>TP046</name>
  </trkpt>
  <trkpt lat="52.13694" lon="5.20651">
    <name>TP047</name>
  </trkpt>
  <trkpt lat="52.13694" lon="5.20655">
    <name>TP048</name>
  </trkpt>
  <trkpt lat="52.13694" lon="5.20659">
    <name>TP049</name>
  </trkpt>
  <trkpt lat="52.13694" lon="5.20663">
    <name>TP050</name>
  </trkpt>
  <trkpt lat="52.13693" lon="5.20667">
    <name>TP051</name>
  </trkpt>
  <trkpt lat="52.13688" lon="5.20684">
    <name>TP052</name>
  </trkpt>
  <trkpt lat="52.13684" lon="5.207">
    <name>TP053</name>
  </trkpt>
  <trkpt lat="52.13682" lon="5.20703">
    <name>TP054</name>
  </trkpt>
  <trkpt lat="52.13679" lon="5.2071">
    <name>TP055</name>
  </trkpt>
  <trkpt lat="52.13674" lon="5.2072">
    <name>TP056</name>
  </trkpt>
  <trkpt lat="52.13666" lon="5.20731">
    <name>TP057</name>
  </trkpt>
  <trkpt lat="52.13663" lon="5.20735">
    <name>TP058</name>
  </trkpt>
  <trkpt lat="52.13656" lon="5.20742">
    <name>TP059</name>
  </trkpt>
  <trkpt lat="52.13654" lon="5.20744">
    <name>TP060</name>
  </trkpt>
  <trkpt lat="52.13651" lon="5.20746">
    <name>TP061</name>
  </trkpt>
  <trkpt lat="52.13638" lon="5.20758">
    <name>TP062</name>
  </trkpt>
  <trkpt lat="52.13636" lon="5.2076">
    <name>TP063</name>
  </trkpt>
  <trkpt lat="52.13621" lon="5.20778">
    <name>TP064</name>
  </trkpt>
  <trkpt lat="52.1362" lon="5.20779">
    <name>TP065</name>
  </trkpt>
  <trkpt lat="52.13611" lon="5.20797">
    <name>TP066</name>
  </trkpt>
  <trkpt lat="52.13597" lon="5.20833">
    <name>TP067</name>
  </trkpt>
  <trkpt lat="52.13595" lon="5.20838">
    <name>TP068</name>
  </trkpt>
  <trkpt lat="52.13591" lon="5.20851">
    <name>TP069</name>
  </trkpt>
  <trkpt lat="52.13588" lon="5.20864">
    <name>TP070</name>
  </trkpt>
  <trkpt lat="52.13581" lon="5.20886">
    <name>TP071</name>
  </trkpt>
  <trkpt lat="52.13581" lon="5.20887">
    <name>TP072</name>
  </trkpt>
  <trkpt lat="52.1357" lon="5.20917">
    <name>TP073</name>
  </trkpt>
  <trkpt lat="52.13558" lon="5.20941">
    <name>TP074</name>
  </trkpt>
  <trkpt lat="52.13551" lon="5.20958">
    <name>TP075</name>
  </trkpt>
  <trkpt lat="52.1355079" lon="5.209578">
    <name>TP076</name>
  </trkpt>
  <trkpt lat="52.13555" lon="5.20961">
    <name>TP077</name>
  </trkpt>
  <trkpt lat="52.1356" lon="5.20965">
    <name>TP078</name>
  </trkpt>
  <trkpt lat="52.13603" lon="5.21003">
    <name>TP079</name>
  </trkpt>
  <trkpt lat="52.13647" lon="5.21041">
    <name>TP080</name>
  </trkpt>
  <trkpt lat="52.13658" lon="5.21047">
    <name>TP081</name>
  </trkpt>
  <trkpt lat="52.13669" lon="5.21054">
    <name>TP082</name>
  </trkpt>
  <trkpt lat="52.13698" lon="5.21079">
    <name>TP083</name>
  </trkpt>
  <trkpt lat="52.13766" lon="5.21138">
    <name>TP084</name>
  </trkpt>
  <trkpt lat="52.13773" lon="5.21141">
    <name>TP085</name>
  </trkpt>
  <trkpt lat="52.1378" lon="5.21145">
    <name>TP086</name>
  </trkpt>
  <trkpt lat="52.13823" lon="5.2118">
    <name>TP087</name>
  </trkpt>
  <trkpt lat="52.13867" lon="5.21216">
    <name>TP088</name>
  </trkpt>
  <trkpt lat="52.13914" lon="5.21253">
    <name>TP089</name>
  </trkpt>
  <trkpt lat="52.1396" lon="5.21291">
    <name>TP090</name>
  </trkpt>
  <trkpt lat="52.13982" lon="5.2131">
    <name>TP091</name>
  </trkpt>
  <trkpt lat="52.14017" lon="5.21337">
    <name>TP092</name>
  </trkpt>
  <trkpt lat="52.14034" lon="5.21351">
    <name>TP093</name>
  </trkpt>
  <trkpt lat="52.14051" lon="5.21365">
    <name>TP094</name>
  </trkpt>
  <trkpt lat="52.14067" lon="5.21378">
    <name>TP095</name>
  </trkpt>
  <trkpt lat="52.14099" lon="5.21403">
    <name>TP096</name>
  </trkpt>
  <trkpt lat="52.14164" lon="5.21455">
    <name>TP097</name>
  </trkpt>
  <trkpt lat="52.14257" lon="5.21549">
    <name>TP098</name>
  </trkpt>
  <trkpt lat="52.14272" lon="5.21564">
    <name>TP099</name>
  </trkpt>
  <trkpt lat="52.14288" lon="5.21579">
    <name>TP100</name>
  </trkpt>
  <trkpt lat="52.1431" lon="5.21602">
    <name>TP101</name>
  </trkpt>
  <trkpt lat="52.14318" lon="5.2161">
    <name>TP102</name>
  </trkpt>
  <trkpt lat="52.14456" lon="5.21748">
    <name>TP103</name>
  </trkpt>
  <trkpt lat="52.1455" lon="5.21844">
    <name>TP104</name>
  </trkpt>
  <trkpt lat="52.14644" lon="5.21939">
    <name>TP105</name>
  </trkpt>
  <trkpt lat="52.14701" lon="5.21993">
    <name>TP106</name>
  </trkpt>
  <trkpt lat="52.14748" lon="5.22044">
    <name>TP107</name>
  </trkpt>
  <trkpt lat="52.14761" lon="5.22054">
    <name>TP108</name>
  </trkpt>
  <trkpt lat="52.14767" lon="5.22059">
    <name>TP109</name>
  </trkpt>
  <trkpt lat="52.14771" lon="5.22062">
    <name>TP110</name>
  </trkpt>
  <trkpt lat="52.14775" lon="5.22062">
    <name>TP111</name>
  </trkpt>
  <trkpt lat="52.14781" lon="5.22061">
    <name>TP112</name>
  </trkpt>
  <trkpt lat="52.1479" lon="5.22058">
    <name>TP113</name>
  </trkpt>
  <trkpt lat="52.14801" lon="5.2205">
    <name>TP114</name>
  </trkpt>
  <trkpt lat="52.14814" lon="5.22041">
    <name>TP115</name>
  </trkpt>
  <trkpt lat="52.1481412" lon="5.2204093">
    <name>TP116</name>
  </trkpt>
  <trkpt lat="52.14823" lon="5.22059">
    <name>TP117</name>
  </trkpt>
  <trkpt lat="52.14831" lon="5.22074">
    <name>TP118</name>
  </trkpt>
  <trkpt lat="52.14839" lon="5.22089">
    <name>TP119</name>
  </trkpt>
  <trkpt lat="52.14849" lon="5.22106">
    <name>TP120</name>
  </trkpt>
  <trkpt lat="52.14865" lon="5.22132">
    <name>TP121</name>
  </trkpt>
  <trkpt lat="52.14875" lon="5.22147">
    <name>TP122</name>
  </trkpt>
  <trkpt lat="52.14889" lon="5.22164">
    <name>TP123</name>
  </trkpt>
  <trkpt lat="52.14905" lon="5.22184">
    <name>TP124</name>
  </trkpt>
  <trkpt lat="52.14921" lon="5.22201">
    <name>TP125</name>
  </trkpt>
  <trkpt lat="52.14944" lon="5.22224">
    <name>TP126</name>
  </trkpt>
  <trkpt lat="52.14952" lon="5.22229">
    <name>TP127</name>
  </trkpt>
  <trkpt lat="52.15004" lon="5.22282">
    <name>TP128</name>
  </trkpt>
  <trkpt lat="52.15021" lon="5.22298">
    <name>TP129</name>
  </trkpt>
  <trkpt lat="52.15031" lon="5.22308">
    <name>TP130</name>
  </trkpt>
  <trkpt lat="52.15037" lon="5.22314">
    <name>TP131</name>
  </trkpt>
  <trkpt lat="52.1505" lon="5.22327">
    <name>TP132</name>
  </trkpt>
  <trkpt lat="52.15062" lon="5.22339">
    <name>TP133</name>
  </trkpt>
  <trkpt lat="52.15076" lon="5.22352">
    <name>TP134</name>
  </trkpt>
  <trkpt lat="52.15085" lon="5.22362">
    <name>TP135</name>
  </trkpt>
  <trkpt lat="52.15097" lon="5.22373">
    <name>TP136</name>
  </trkpt>
  <trkpt lat="52.15106" lon="5.22383">
    <name>TP137</name>
  </trkpt>
  <trkpt lat="52.15118" lon="5.22395">
    <name>TP138</name>
  </trkpt>
  <trkpt lat="52.15128" lon="5.22405">
    <name>TP139</name>
  </trkpt>
  <trkpt lat="52.1513" lon="5.22407">
    <name>TP140</name>
  </trkpt>
  <trkpt lat="52.15146" lon="5.22422">
    <name>TP141</name>
  </trkpt>
  <trkpt lat="52.15159" lon="5.22436">
    <name>TP142</name>
  </trkpt>
  <trkpt lat="52.15165" lon="5.22444">
    <name>TP143</name>
  </trkpt>
  <trkpt lat="52.15174" lon="5.22454">
    <name>TP144</name>
  </trkpt>
  <trkpt lat="52.1519" lon="5.22471">
    <name>TP145</name>
  </trkpt>
  <trkpt lat="52.15205" lon="5.22487">
    <name>TP146</name>
  </trkpt>
  <trkpt lat="52.15221" lon="5.22503">
    <name>TP147</name>
  </trkpt>
  <trkpt lat="52.15251" lon="5.22533">
    <name>TP148</name>
  </trkpt>
  <trkpt lat="52.15258" lon="5.22541">
    <name>TP149</name>
  </trkpt>
  <trkpt lat="52.15285" lon="5.22567">
    <name>TP150</name>
  </trkpt>
  <trkpt lat="52.15291" lon="5.22573">
    <name>TP151</name>
  </trkpt>
  <trkpt lat="52.1534" lon="5.22621">
    <name>TP152</name>
  </trkpt>
  <trkpt lat="52.15345" lon="5.22626">
    <name>TP153</name>
  </trkpt>
  <trkpt lat="52.15381" lon="5.22662">
    <name>TP154</name>
  </trkpt>
  <trkpt lat="52.15393" lon="5.22673">
    <name>TP155</name>
  </trkpt>
  <trkpt lat="52.15416" lon="5.22695">
    <name>TP156</name>
  </trkpt>
  <trkpt lat="52.15429" lon="5.22704">
    <name>TP157</name>
  </trkpt>
  <trkpt lat="52.15436" lon="5.22712">
    <name>TP158</name>
  </trkpt>
  <trkpt lat="52.15507" lon="5.22783">
    <name>TP159</name>
  </trkpt>
  <trkpt lat="52.15526" lon="5.22801">
    <name>TP160</name>
  </trkpt>
  <trkpt lat="52.15542" lon="5.22818">
    <name>TP161</name>
  </trkpt>
  <trkpt lat="52.15553" lon="5.22828">
    <name>TP162</name>
  </trkpt>
  <trkpt lat="52.15571" lon="5.22846">
    <name>TP163</name>
  </trkpt>
  <trkpt lat="52.15586" lon="5.22861">
    <name>TP164</name>
  </trkpt>
  <trkpt lat="52.15616" lon="5.22891">
    <name>TP165</name>
  </trkpt>
  <trkpt lat="52.15653" lon="5.22929">
    <name>TP166</name>
  </trkpt>
  <trkpt lat="52.15675" lon="5.2295">
    <name>TP167</name>
  </trkpt>
  <trkpt lat="52.15683" lon="5.22958">
    <name>TP168</name>
  </trkpt>
  <trkpt lat="52.15684" lon="5.22959">
    <name>TP169</name>
  </trkpt>
  <trkpt lat="52.15699" lon="5.22975">
    <name>TP170</name>
  </trkpt>
  <trkpt lat="52.15706" lon="5.22982">
    <name>TP171</name>
  </trkpt>
  <trkpt lat="52.15721" lon="5.22998">
    <name>TP172</name>
  </trkpt>
  <trkpt lat="52.15725" lon="5.23006">
    <name>TP173</name>
  </trkpt>
  <trkpt lat="52.15726" lon="5.23008">
    <name>TP174</name>
  </trkpt>
  <trkpt lat="52.15745" lon="5.23028">
    <name>TP175</name>
  </trkpt>
  <trkpt lat="52.15759" lon="5.23043">
    <name>TP176</name>
  </trkpt>
  <trkpt lat="52.15781" lon="5.23067">
    <name>TP177</name>
  </trkpt>
  <trkpt lat="52.15812" lon="5.23101">
    <name>TP178</name>
  </trkpt>
  <trkpt lat="52.1581219" lon="5.2310126">
    <name>TP179</name>
  </trkpt>
  <trkpt lat="52.15814" lon="5.23109">
    <name>TP180</name>
  </trkpt>
  <trkpt lat="52.15815" lon="5.23114">
    <name>TP181</name>
  </trkpt>
  <trkpt lat="52.15815" lon="5.23125">
    <name>TP182</name>
  </trkpt>
  <trkpt lat="52.15812" lon="5.23133">
    <name>TP183</name>
  </trkpt>
  <trkpt lat="52.15811" lon="5.23137">
    <name>TP184</name>
  </trkpt>
  <trkpt lat="52.15809" lon="5.23142">
    <name>TP185</name>
  </trkpt>
  <trkpt lat="52.15807" lon="5.23146">
    <name>TP186</name>
  </trkpt>
  <trkpt lat="52.15805" lon="5.23148">
    <name>TP187</name>
  </trkpt>
  <trkpt lat="52.15802" lon="5.23151">
    <name>TP188</name>
  </trkpt>
  <trkpt lat="52.15799" lon="5.23154">
    <name>TP189</name>
  </trkpt>
  <trkpt lat="52.15796" lon="5.23156">
    <name>TP190</name>
  </trkpt>
  <trkpt lat="52.15785" lon="5.23161">
    <name>TP191</name>
  </trkpt>
  <trkpt lat="52.15771" lon="5.23167">
    <name>TP192</name>
  </trkpt>
  <trkpt lat="52.15764" lon="5.23175">
    <name>TP193</name>
  </trkpt>
  <trkpt lat="52.15751" lon="5.2318">
    <name>TP194</name>
  </trkpt>
  <trkpt lat="52.1574" lon="5.23183">
    <name>TP195</name>
  </trkpt>
  <trkpt lat="52.1573" lon="5.23186">
    <name>TP196</name>
  </trkpt>
  <trkpt lat="52.15694" lon="5.23198">
    <name>TP197</name>
  </trkpt>
  <trkpt lat="52.15688" lon="5.232">
    <name>TP198</name>
  </trkpt>
  <trkpt lat="52.15679" lon="5.23204">
    <name>TP199</name>
  </trkpt>
  <trkpt lat="52.15676" lon="5.23205">
    <name>TP200</name>
  </trkpt>
  <trkpt lat="52.1566" lon="5.2321">
    <name>TP201</name>
  </trkpt>
  <trkpt lat="52.15624" lon="5.23223">
    <name>TP202</name>
  </trkpt>
  <trkpt lat="52.15604" lon="5.2323">
    <name>TP203</name>
  </trkpt>
  <trkpt lat="52.15581" lon="5.23238">
    <name>TP204</name>
  </trkpt>
  <trkpt lat="52.15553" lon="5.23248">
    <name>TP205</name>
  </trkpt>
  <trkpt lat="52.15519" lon="5.2326">
    <name>TP206</name>
  </trkpt>
  <trkpt lat="52.15498" lon="5.23268">
    <name>TP207</name>
  </trkpt>
  <trkpt lat="52.15479" lon="5.23274">
    <name>TP208</name>
  </trkpt>
  <trkpt lat="52.15456" lon="5.23283">
    <name>TP209</name>
  </trkpt>
  <trkpt lat="52.15435" lon="5.23291">
    <name>TP210</name>
  </trkpt>
  <trkpt lat="52.15416" lon="5.23297">
    <name>TP211</name>
  </trkpt>
  <trkpt lat="52.15395" lon="5.23305">
    <name>TP212</name>
  </trkpt>
  <trkpt lat="52.15363" lon="5.23318">
    <name>TP213</name>
  </trkpt>
  <trkpt lat="52.1534" lon="5.23329">
    <name>TP214</name>
  </trkpt>
  <trkpt lat="52.15315" lon="5.23342">
    <name>TP215</name>
  </trkpt>
  <trkpt lat="52.15291" lon="5.23355">
    <name>TP216</name>
  </trkpt>
  <trkpt lat="52.15256" lon="5.23376">
    <name>TP217</name>
  </trkpt>
  <trkpt lat="52.15227" lon="5.23394">
    <name>TP218</name>
  </trkpt>
  <trkpt lat="52.15167" lon="5.2343">
    <name>TP219</name>
  </trkpt>
  <trkpt lat="52.15126" lon="5.23455">
    <name>TP220</name>
  </trkpt>
  <trkpt lat="52.15113" lon="5.23459">
    <name>TP221</name>
  </trkpt>
  <trkpt lat="52.15099" lon="5.23467">
    <name>TP222</name>
  </trkpt>
  <trkpt lat="52.15072" lon="5.23482">
    <name>TP223</name>
  </trkpt>
  <trkpt lat="52.15061" lon="5.2349">
    <name>TP224</name>
  </trkpt>
  <trkpt lat="52.15056" lon="5.23494">
    <name>TP225</name>
  </trkpt>
  <trkpt lat="52.1504" lon="5.23507">
    <name>TP226</name>
  </trkpt>
  <trkpt lat="52.15032" lon="5.23515">
    <name>TP227</name>
  </trkpt>
  <trkpt lat="52.14966" lon="5.23555">
    <name>TP228</name>
  </trkpt>
  <trkpt lat="52.14932" lon="5.23575">
    <name>TP229</name>
  </trkpt>
  <trkpt lat="52.14918" lon="5.23582">
    <name>TP230</name>
  </trkpt>
  <trkpt lat="52.14871" lon="5.23609">
    <name>TP231</name>
  </trkpt>
  <trkpt lat="52.14819" lon="5.23642">
    <name>TP232</name>
  </trkpt>
  <trkpt lat="52.14792" lon="5.23658">
    <name>TP233</name>
  </trkpt>
  <trkpt lat="52.14771" lon="5.23672">
    <name>TP234</name>
  </trkpt>
  <trkpt lat="52.14762" lon="5.23678">
    <name>TP235</name>
  </trkpt>
  <trkpt lat="52.14757" lon="5.23681">
    <name>TP236</name>
  </trkpt>
  <trkpt lat="52.14733" lon="5.23697">
    <name>TP237</name>
  </trkpt>
  <trkpt lat="52.14687" lon="5.23732">
    <name>TP238</name>
  </trkpt>
  <trkpt lat="52.1468" lon="5.2374">
    <name>TP239</name>
  </trkpt>
  <trkpt lat="52.14608" lon="5.23788">
    <name>TP240</name>
  </trkpt>
  <trkpt lat="52.14561" lon="5.23818">
    <name>TP241</name>
  </trkpt>
  <trkpt lat="52.14536" lon="5.23835">
    <name>TP242</name>
  </trkpt>
  <trkpt lat="52.14503" lon="5.23857">
    <name>TP243</name>
  </trkpt>
  <trkpt lat="52.14494" lon="5.23863">
    <name>TP244</name>
  </trkpt>
  <trkpt lat="52.14487" lon="5.23866">
    <name>TP245</name>
  </trkpt>
  <trkpt lat="52.1448" lon="5.2387">
    <name>TP246</name>
  </trkpt>
  <trkpt lat="52.14456" lon="5.23887">
    <name>TP247</name>
  </trkpt>
  <trkpt lat="52.14425" lon="5.23908">
    <name>TP248</name>
  </trkpt>
  <trkpt lat="52.14401" lon="5.23925">
    <name>TP249</name>
  </trkpt>
  <trkpt lat="52.14386" lon="5.23936">
    <name>TP250</name>
  </trkpt>
  <trkpt lat="52.14366" lon="5.23952">
    <name>TP251</name>
  </trkpt>
  <trkpt lat="52.14349" lon="5.23968">
    <name>TP252</name>
  </trkpt>
  <trkpt lat="52.14327" lon="5.23988">
    <name>TP253</name>
  </trkpt>
  <trkpt lat="52.14323" lon="5.23994">
    <name>TP254</name>
  </trkpt>
  <trkpt lat="52.14318" lon="5.24">
    <name>TP255</name>
  </trkpt>
  <trkpt lat="52.14303" lon="5.24017">
    <name>TP256</name>
  </trkpt>
  <trkpt lat="52.14282" lon="5.24046">
    <name>TP257</name>
  </trkpt>
  <trkpt lat="52.14263" lon="5.24073">
    <name>TP258</name>
  </trkpt>
  <trkpt lat="52.14246" lon="5.24101">
    <name>TP259</name>
  </trkpt>
  <trkpt lat="52.14237" lon="5.24117">
    <name>TP260</name>
  </trkpt>
  <trkpt lat="52.1423" lon="5.24131">
    <name>TP261</name>
  </trkpt>
  <trkpt lat="52.14226" lon="5.2414">
    <name>TP262</name>
  </trkpt>
  <trkpt lat="52.14216" lon="5.2416">
    <name>TP263</name>
  </trkpt>
  <trkpt lat="52.14196" lon="5.24202">
    <name>TP264</name>
  </trkpt>
  <trkpt lat="52.14181" lon="5.24234">
    <name>TP265</name>
  </trkpt>
  <trkpt lat="52.14177" lon="5.24242">
    <name>TP266</name>
  </trkpt>
  <trkpt lat="52.14175" lon="5.24247">
    <name>TP267</name>
  </trkpt>
  <trkpt lat="52.14174" lon="5.2425">
    <name>TP268</name>
  </trkpt>
  <trkpt lat="52.14168" lon="5.24262">
    <name>TP269</name>
  </trkpt>
  <trkpt lat="52.14166" lon="5.2427">
    <name>TP270</name>
  </trkpt>
  <trkpt lat="52.14156" lon="5.24293">
    <name>TP271</name>
  </trkpt>
  <trkpt lat="52.14133" lon="5.2434">
    <name>TP272</name>
  </trkpt>
  <trkpt lat="52.14115" lon="5.24378">
    <name>TP273</name>
  </trkpt>
  <trkpt lat="52.141" lon="5.2441">
    <name>TP274</name>
  </trkpt>
  <trkpt lat="52.1407" lon="5.24477">
    <name>TP275</name>
  </trkpt>
  <trkpt lat="52.14044" lon="5.24534">
    <name>TP276</name>
  </trkpt>
  <trkpt lat="52.14018" lon="5.2459">
    <name>TP277</name>
  </trkpt>
  <trkpt lat="52.14013" lon="5.24596">
    <name>TP278</name>
  </trkpt>
  <trkpt lat="52.13989" lon="5.24642">
    <name>TP279</name>
  </trkpt>
  <trkpt lat="52.13982" lon="5.24656">
    <name>TP280</name>
  </trkpt>
  <trkpt lat="52.13959" lon="5.24698">
    <name>TP281</name>
  </trkpt>
  <trkpt lat="52.13954" lon="5.24704">
    <name>TP282</name>
  </trkpt>
  <trkpt lat="52.1395" lon="5.24711">
    <name>TP283</name>
  </trkpt>
  <trkpt lat="52.13947" lon="5.24716">
    <name>TP284</name>
  </trkpt>
  <trkpt lat="52.13944" lon="5.24721">
    <name>TP285</name>
  </trkpt>
  <trkpt lat="52.13939" lon="5.24729">
    <name>TP286</name>
  </trkpt>
  <trkpt lat="52.13933" lon="5.24737">
    <name>TP287</name>
  </trkpt>
  <trkpt lat="52.13924" lon="5.24752">
    <name>TP288</name>
  </trkpt>
  <trkpt lat="52.13913" lon="5.24769">
    <name>TP289</name>
  </trkpt>
  <trkpt lat="52.13904" lon="5.24783">
    <name>TP290</name>
  </trkpt>
  <trkpt lat="52.13889" lon="5.24803">
    <name>TP291</name>
  </trkpt>
  <trkpt lat="52.13885" lon="5.24812">
    <name>TP292</name>
  </trkpt>
  <trkpt lat="52.13881" lon="5.24816">
    <name>TP293</name>
  </trkpt>
  <trkpt lat="52.13871" lon="5.24828">
    <name>TP294</name>
  </trkpt>
  <trkpt lat="52.13865" lon="5.24836">
    <name>TP295</name>
  </trkpt>
  <trkpt lat="52.13856" lon="5.24846">
    <name>TP296</name>
  </trkpt>
  <trkpt lat="52.13844" lon="5.24859">
    <name>TP297</name>
  </trkpt>
  <trkpt lat="52.13832" lon="5.24871">
    <name>TP298</name>
  </trkpt>
  <trkpt lat="52.13823" lon="5.2488">
    <name>TP299</name>
  </trkpt>
  <trkpt lat="52.13813" lon="5.2489">
    <name>TP300</name>
  </trkpt>
  <trkpt lat="52.13798" lon="5.24904">
    <name>TP301</name>
  </trkpt>
  <trkpt lat="52.13789" lon="5.24911">
    <name>TP302</name>
  </trkpt>
  <trkpt lat="52.13771" lon="5.24926">
    <name>TP303</name>
  </trkpt>
  <trkpt lat="52.13767" lon="5.24928">
    <name>TP304</name>
  </trkpt>
  <trkpt lat="52.13754" lon="5.24937">
    <name>TP305</name>
  </trkpt>
  <trkpt lat="52.13742" lon="5.24944">
    <name>TP306</name>
  </trkpt>
  <trkpt lat="52.13721" lon="5.24956">
    <name>TP307</name>
  </trkpt>
  <trkpt lat="52.137" lon="5.24967">
    <name>TP308</name>
  </trkpt>
  <trkpt lat="52.13667" lon="5.24984">
    <name>TP309</name>
  </trkpt>
  <trkpt lat="52.13634" lon="5.25">
    <name>TP310</name>
  </trkpt>
  <trkpt lat="52.13612" lon="5.25011">
    <name>TP311</name>
  </trkpt>
  <trkpt lat="52.13596" lon="5.25017">
    <name>TP312</name>
  </trkpt>
  <trkpt lat="52.13583" lon="5.25022">
    <name>TP313</name>
  </trkpt>
  <trkpt lat="52.13579" lon="5.25026">
    <name>TP314</name>
  </trkpt>
  <trkpt lat="52.13573" lon="5.25027">
    <name>TP315</name>
  </trkpt>
  <trkpt lat="52.13564" lon="5.2503">
    <name>TP316</name>
  </trkpt>
  <trkpt lat="52.13555" lon="5.25032">
    <name>TP317</name>
  </trkpt>
  <trkpt lat="52.13548" lon="5.25033">
    <name>TP318</name>
  </trkpt>
  <trkpt lat="52.13533" lon="5.25036">
    <name>TP319</name>
  </trkpt>
  <trkpt lat="52.13519" lon="5.25038">
    <name>TP320</name>
  </trkpt>
  <trkpt lat="52.13491" lon="5.2504">
    <name>TP321</name>
  </trkpt>
  <trkpt lat="52.1348" lon="5.25041">
    <name>TP322</name>
  </trkpt>
  <trkpt lat="52.13466" lon="5.25042">
    <name>TP323</name>
  </trkpt>
  <trkpt lat="52.13454" lon="5.25041">
    <name>TP324</name>
  </trkpt>
  <trkpt lat="52.13441" lon="5.25041">
    <name>TP325</name>
  </trkpt>
  <trkpt lat="52.1342" lon="5.25039">
    <name>TP326</name>
  </trkpt>
  <trkpt lat="52.13393" lon="5.25036">
    <name>TP327</name>
  </trkpt>
  <trkpt lat="52.13372" lon="5.25032">
    <name>TP328</name>
  </trkpt>
  <trkpt lat="52.13338" lon="5.25025">
    <name>TP329</name>
  </trkpt>
  <trkpt lat="52.13277" lon="5.25009">
    <name>TP330</name>
  </trkpt>
  <trkpt lat="52.13158" lon="5.24976">
    <name>TP331</name>
  </trkpt>
  <trkpt lat="52.13153" lon="5.24972">
    <name>TP332</name>
  </trkpt>
  <trkpt lat="52.13151" lon="5.24971">
    <name>TP333</name>
  </trkpt>
  <trkpt lat="52.13142" lon="5.24969">
    <name>TP334</name>
  </trkpt>
  <trkpt lat="52.13118" lon="5.24963">
    <name>TP335</name>
  </trkpt>
  <trkpt lat="52.1309" lon="5.24956">
    <name>TP336</name>
  </trkpt>
  <trkpt lat="52.13061" lon="5.24949">
    <name>TP337</name>
  </trkpt>
  <trkpt lat="52.13046" lon="5.24945">
    <name>TP338</name>
  </trkpt>
  <trkpt lat="52.13039" lon="5.24944">
    <name>TP339</name>
  </trkpt>
  <trkpt lat="52.13033" lon="5.24943">
    <name>TP340</name>
  </trkpt>
  <trkpt lat="52.13024" lon="5.24942">
    <name>TP341</name>
  </trkpt>
  <trkpt lat="52.13019" lon="5.24942">
    <name>TP342</name>
  </trkpt>
  <trkpt lat="52.13002" lon="5.24941">
    <name>TP343</name>
  </trkpt>
  <trkpt lat="52.13" lon="5.24941">
    <name>TP344</name>
  </trkpt>
  <trkpt lat="52.12982" lon="5.24939">
    <name>TP345</name>
  </trkpt>
  <trkpt lat="52.12965" lon="5.2494">
    <name>TP346</name>
  </trkpt>
  <trkpt lat="52.1295" lon="5.24941">
    <name>TP347</name>
  </trkpt>
  <trkpt lat="52.12927" lon="5.24946">
    <name>TP348</name>
  </trkpt>
  <trkpt lat="52.1292685" lon="5.2494554">
    <name>TP349</name>
  </trkpt>
  <trkpt lat="52.12926" lon="5.24943">
    <name>TP350</name>
  </trkpt>
  <trkpt lat="52.12925" lon="5.24941">
    <name>TP351</name>
  </trkpt>
  <trkpt lat="52.12924" lon="5.24939">
    <name>TP352</name>
  </trkpt>
  <trkpt lat="52.12923" lon="5.24938">
    <name>TP353</name>
  </trkpt>
  <trkpt lat="52.12922" lon="5.24936">
    <name>TP354</name>
  </trkpt>
  <trkpt lat="52.12921" lon="5.24935">
    <name>TP355</name>
  </trkpt>
  <trkpt lat="52.12919" lon="5.24933">
    <name>TP356</name>
  </trkpt>
  <trkpt lat="52.12918" lon="5.24932">
    <name>TP357</name>
  </trkpt>
  <trkpt lat="52.12917" lon="5.24931">
    <name>TP358</name>
  </trkpt>
  <trkpt lat="52.12915" lon="5.24931">
    <name>TP359</name>
  </trkpt>
  <trkpt lat="52.12914" lon="5.2493">
    <name>TP360</name>
  </trkpt>
  <trkpt lat="52.12913" lon="5.2493">
    <name>TP361</name>
  </trkpt>
  <trkpt lat="52.12911" lon="5.24929">
    <name>TP362</name>
  </trkpt>
  <trkpt lat="52.1291" lon="5.2493">
    <name>TP363</name>
  </trkpt>
  <trkpt lat="52.12909" lon="5.2493">
    <name>TP364</name>
  </trkpt>
  <trkpt lat="52.12908" lon="5.2493">
    <name>TP365</name>
  </trkpt>
  <trkpt lat="52.12907" lon="5.24931">
    <name>TP366</name>
  </trkpt>
  <trkpt lat="52.12906" lon="5.24931">
    <name>TP367</name>
  </trkpt>
  <trkpt lat="52.12905" lon="5.24932">
    <name>TP368</name>
  </trkpt>
  <trkpt lat="52.12904" lon="5.24933">
    <name>TP369</name>
  </trkpt>
  <trkpt lat="52.12903" lon="5.24934">
    <name>TP370</name>
  </trkpt>
  <trkpt lat="52.12902" lon="5.24935">
    <name>TP371</name>
  </trkpt>
  <trkpt lat="52.12902" lon="5.24936">
    <name>TP372</name>
  </trkpt>
  <trkpt lat="52.12901" lon="5.24938">
    <name>TP373</name>
  </trkpt>
  <trkpt lat="52.12898" lon="5.24941">
    <name>TP374</name>
  </trkpt>
  <trkpt lat="52.12895" lon="5.24945">
    <name>TP375</name>
  </trkpt>
  <trkpt lat="52.12892" lon="5.2495">
    <name>TP376</name>
  </trkpt>
  <trkpt lat="52.1289" lon="5.24953">
    <name>TP377</name>
  </trkpt>
  <trkpt lat="52.12888" lon="5.24955">
    <name>TP378</name>
  </trkpt>
  <trkpt lat="52.12885" lon="5.24958">
    <name>TP379</name>
  </trkpt>
  <trkpt lat="52.12883" lon="5.24959">
    <name>TP380</name>
  </trkpt>
  <trkpt lat="52.12882" lon="5.24959">
    <name>TP381</name>
  </trkpt>
  <trkpt lat="52.12875" lon="5.24962">
    <name>TP382</name>
  </trkpt>
  <trkpt lat="52.12869" lon="5.24965">
    <name>TP383</name>
  </trkpt>
  <trkpt lat="52.12863" lon="5.24968">
    <name>TP384</name>
  </trkpt>
  <trkpt lat="52.12852" lon="5.24975">
    <name>TP385</name>
  </trkpt>
  <trkpt lat="52.12847" lon="5.24978">
    <name>TP386</name>
  </trkpt>
  <trkpt lat="52.12827" lon="5.2499">
    <name>TP387</name>
  </trkpt>
  <trkpt lat="52.128" lon="5.25008">
    <name>TP388</name>
  </trkpt>
  <trkpt lat="52.12773" lon="5.25028">
    <name>TP389</name>
  </trkpt>
  <trkpt lat="52.12739" lon="5.25054">
    <name>TP390</name>
  </trkpt>
  <trkpt lat="52.12736" lon="5.25056">
    <name>TP391</name>
  </trkpt>
  <trkpt lat="52.12703" lon="5.25081">
    <name>TP392</name>
  </trkpt>
  <trkpt lat="52.12681" lon="5.25097">
    <name>TP393</name>
  </trkpt>
  <trkpt lat="52.1265" lon="5.25119">
    <name>TP394</name>
  </trkpt>
  <trkpt lat="52.12636" lon="5.2513">
    <name>TP395</name>
  </trkpt>
  <trkpt lat="52.12633" lon="5.25132">
    <name>TP396</name>
  </trkpt>
  <trkpt lat="52.1263" lon="5.25134">
    <name>TP397</name>
  </trkpt>
  <trkpt lat="52.12625" lon="5.25141">
    <name>TP398</name>
  </trkpt>
  <trkpt lat="52.12549" lon="5.2519">
    <name>TP399</name>
  </trkpt>
  <trkpt lat="52.12495" lon="5.25225">
    <name>TP400</name>
  </trkpt>
  <trkpt lat="52.12491" lon="5.25228">
    <name>TP401</name>
  </trkpt>
  <trkpt lat="52.12458" lon="5.25249">
    <name>TP402</name>
  </trkpt>
  <trkpt lat="52.12436" lon="5.25263">
    <name>TP403</name>
  </trkpt>
  <trkpt lat="52.12408" lon="5.25282">
    <name>TP404</name>
  </trkpt>
  <trkpt lat="52.12335" lon="5.25329">
    <name>TP405</name>
  </trkpt>
  <trkpt lat="52.12324" lon="5.25336">
    <name>TP406</name>
  </trkpt>
  <trkpt lat="52.12307" lon="5.25347">
    <name>TP407</name>
  </trkpt>
  <trkpt lat="52.12292" lon="5.25357">
    <name>TP408</name>
  </trkpt>
  <trkpt lat="52.12241" lon="5.25391">
    <name>TP409</name>
  </trkpt>
  <trkpt lat="52.12173" lon="5.25434">
    <name>TP410</name>
  </trkpt>
  <trkpt lat="52.12157" lon="5.25445">
    <name>TP411</name>
  </trkpt>
  <trkpt lat="52.12141" lon="5.25455">
    <name>TP412</name>
  </trkpt>
  <trkpt lat="52.12102" lon="5.25481">
    <name>TP413</name>
  </trkpt>
  <trkpt lat="52.12039" lon="5.25522">
    <name>TP414</name>
  </trkpt>
  <trkpt lat="52.12027" lon="5.25531">
    <name>TP415</name>
  </trkpt>
  <trkpt lat="52.12021" lon="5.25532">
    <name>TP416</name>
  </trkpt>
  <trkpt lat="52.1202" lon="5.25533">
    <name>TP417</name>
  </trkpt>
  <trkpt lat="52.11999" lon="5.25547">
    <name>TP418</name>
  </trkpt>
  <trkpt lat="52.11967" lon="5.25568">
    <name>TP419</name>
  </trkpt>
  <trkpt lat="52.11931" lon="5.25591">
    <name>TP420</name>
  </trkpt>
  <trkpt lat="52.11898" lon="5.25613">
    <name>TP421</name>
  </trkpt>
  <trkpt lat="52.11884" lon="5.25622">
    <name>TP422</name>
  </trkpt>
  <trkpt lat="52.11852" lon="5.25642">
    <name>TP423</name>
  </trkpt>
  <trkpt lat="52.1182" lon="5.25664">
    <name>TP424</name>
  </trkpt>
  <trkpt lat="52.11769" lon="5.25696">
    <name>TP425</name>
  </trkpt>
  <trkpt lat="52.11722" lon="5.25727">
    <name>TP426</name>
  </trkpt>
  <trkpt lat="52.1167" lon="5.25761">
    <name>TP427</name>
  </trkpt>
  <trkpt lat="52.11664" lon="5.25766">
    <name>TP428</name>
  </trkpt>
  <trkpt lat="52.11655" lon="5.25771">
    <name>TP429</name>
  </trkpt>
  <trkpt lat="52.1165" lon="5.25775">
    <name>TP430</name>
  </trkpt>
  <trkpt lat="52.11646" lon="5.2578">
    <name>TP431</name>
  </trkpt>
  <trkpt lat="52.11616" lon="5.25799">
    <name>TP432</name>
  </trkpt>
  <trkpt lat="52.11556" lon="5.25838">
    <name>TP433</name>
  </trkpt>
  <trkpt lat="52.11469" lon="5.25895">
    <name>TP434</name>
  </trkpt>
  <trkpt lat="52.11456" lon="5.25904">
    <name>TP435</name>
  </trkpt>
  <trkpt lat="52.11442" lon="5.25909">
    <name>TP436</name>
  </trkpt>
  <trkpt lat="52.11427" lon="5.25918">
    <name>TP437</name>
  </trkpt>
  <trkpt lat="52.11407" lon="5.2593">
    <name>TP438</name>
  </trkpt>
  <trkpt lat="52.114" lon="5.25933">
    <name>TP439</name>
  </trkpt>
  <trkpt lat="52.11392" lon="5.25938">
    <name>TP440</name>
  </trkpt>
  <trkpt lat="52.11382" lon="5.25942">
    <name>TP441</name>
  </trkpt>
  <trkpt lat="52.11374" lon="5.25946">
    <name>TP442</name>
  </trkpt>
  <trkpt lat="52.11351" lon="5.25958">
    <name>TP443</name>
  </trkpt>
  <trkpt lat="52.11325" lon="5.25975">
    <name>TP444</name>
  </trkpt>
  <trkpt lat="52.11315" lon="5.25982">
    <name>TP445</name>
  </trkpt>
  <trkpt lat="52.11267" lon="5.26016">
    <name>TP446</name>
  </trkpt>
  <trkpt lat="52.11247" lon="5.26026">
    <name>TP447</name>
  </trkpt>
  <trkpt lat="52.11218" lon="5.26045">
    <name>TP448</name>
  </trkpt>
  <trkpt lat="52.11191" lon="5.2606">
    <name>TP449</name>
  </trkpt>
  <trkpt lat="52.11169" lon="5.2607">
    <name>TP450</name>
  </trkpt>
  <trkpt lat="52.11151" lon="5.26078">
    <name>TP451</name>
  </trkpt>
  <trkpt lat="52.11133" lon="5.26086">
    <name>TP452</name>
  </trkpt>
  <trkpt lat="52.11105" lon="5.26095">
    <name>TP453</name>
  </trkpt>
  <trkpt lat="52.10981" lon="5.26132">
    <name>TP454</name>
  </trkpt>
  <trkpt lat="52.10965" lon="5.26136">
    <name>TP455</name>
  </trkpt>
  <trkpt lat="52.10932" lon="5.26146">
    <name>TP456</name>
  </trkpt>
  <trkpt lat="52.1093244" lon="5.2614582">
    <name>TP457</name>
  </trkpt>
  <trkpt lat="52.10929" lon="5.2614">
    <name>TP458</name>
  </trkpt>
  <trkpt lat="52.10927" lon="5.26138">
    <name>TP459</name>
  </trkpt>
  <trkpt lat="52.10925" lon="5.26136">
    <name>TP460</name>
  </trkpt>
  <trkpt lat="52.10922" lon="5.26135">
    <name>TP461</name>
  </trkpt>
  <trkpt lat="52.1092" lon="5.26133">
    <name>TP462</name>
  </trkpt>
  <trkpt lat="52.10917" lon="5.26132">
    <name>TP463</name>
  </trkpt>
  <trkpt lat="52.10915" lon="5.26131">
    <name>TP464</name>
  </trkpt>
  <trkpt lat="52.10912" lon="5.2613">
    <name>TP465</name>
  </trkpt>
  <trkpt lat="52.10909" lon="5.2613">
    <name>TP466</name>
  </trkpt>
  <trkpt lat="52.10906" lon="5.26129">
    <name>TP467</name>
  </trkpt>
  <trkpt lat="52.10903" lon="5.26129">
    <name>TP468</name>
  </trkpt>
  <trkpt lat="52.109" lon="5.2613">
    <name>TP469</name>
  </trkpt>
  <trkpt lat="52.10896" lon="5.26131">
    <name>TP470</name>
  </trkpt>
  <trkpt lat="52.10893" lon="5.26133">
    <name>TP471</name>
  </trkpt>
  <trkpt lat="52.1089" lon="5.26134">
    <name>TP472</name>
  </trkpt>
  <trkpt lat="52.10887" lon="5.26136">
    <name>TP473</name>
  </trkpt>
  <trkpt lat="52.10885" lon="5.26137">
    <name>TP474</name>
  </trkpt>
  <trkpt lat="52.10883" lon="5.26137">
    <name>TP475</name>
  </trkpt>
  <trkpt lat="52.10881" lon="5.26138">
    <name>TP476</name>
  </trkpt>
  <trkpt lat="52.10879" lon="5.26139">
    <name>TP477</name>
  </trkpt>
  <trkpt lat="52.10877" lon="5.2614">
    <name>TP478</name>
  </trkpt>
  <trkpt lat="52.10875" lon="5.26141">
    <name>TP479</name>
  </trkpt>
  <trkpt lat="52.10873" lon="5.26143">
    <name>TP480</name>
  </trkpt>
  <trkpt lat="52.10871" lon="5.26144">
    <name>TP481</name>
  </trkpt>
  <trkpt lat="52.10868" lon="5.26146">
    <name>TP482</name>
  </trkpt>
  <trkpt lat="52.10866" lon="5.26148">
    <name>TP483</name>
  </trkpt>
  <trkpt lat="52.10864" lon="5.26151">
    <name>TP484</name>
  </trkpt>
  <trkpt lat="52.10862" lon="5.26154">
    <name>TP485</name>
  </trkpt>
  <trkpt lat="52.10861" lon="5.26157">
    <name>TP486</name>
  </trkpt>
  <trkpt lat="52.1086" lon="5.2616">
    <name>TP487</name>
  </trkpt>
  <trkpt lat="52.10859" lon="5.26163">
    <name>TP488</name>
  </trkpt>
  <trkpt lat="52.10858" lon="5.26167">
    <name>TP489</name>
  </trkpt>
  <trkpt lat="52.10848" lon="5.2617">
    <name>TP490</name>
  </trkpt>
  <trkpt lat="52.10828" lon="5.26174">
    <name>TP491</name>
  </trkpt>
  <trkpt lat="52.10771" lon="5.26191">
    <name>TP492</name>
  </trkpt>
  <trkpt lat="52.10722" lon="5.26205">
    <name>TP493</name>
  </trkpt>
  <trkpt lat="52.10694" lon="5.26214">
    <name>TP494</name>
  </trkpt>
  <trkpt lat="52.10665" lon="5.26222">
    <name>TP495</name>
  </trkpt>
  <trkpt lat="52.10637" lon="5.2623">
    <name>TP496</name>
  </trkpt>
  <trkpt lat="52.10593" lon="5.26244">
    <name>TP497</name>
  </trkpt>
  <trkpt lat="52.10584" lon="5.26247">
    <name>TP498</name>
  </trkpt>
  <trkpt lat="52.10564" lon="5.26255">
    <name>TP499</name>
  </trkpt>
  <trkpt lat="52.10521" lon="5.26274">
    <name>TP500</name>
  </trkpt>
  <trkpt lat="52.10494" lon="5.26288">
    <name>TP501</name>
  </trkpt>
  <trkpt lat="52.1049442" lon="5.262878">
    <name>TP502</name>
  </trkpt>
  <trkpt lat="52.10478" lon="5.26296">
    <name>TP503</name>
  </trkpt>
  <trkpt lat="52.10466" lon="5.26299">
    <name>TP504</name>
  </trkpt>
  <trkpt lat="52.10419" lon="5.26318">
    <name>TP505</name>
  </trkpt>
  <trkpt lat="52.10398" lon="5.26329">
    <name>TP506</name>
  </trkpt>
  <trkpt lat="52.10386" lon="5.26336">
    <name>TP507</name>
  </trkpt>
  <trkpt lat="52.10373" lon="5.26339">
    <name>TP508</name>
  </trkpt>
  <trkpt lat="52.10257" lon="5.26392">
    <name>TP509</name>
  </trkpt>
  <trkpt lat="52.10251" lon="5.26394">
    <name>TP510</name>
  </trkpt>
  <trkpt lat="52.10245" lon="5.26398">
    <name>TP511</name>
  </trkpt>
  <trkpt lat="52.1024" lon="5.26402">
    <name>TP512</name>
  </trkpt>
  <trkpt lat="52.10232" lon="5.26408">
    <name>TP513</name>
  </trkpt>
  <trkpt lat="52.10223" lon="5.26419">
    <name>TP514</name>
  </trkpt>
  <trkpt lat="52.10214" lon="5.26432">
    <name>TP515</name>
  </trkpt>
  <trkpt lat="52.10203" lon="5.26448">
    <name>TP516</name>
  </trkpt>
  <trkpt lat="52.10196" lon="5.26461">
    <name>TP517</name>
  </trkpt>
  <trkpt lat="52.10192" lon="5.26466">
    <name>TP518</name>
  </trkpt>
  <trkpt lat="52.10187" lon="5.26474">
    <name>TP519</name>
  </trkpt>
  <trkpt lat="52.10176" lon="5.26494">
    <name>TP520</name>
  </trkpt>
  <trkpt lat="52.10161" lon="5.26519">
    <name>TP521</name>
  </trkpt>
  <trkpt lat="52.10147" lon="5.26546">
    <name>TP522</name>
  </trkpt>
  <trkpt lat="52.1014" lon="5.26559">
    <name>TP523</name>
  </trkpt>
  <trkpt lat="52.10113" lon="5.26612">
    <name>TP524</name>
  </trkpt>
  <trkpt lat="52.10113" lon="5.26611">
    <name>TP525</name>
  </trkpt>
  <trkpt lat="52.10112" lon="5.2661">
    <name>TP526</name>
  </trkpt>
  <trkpt lat="52.10111" lon="5.2661">
    <name>TP527</name>
  </trkpt>
  <trkpt lat="52.1011" lon="5.26609">
    <name>TP528</name>
  </trkpt>
  <trkpt lat="52.10109" lon="5.26608">
    <name>TP529</name>
  </trkpt>
  <trkpt lat="52.10108" lon="5.26608">
    <name>TP530</name>
  </trkpt>
  <trkpt lat="52.10107" lon="5.26608">
    <name>TP531</name>
  </trkpt>
  <trkpt lat="52.10106" lon="5.26608">
    <name>TP532</name>
  </trkpt>
  <trkpt lat="52.10105" lon="5.26607">
    <name>TP533</name>
  </trkpt>
  <trkpt lat="52.10104" lon="5.26607">
    <name>TP534</name>
  </trkpt>
  <trkpt lat="52.10103" lon="5.26607">
    <name>TP535</name>
  </trkpt>
  <trkpt lat="52.10102" lon="5.26608">
    <name>TP536</name>
  </trkpt>
  <trkpt lat="52.10101" lon="5.26608">
    <name>TP537</name>
  </trkpt>
  <trkpt lat="52.101" lon="5.26608">
    <name>TP538</name>
  </trkpt>
  <trkpt lat="52.10099" lon="5.26609">
    <name>TP539</name>
  </trkpt>
  <trkpt lat="52.10098" lon="5.26609">
    <name>TP540</name>
  </trkpt>
  <trkpt lat="52.10097" lon="5.2661">
    <name>TP541</name>
  </trkpt>
  <trkpt lat="52.10096" lon="5.26611">
    <name>TP542</name>
  </trkpt>
  <trkpt lat="52.10095" lon="5.26612">
    <name>TP543</name>
  </trkpt>
  <trkpt lat="52.10095" lon="5.26613">
    <name>TP544</name>
  </trkpt>
  <trkpt lat="52.10094" lon="5.26614">
    <name>TP545</name>
  </trkpt>
  <trkpt lat="52.10093" lon="5.26615">
    <name>TP546</name>
  </trkpt>
  <trkpt lat="52.10092" lon="5.26617">
    <name>TP547</name>
  </trkpt>
  <trkpt lat="52.10091" lon="5.26619">
    <name>TP548</name>
  </trkpt>
  <trkpt lat="52.10091" lon="5.2662">
    <name>TP549</name>
  </trkpt>
  <trkpt lat="52.1009" lon="5.26622">
    <name>TP550</name>
  </trkpt>
  <trkpt lat="52.1009" lon="5.26623">
    <name>TP551</name>
  </trkpt>
  <trkpt lat="52.10089" lon="5.26625">
    <name>TP552</name>
  </trkpt>
  <trkpt lat="52.10089" lon="5.26626">
    <name>TP553</name>
  </trkpt>
  <trkpt lat="52.10089" lon="5.26628">
    <name>TP554</name>
  </trkpt>
  <trkpt lat="52.10089" lon="5.2663">
    <name>TP555</name>
  </trkpt>
  <trkpt lat="52.10089" lon="5.26631">
    <name>TP556</name>
  </trkpt>
  <trkpt lat="52.10089" lon="5.26633">
    <name>TP557</name>
  </trkpt>
  <trkpt lat="52.10089" lon="5.26635">
    <name>TP558</name>
  </trkpt>
  <trkpt lat="52.10089" lon="5.26636">
    <name>TP559</name>
  </trkpt>
  <trkpt lat="52.10089" lon="5.26638">
    <name>TP560</name>
  </trkpt>
  <trkpt lat="52.1009" lon="5.2664">
    <name>TP561</name>
  </trkpt>
  <trkpt lat="52.1009" lon="5.26641">
    <name>TP562</name>
  </trkpt>
  <trkpt lat="52.1009" lon="5.26643">
    <name>TP563</name>
  </trkpt>
  <trkpt lat="52.10091" lon="5.26644">
    <name>TP564</name>
  </trkpt>
  <trkpt lat="52.10091" lon="5.26646">
    <name>TP565</name>
  </trkpt>
  <trkpt lat="52.10092" lon="5.26647">
    <name>TP566</name>
  </trkpt>
  <trkpt lat="52.10093" lon="5.26648">
    <name>TP567</name>
  </trkpt>
  <trkpt lat="52.10093" lon="5.26649">
    <name>TP568</name>
  </trkpt>
  <trkpt lat="52.10045" lon="5.26733">
    <name>TP569</name>
  </trkpt>
  <trkpt lat="52.10002" lon="5.26807">
    <name>TP570</name>
  </trkpt>
  <trkpt lat="52.09926" lon="5.26941">
    <name>TP571</name>
  </trkpt>
  <trkpt lat="52.09862" lon="5.27054">
    <name>TP572</name>
  </trkpt>
  <trkpt lat="52.09815" lon="5.27141">
    <name>TP573</name>
  </trkpt>
  <trkpt lat="52.09772" lon="5.27215">
    <name>TP574</name>
  </trkpt>
  <trkpt lat="52.09748" lon="5.27259">
    <name>TP575</name>
  </trkpt>
  <trkpt lat="52.09732" lon="5.27288">
    <name>TP576</name>
  </trkpt>
  <trkpt lat="52.09702" lon="5.27328">
    <name>TP577</name>
  </trkpt>
  <trkpt lat="52.09681" lon="5.27355">
    <name>TP578</name>
  </trkpt>
  <trkpt lat="52.09645" lon="5.27402">
    <name>TP579</name>
  </trkpt>
  <trkpt lat="52.09627" lon="5.27424">
    <name>TP580</name>
  </trkpt>
  <trkpt lat="52.09607" lon="5.27456">
    <name>TP581</name>
  </trkpt>
  <trkpt lat="52.09573" lon="5.27518">
    <name>TP582</name>
  </trkpt>
  <trkpt lat="52.09561" lon="5.27539">
    <name>TP583</name>
  </trkpt>
  <trkpt lat="52.09453" lon="5.2774">
    <name>TP584</name>
  </trkpt>
  <trkpt lat="52.0937" lon="5.27896">
    <name>TP585</name>
  </trkpt>
  <trkpt lat="52.09345" lon="5.27935">
    <name>TP586</name>
  </trkpt>
  <trkpt lat="52.09294" lon="5.28026">
    <name>TP587</name>
  </trkpt>
  <trkpt lat="52.09287" lon="5.28038">
    <name>TP588</name>
  </trkpt>
  <trkpt lat="52.09281" lon="5.28049">
    <name>TP589</name>
  </trkpt>
  <trkpt lat="52.09273" lon="5.28058">
    <name>TP590</name>
  </trkpt>
  <trkpt lat="52.0927" lon="5.28062">
    <name>TP591</name>
  </trkpt>
  <trkpt lat="52.09265" lon="5.28066">
    <name>TP592</name>
  </trkpt>
  <trkpt lat="52.0926" lon="5.28069">
    <name>TP593</name>
  </trkpt>
  <trkpt lat="52.09255" lon="5.28072">
    <name>TP594</name>
  </trkpt>
  <trkpt lat="52.09254" lon="5.28072">
    <name>TP595</name>
  </trkpt>
  <trkpt lat="52.09246" lon="5.28074">
    <name>TP596</name>
  </trkpt>
  <trkpt lat="52.09241" lon="5.28075">
    <name>TP597</name>
  </trkpt>
  <trkpt lat="52.0924087" lon="5.2807494">
    <name>TP598</name>
  </trkpt>
  <trkpt lat="52.0924" lon="5.28074">
    <name>TP599</name>
  </trkpt>
  <trkpt lat="52.0924" lon="5.28073">
    <name>TP600</name>
  </trkpt>
  <trkpt lat="52.0924" lon="5.28072">
    <name>TP601</name>
  </trkpt>
  <trkpt lat="52.09239" lon="5.28072">
    <name>TP602</name>
  </trkpt>
  <trkpt lat="52.09239" lon="5.28071">
    <name>TP603</name>
  </trkpt>
  <trkpt lat="52.09238" lon="5.2807">
    <name>TP604</name>
  </trkpt>
  <trkpt lat="52.09237" lon="5.2807">
    <name>TP605</name>
  </trkpt>
  <trkpt lat="52.09237" lon="5.28069">
    <name>TP606</name>
  </trkpt>
  <trkpt lat="52.09236" lon="5.28068">
    <name>TP607</name>
  </trkpt>
  <trkpt lat="52.09235" lon="5.28068">
    <name>TP608</name>
  </trkpt>
  <trkpt lat="52.09234" lon="5.28067">
    <name>TP609</name>
  </trkpt>
  <trkpt lat="52.09233" lon="5.28067">
    <name>TP610</name>
  </trkpt>
  <trkpt lat="52.09232" lon="5.28067">
    <name>TP611</name>
  </trkpt>
  <trkpt lat="52.09231" lon="5.28066">
    <name>TP612</name>
  </trkpt>
  <trkpt lat="52.0923" lon="5.28066">
    <name>TP613</name>
  </trkpt>
  <trkpt lat="52.09229" lon="5.28067">
    <name>TP614</name>
  </trkpt>
  <trkpt lat="52.09228" lon="5.28067">
    <name>TP615</name>
  </trkpt>
  <trkpt lat="52.09227" lon="5.28067">
    <name>TP616</name>
  </trkpt>
  <trkpt lat="52.09227" lon="5.28068">
    <name>TP617</name>
  </trkpt>
  <trkpt lat="52.09226" lon="5.28068">
    <name>TP618</name>
  </trkpt>
  <trkpt lat="52.09225" lon="5.28068">
    <name>TP619</name>
  </trkpt>
  <trkpt lat="52.09225" lon="5.28069">
    <name>TP620</name>
  </trkpt>
  <trkpt lat="52.09224" lon="5.2807">
    <name>TP621</name>
  </trkpt>
  <trkpt lat="52.09223" lon="5.28071">
    <name>TP622</name>
  </trkpt>
  <trkpt lat="52.09222" lon="5.28071">
    <name>TP623</name>
  </trkpt>
  <trkpt lat="52.09222" lon="5.28072">
    <name>TP624</name>
  </trkpt>
  <trkpt lat="52.09221" lon="5.28073">
    <name>TP625</name>
  </trkpt>
  <trkpt lat="52.09221" lon="5.28074">
    <name>TP626</name>
  </trkpt>
  <trkpt lat="52.09221" lon="5.28075">
    <name>TP627</name>
  </trkpt>
  <trkpt lat="52.0922" lon="5.28076">
    <name>TP628</name>
  </trkpt>
  <trkpt lat="52.0922" lon="5.28077">
    <name>TP629</name>
  </trkpt>
  <trkpt lat="52.0922" lon="5.28078">
    <name>TP630</name>
  </trkpt>
  <trkpt lat="52.09219" lon="5.28079">
    <name>TP631</name>
  </trkpt>
  <trkpt lat="52.09219" lon="5.2808">
    <name>TP632</name>
  </trkpt>
  <trkpt lat="52.09219" lon="5.28081">
    <name>TP633</name>
  </trkpt>
  <trkpt lat="52.09219" lon="5.28082">
    <name>TP634</name>
  </trkpt>
  <trkpt lat="52.09218" lon="5.28083">
    <name>TP635</name>
  </trkpt>
  <trkpt lat="52.09218" lon="5.28084">
    <name>TP636</name>
  </trkpt>
  <trkpt lat="52.09218" lon="5.28086">
    <name>TP637</name>
  </trkpt>
  <trkpt lat="52.09218" lon="5.28087">
    <name>TP638</name>
  </trkpt>
  <trkpt lat="52.09218" lon="5.28088">
    <name>TP639</name>
  </trkpt>
  <trkpt lat="52.09218" lon="5.28089">
    <name>TP640</name>
  </trkpt>
  <trkpt lat="52.09218" lon="5.2809">
    <name>TP641</name>
  </trkpt>
  <trkpt lat="52.09218" lon="5.28091">
    <name>TP642</name>
  </trkpt>
  <trkpt lat="52.09219" lon="5.28092">
    <name>TP643</name>
  </trkpt>
  <trkpt lat="52.09219" lon="5.28093">
    <name>TP644</name>
  </trkpt>
  <trkpt lat="52.09219" lon="5.28094">
    <name>TP645</name>
  </trkpt>
  <trkpt lat="52.09219" lon="5.28096">
    <name>TP646</name>
  </trkpt>
  <trkpt lat="52.0922" lon="5.28097">
    <name>TP647</name>
  </trkpt>
  <trkpt lat="52.0922" lon="5.28098">
    <name>TP648</name>
  </trkpt>
  <trkpt lat="52.09221" lon="5.28099">
    <name>TP649</name>
  </trkpt>
  <trkpt lat="52.09221" lon="5.281">
    <name>TP650</name>
  </trkpt>
  <trkpt lat="52.09222" lon="5.28101">
    <name>TP651</name>
  </trkpt>
  <trkpt lat="52.09222" lon="5.28102">
    <name>TP652</name>
  </trkpt>
  <trkpt lat="52.09223" lon="5.28103">
    <name>TP653</name>
  </trkpt>
  <trkpt lat="52.09215" lon="5.28161">
    <name>TP654</name>
  </trkpt>
  <trkpt lat="52.09211" lon="5.28183">
    <name>TP655</name>
  </trkpt>
  <trkpt lat="52.0921" lon="5.28196">
    <name>TP656</name>
  </trkpt>
  <trkpt lat="52.09208" lon="5.28209">
    <name>TP657</name>
  </trkpt>
  <trkpt lat="52.09205" lon="5.28222">
    <name>TP658</name>
  </trkpt>
  <trkpt lat="52.09201" lon="5.28235">
    <name>TP659</name>
  </trkpt>
  <trkpt lat="52.09197" lon="5.28243">
    <name>TP660</name>
  </trkpt>
  <trkpt lat="52.09195" lon="5.28251">
    <name>TP661</name>
  </trkpt>
  <trkpt lat="52.09164" lon="5.28313">
    <name>TP662</name>
  </trkpt>
  <trkpt lat="52.09153" lon="5.28333">
    <name>TP663</name>
  </trkpt>
  <trkpt lat="52.09128" lon="5.28378">
    <name>TP664</name>
  </trkpt>
  <trkpt lat="52.09106" lon="5.28419">
    <name>TP665</name>
  </trkpt>
  <trkpt lat="52.09101" lon="5.2843">
    <name>TP666</name>
  </trkpt>
  <trkpt lat="52.0909" lon="5.28449">
    <name>TP667</name>
  </trkpt>
  <trkpt lat="52.09073" lon="5.28485">
    <name>TP668</name>
  </trkpt>
  <trkpt lat="52.0907" lon="5.28487">
    <name>TP669</name>
  </trkpt>
  <trkpt lat="52.09069" lon="5.28488">
    <name>TP670</name>
  </trkpt>
  <trkpt lat="52.09067" lon="5.2849">
    <name>TP671</name>
  </trkpt>
  <trkpt lat="52.09065" lon="5.28493">
    <name>TP672</name>
  </trkpt>
  <trkpt lat="52.09058" lon="5.28506">
    <name>TP673</name>
  </trkpt>
  <trkpt lat="52.09049" lon="5.28523">
    <name>TP674</name>
  </trkpt>
  <trkpt lat="52.0904901" lon="5.2852346">
    <name>TP675</name>
  </trkpt>
  <trkpt lat="52.09046" lon="5.28524">
    <name>TP676</name>
  </trkpt>
  <trkpt lat="52.09045" lon="5.28524">
    <name>TP677</name>
  </trkpt>
  <trkpt lat="52.09043" lon="5.28525">
    <name>TP678</name>
  </trkpt>
  <trkpt lat="52.09041" lon="5.28527">
    <name>TP679</name>
  </trkpt>
  <trkpt lat="52.09039" lon="5.2853">
    <name>TP680</name>
  </trkpt>
  <trkpt lat="52.09031" lon="5.28549">
    <name>TP681</name>
  </trkpt>
  <trkpt lat="52.09029" lon="5.28555">
    <name>TP682</name>
  </trkpt>
  <trkpt lat="52.09028" lon="5.28558">
    <name>TP683</name>
  </trkpt>
  <trkpt lat="52.09028" lon="5.28561">
    <name>TP684</name>
  </trkpt>
  <trkpt lat="52.09028" lon="5.28564">
    <name>TP685</name>
  </trkpt>
  <trkpt lat="52.09028" lon="5.28566">
    <name>TP686</name>
  </trkpt>
  <trkpt lat="52.09028" lon="5.28569">
    <name>TP687</name>
  </trkpt>
  <trkpt lat="52.09028" lon="5.28571">
    <name>TP688</name>
  </trkpt>
  <trkpt lat="52.09029" lon="5.28572">
    <name>TP689</name>
  </trkpt>
  <trkpt lat="52.0903" lon="5.28575">
    <name>TP690</name>
  </trkpt>
  <trkpt lat="52.0902" lon="5.28605">
    <name>TP691</name>
  </trkpt>
  <trkpt lat="52.09016" lon="5.28618">
    <name>TP692</name>
  </trkpt>
  <trkpt lat="52.09013" lon="5.28631">
    <name>TP693</name>
  </trkpt>
  <trkpt lat="52.0901" lon="5.28644">
    <name>TP694</name>
  </trkpt>
  <trkpt lat="52.09006" lon="5.28657">
    <name>TP695</name>
  </trkpt>
  <trkpt lat="52.08996" lon="5.28689">
    <name>TP696</name>
  </trkpt>
  <trkpt lat="52.08983" lon="5.2873">
    <name>TP697</name>
  </trkpt>
  <trkpt lat="52.08974" lon="5.2876">
    <name>TP698</name>
  </trkpt>
  <trkpt lat="52.08956" lon="5.28816">
    <name>TP699</name>
  </trkpt>
  <trkpt lat="52.08951" lon="5.28832">
    <name>TP700</name>
  </trkpt>
  <trkpt lat="52.08946" lon="5.28843">
    <name>TP701</name>
  </trkpt>
  <trkpt lat="52.08942" lon="5.28856">
    <name>TP702</name>
  </trkpt>
  <trkpt lat="52.08934" lon="5.28883">
    <name>TP703</name>
  </trkpt>
  <trkpt lat="52.08918" lon="5.28935">
    <name>TP704</name>
  </trkpt>
  <trkpt lat="52.08911" lon="5.2896">
    <name>TP705</name>
  </trkpt>
  <trkpt lat="52.0891" lon="5.28962">
    <name>TP706</name>
  </trkpt>
  <trkpt lat="52.08892" lon="5.29021">
    <name>TP707</name>
  </trkpt>
  <trkpt lat="52.08887" lon="5.29038">
    <name>TP708</name>
  </trkpt>
  <trkpt lat="52.08881" lon="5.29062">
    <name>TP709</name>
  </trkpt>
  <trkpt lat="52.08869" lon="5.29108">
    <name>TP710</name>
  </trkpt>
  <trkpt lat="52.08859" lon="5.29155">
    <name>TP711</name>
  </trkpt>
  <trkpt lat="52.0885" lon="5.292">
    <name>TP712</name>
  </trkpt>
  <trkpt lat="52.08846" lon="5.29221">
    <name>TP713</name>
  </trkpt>
  <trkpt lat="52.08845" lon="5.29237">
    <name>TP714</name>
  </trkpt>
  <trkpt lat="52.0884" lon="5.2927">
    <name>TP715</name>
  </trkpt>
  <trkpt lat="52.08836" lon="5.29292">
    <name>TP716</name>
  </trkpt>
  <trkpt lat="52.08836" lon="5.29293">
    <name>TP717</name>
  </trkpt>
  <trkpt lat="52.08829" lon="5.29346">
    <name>TP718</name>
  </trkpt>
  <trkpt lat="52.08821" lon="5.2937">
    <name>TP719</name>
  </trkpt>
  <trkpt lat="52.0882" lon="5.29371">
    <name>TP720</name>
  </trkpt>
  <trkpt lat="52.08819" lon="5.29371">
    <name>TP721</name>
  </trkpt>
  <trkpt lat="52.08818" lon="5.29372">
    <name>TP722</name>
  </trkpt>
  <trkpt lat="52.08817" lon="5.29372">
    <name>TP723</name>
  </trkpt>
  <trkpt lat="52.08816" lon="5.29373">
    <name>TP724</name>
  </trkpt>
  <trkpt lat="52.08816" lon="5.29374">
    <name>TP725</name>
  </trkpt>
  <trkpt lat="52.08815" lon="5.29375">
    <name>TP726</name>
  </trkpt>
  <trkpt lat="52.08815" lon="5.29376">
    <name>TP727</name>
  </trkpt>
  <trkpt lat="52.08814" lon="5.29376">
    <name>TP728</name>
  </trkpt>
  <trkpt lat="52.08813" lon="5.29377">
    <name>TP729</name>
  </trkpt>
  <trkpt lat="52.08813" lon="5.29378">
    <name>TP730</name>
  </trkpt>
  <trkpt lat="52.08812" lon="5.29379">
    <name>TP731</name>
  </trkpt>
  <trkpt lat="52.08812" lon="5.29381">
    <name>TP732</name>
  </trkpt>
  <trkpt lat="52.08812" lon="5.29382">
    <name>TP733</name>
  </trkpt>
  <trkpt lat="52.08811" lon="5.29383">
    <name>TP734</name>
  </trkpt>
  <trkpt lat="52.08811" lon="5.29384">
    <name>TP735</name>
  </trkpt>
  <trkpt lat="52.08811" lon="5.29385">
    <name>TP736</name>
  </trkpt>
  <trkpt lat="52.08811" lon="5.29387">
    <name>TP737</name>
  </trkpt>
  <trkpt lat="52.0881" lon="5.29388">
    <name>TP738</name>
  </trkpt>
  <trkpt lat="52.0881" lon="5.29389">
    <name>TP739</name>
  </trkpt>
  <trkpt lat="52.0881" lon="5.29391">
    <name>TP740</name>
  </trkpt>
  <trkpt lat="52.0881" lon="5.29392">
    <name>TP741</name>
  </trkpt>
  <trkpt lat="52.0881" lon="5.29393">
    <name>TP742</name>
  </trkpt>
  <trkpt lat="52.0881" lon="5.29394">
    <name>TP743</name>
  </trkpt>
  <trkpt lat="52.0881" lon="5.29396">
    <name>TP744</name>
  </trkpt>
  <trkpt lat="52.08811" lon="5.29397">
    <name>TP745</name>
  </trkpt>
  <trkpt lat="52.08811" lon="5.29398">
    <name>TP746</name>
  </trkpt>
  <trkpt lat="52.08811" lon="5.29399">
    <name>TP747</name>
  </trkpt>
  <trkpt lat="52.08811" lon="5.294">
    <name>TP748</name>
  </trkpt>
  <trkpt lat="52.08811" lon="5.29401">
    <name>TP749</name>
  </trkpt>
  <trkpt lat="52.08812" lon="5.29402">
    <name>TP750</name>
  </trkpt>
  <trkpt lat="52.08812" lon="5.29403">
    <name>TP751</name>
  </trkpt>
  <trkpt lat="52.08813" lon="5.29404">
    <name>TP752</name>
  </trkpt>
  <trkpt lat="52.08813" lon="5.29405">
    <name>TP753</name>
  </trkpt>
  <trkpt lat="52.08814" lon="5.29406">
    <name>TP754</name>
  </trkpt>
  <trkpt lat="52.08814" lon="5.29407">
    <name>TP755</name>
  </trkpt>
  <trkpt lat="52.08815" lon="5.29408">
    <name>TP756</name>
  </trkpt>
  <trkpt lat="52.08815" lon="5.29409">
    <name>TP757</name>
  </trkpt>
  <trkpt lat="52.08816" lon="5.2941">
    <name>TP758</name>
  </trkpt>
  <trkpt lat="52.08817" lon="5.2941">
    <name>TP759</name>
  </trkpt>
  <trkpt lat="52.08822" lon="5.29437">
    <name>TP760</name>
  </trkpt>
  <trkpt lat="52.08821" lon="5.29456">
    <name>TP761</name>
  </trkpt>
  <trkpt lat="52.08819" lon="5.29496">
    <name>TP762</name>
  </trkpt>
  <trkpt lat="52.08817" lon="5.29557">
    <name>TP763</name>
  </trkpt>
  <trkpt lat="52.08817" lon="5.29564">
    <name>TP764</name>
  </trkpt>
  <trkpt lat="52.08817" lon="5.29578">
    <name>TP765</name>
  </trkpt>
  <trkpt lat="52.08816" lon="5.29607">
    <name>TP766</name>
  </trkpt>
  <trkpt lat="52.08802" lon="5.30138">
    <name>TP767</name>
  </trkpt>
  <trkpt lat="52.08801" lon="5.30163">
    <name>TP768</name>
  </trkpt>
  <trkpt lat="52.088" lon="5.30205">
    <name>TP769</name>
  </trkpt>
  <trkpt lat="52.08799" lon="5.30248">
    <name>TP770</name>
  </trkpt>
  <trkpt lat="52.08794" lon="5.30458">
    <name>TP771</name>
  </trkpt>
  <trkpt lat="52.08794" lon="5.30463">
    <name>TP772</name>
  </trkpt>
  <trkpt lat="52.08794" lon="5.30468">
    <name>TP773</name>
  </trkpt>
  <trkpt lat="52.08793" lon="5.30509">
    <name>TP774</name>
  </trkpt>
  <trkpt lat="52.08789" lon="5.3068">
    <name>TP775</name>
  </trkpt>
  <trkpt lat="52.08788" lon="5.30702">
    <name>TP776</name>
  </trkpt>
  <trkpt lat="52.08787" lon="5.30749">
    <name>TP777</name>
  </trkpt>
  <trkpt lat="52.08784" lon="5.30848">
    <name>TP778</name>
  </trkpt>
  <trkpt lat="52.08782" lon="5.30923">
    <name>TP779</name>
  </trkpt>
  <trkpt lat="52.08778" lon="5.31082">
    <name>TP780</name>
  </trkpt>
  <trkpt lat="52.08777" lon="5.31111">
    <name>TP781</name>
  </trkpt>
  <trkpt lat="52.08775" lon="5.31199">
    <name>TP782</name>
  </trkpt>
  <trkpt lat="52.08774" lon="5.31258">
    <name>TP783</name>
  </trkpt>
  <trkpt lat="52.08773" lon="5.31287">
    <name>TP784</name>
  </trkpt>
  <trkpt lat="52.08772" lon="5.31316">
    <name>TP785</name>
  </trkpt>
  <trkpt lat="52.08772" lon="5.31345">
    <name>TP786</name>
  </trkpt>
  <trkpt lat="52.0877" lon="5.31404">
    <name>TP787</name>
  </trkpt>
  <trkpt lat="52.08769" lon="5.31462">
    <name>TP788</name>
  </trkpt>
  <trkpt lat="52.08767" lon="5.31521">
    <name>TP789</name>
  </trkpt>
  <trkpt lat="52.08766" lon="5.31579">
    <name>TP790</name>
  </trkpt>
  <trkpt lat="52.08765" lon="5.31608">
    <name>TP791</name>
  </trkpt>
  <trkpt lat="52.08762" lon="5.31725">
    <name>TP792</name>
  </trkpt>
  <trkpt lat="52.08761" lon="5.31755">
    <name>TP793</name>
  </trkpt>
  <trkpt lat="52.08759" lon="5.31843">
    <name>TP794</name>
  </trkpt>
  <trkpt lat="52.08755" lon="5.31987">
    <name>TP795</name>
  </trkpt>
  <trkpt lat="52.08755" lon="5.32006">
    <name>TP796</name>
  </trkpt>
  <trkpt lat="52.08753" lon="5.3206">
    <name>TP797</name>
  </trkpt>
  <trkpt lat="52.08752" lon="5.32108">
    <name>TP798</name>
  </trkpt>
  <trkpt lat="52.08752" lon="5.32132">
    <name>TP799</name>
  </trkpt>
  <trkpt lat="52.0875" lon="5.32183">
    <name>TP800</name>
  </trkpt>
  <trkpt lat="52.08749" lon="5.32221">
    <name>TP801</name>
  </trkpt>
  <trkpt lat="52.08748" lon="5.32279">
    <name>TP802</name>
  </trkpt>
  <trkpt lat="52.08746" lon="5.32367">
    <name>TP803</name>
  </trkpt>
  <trkpt lat="52.08743" lon="5.32443">
    <name>TP804</name>
  </trkpt>
  <trkpt lat="52.08743" lon="5.32454">
    <name>TP805</name>
  </trkpt>
  <trkpt lat="52.08738" lon="5.32659">
    <name>TP806</name>
  </trkpt>
  <trkpt lat="52.08734" lon="5.32819">
    <name>TP807</name>
  </trkpt>
  <trkpt lat="52.08732" lon="5.32877">
    <name>TP808</name>
  </trkpt>
  <trkpt lat="52.08729" lon="5.32927">
    <name>TP809</name>
  </trkpt>
  <trkpt lat="52.08728" lon="5.32989">
    <name>TP810</name>
  </trkpt>
  <trkpt lat="52.08726" lon="5.33054">
    <name>TP811</name>
  </trkpt>
  <trkpt lat="52.08725" lon="5.33085">
    <name>TP812</name>
  </trkpt>
  <trkpt lat="52.0872531" lon="5.330849">
    <name>TP813</name>
  </trkpt>
  <trkpt lat="52.08718" lon="5.33084">
    <name>TP814</name>
  </trkpt>
  <trkpt lat="52.08712" lon="5.33084">
    <name>TP815</name>
  </trkpt>
  <trkpt lat="52.08686" lon="5.33081">
    <name>TP816</name>
  </trkpt>
  <trkpt lat="52.08676" lon="5.33079">
    <name>TP817</name>
  </trkpt>
  <trkpt lat="52.08658" lon="5.33075">
    <name>TP818</name>
  </trkpt>
  <trkpt lat="52.08653" lon="5.33074">
    <name>TP819</name>
  </trkpt>
  <trkpt lat="52.0864" lon="5.33071">
    <name>TP820</name>
  </trkpt>
  <trkpt lat="52.08632" lon="5.33068">
    <name>TP821</name>
  </trkpt>
  <trkpt lat="52.08591" lon="5.33038">
    <name>TP822</name>
  </trkpt>
  <trkpt lat="52.08562" lon="5.33021">
    <name>TP823</name>
  </trkpt>
  <trkpt lat="52.08551" lon="5.33015">
    <name>TP824</name>
  </trkpt>
  <trkpt lat="52.08511" lon="5.32992">
    <name>TP825</name>
  </trkpt>
  <trkpt lat="52.08497" lon="5.32982">
    <name>TP826</name>
  </trkpt>
  <trkpt lat="52.08496" lon="5.32982">
    <name>TP827</name>
  </trkpt>
  <trkpt lat="52.08482" lon="5.32972">
    <name>TP828</name>
  </trkpt>
  <trkpt lat="52.0848" lon="5.3297">
    <name>TP829</name>
  </trkpt>
  <trkpt lat="52.08478" lon="5.32969">
    <name>TP830</name>
  </trkpt>
  <trkpt lat="52.08464" lon="5.32957">
    <name>TP831</name>
  </trkpt>
  <trkpt lat="52.08462" lon="5.32955">
    <name>TP832</name>
  </trkpt>
  <trkpt lat="52.08432" lon="5.32931">
    <name>TP833</name>
  </trkpt>
  <trkpt lat="52.0843" lon="5.32929">
    <name>TP834</name>
  </trkpt>
  <trkpt lat="52.08416" lon="5.32918">
    <name>TP835</name>
  </trkpt>
  <trkpt lat="52.08406" lon="5.3291">
    <name>TP836</name>
  </trkpt>
  <trkpt lat="52.084" lon="5.32906">
    <name>TP837</name>
  </trkpt>
  <trkpt lat="52.08397" lon="5.32904">
    <name>TP838</name>
  </trkpt>
  <trkpt lat="52.08383" lon="5.32896">
    <name>TP839</name>
  </trkpt>
  <trkpt lat="52.0838" lon="5.32895">
    <name>TP840</name>
  </trkpt>
  <trkpt lat="52.08366" lon="5.32886">
    <name>TP841</name>
  </trkpt>
  <trkpt lat="52.08364" lon="5.32885">
    <name>TP842</name>
  </trkpt>
  <trkpt lat="52.08363" lon="5.32885">
    <name>TP843</name>
  </trkpt>
  <trkpt lat="52.08331" lon="5.32869">
    <name>TP844</name>
  </trkpt>
  <trkpt lat="52.08329" lon="5.32868">
    <name>TP845</name>
  </trkpt>
  <trkpt lat="52.08297" lon="5.32852">
    <name>TP846</name>
  </trkpt>
  <trkpt lat="52.08277" lon="5.32843">
    <name>TP847</name>
  </trkpt>
  <trkpt lat="52.08262" lon="5.32835">
    <name>TP848</name>
  </trkpt>
  <trkpt lat="52.08245" lon="5.32826">
    <name>TP849</name>
  </trkpt>
  <trkpt lat="52.08238" lon="5.32822">
    <name>TP850</name>
  </trkpt>
  <trkpt lat="52.08206" lon="5.32805">
    <name>TP851</name>
  </trkpt>
  <trkpt lat="52.08157" lon="5.32774">
    <name>TP852</name>
  </trkpt>
  <trkpt lat="52.08154" lon="5.32772">
    <name>TP853</name>
  </trkpt>
  <trkpt lat="52.08152" lon="5.32771">
    <name>TP854</name>
  </trkpt>
  <trkpt lat="52.08129" lon="5.3275">
    <name>TP855</name>
  </trkpt>
  <trkpt lat="52.08122" lon="5.32744">
    <name>TP856</name>
  </trkpt>
  <trkpt lat="52.08113" lon="5.32735">
    <name>TP857</name>
  </trkpt>
  <trkpt lat="52.08106" lon="5.32729">
    <name>TP858</name>
  </trkpt>
  <trkpt lat="52.08103" lon="5.32726">
    <name>TP859</name>
  </trkpt>
  <trkpt lat="52.08098" lon="5.32721">
    <name>TP860</name>
  </trkpt>
  <trkpt lat="52.08093" lon="5.32716">
    <name>TP861</name>
  </trkpt>
  <trkpt lat="52.08091" lon="5.32714">
    <name>TP862</name>
  </trkpt>
  <trkpt lat="52.08082" lon="5.32705">
    <name>TP863</name>
  </trkpt>
  <trkpt lat="52.08052" lon="5.32674">
    <name>TP864</name>
  </trkpt>
  <trkpt lat="52.08045" lon="5.32667">
    <name>TP865</name>
  </trkpt>
  <trkpt lat="52.08042" lon="5.32664">
    <name>TP866</name>
  </trkpt>
  <trkpt lat="52.08037" lon="5.32658">
    <name>TP867</name>
  </trkpt>
  <trkpt lat="52.0803" lon="5.32651">
    <name>TP868</name>
  </trkpt>
  <trkpt lat="52.08015" lon="5.32635">
    <name>TP869</name>
  </trkpt>
  <trkpt lat="52.08009" lon="5.32628">
    <name>TP870</name>
  </trkpt>
  <trkpt lat="52.08007" lon="5.32626">
    <name>TP871</name>
  </trkpt>
  <trkpt lat="52.07986" lon="5.32601">
    <name>TP872</name>
  </trkpt>
  <trkpt lat="52.07971" lon="5.32584">
    <name>TP873</name>
  </trkpt>
  <trkpt lat="52.07963" lon="5.32575">
    <name>TP874</name>
  </trkpt>
  <trkpt lat="52.07953" lon="5.32562">
    <name>TP875</name>
  </trkpt>
  <trkpt lat="52.07929" lon="5.32534">
    <name>TP876</name>
  </trkpt>
  <trkpt lat="52.07895" lon="5.32493">
    <name>TP877</name>
  </trkpt>
  <trkpt lat="52.07889" lon="5.32487">
    <name>TP878</name>
  </trkpt>
  <trkpt lat="52.07884" lon="5.3248">
    <name>TP879</name>
  </trkpt>
  <trkpt lat="52.07855" lon="5.32447">
    <name>TP880</name>
  </trkpt>
  <trkpt lat="52.07836" lon="5.32425">
    <name>TP881</name>
  </trkpt>
  <trkpt lat="52.07825" lon="5.32413">
    <name>TP882</name>
  </trkpt>
  <trkpt lat="52.07795" lon="5.32381">
    <name>TP883</name>
  </trkpt>
  <trkpt lat="52.07757" lon="5.32338">
    <name>TP884</name>
  </trkpt>
  <trkpt lat="52.0775" lon="5.32332">
    <name>TP885</name>
  </trkpt>
  <trkpt lat="52.07734" lon="5.32314">
    <name>TP886</name>
  </trkpt>
  <trkpt lat="52.07731" lon="5.3231">
    <name>TP887</name>
  </trkpt>
  <trkpt lat="52.07718" lon="5.32296">
    <name>TP888</name>
  </trkpt>
  <trkpt lat="52.07708" lon="5.32289">
    <name>TP889</name>
  </trkpt>
  <trkpt lat="52.07668" lon="5.32268">
    <name>TP890</name>
  </trkpt>
  <trkpt lat="52.07665" lon="5.32267">
    <name>TP891</name>
  </trkpt>
  <trkpt lat="52.07648" lon="5.32257">
    <name>TP892</name>
  </trkpt>
  <trkpt lat="52.07592" lon="5.32226">
    <name>TP893</name>
  </trkpt>
  <trkpt lat="52.07559" lon="5.32209">
    <name>TP894</name>
  </trkpt>
  <trkpt lat="52.07542" lon="5.322">
    <name>TP895</name>
  </trkpt>
  <trkpt lat="52.07462" lon="5.32159">
    <name>TP896</name>
  </trkpt>
  <trkpt lat="52.07439" lon="5.32147">
    <name>TP897</name>
  </trkpt>
  <trkpt lat="52.07353" lon="5.32104">
    <name>TP898</name>
  </trkpt>
  <trkpt lat="52.07346" lon="5.32101">
    <name>TP899</name>
  </trkpt>
  <trkpt lat="52.07339" lon="5.32098">
    <name>TP900</name>
  </trkpt>
  <trkpt lat="52.07286" lon="5.32077">
    <name>TP901</name>
  </trkpt>
  <trkpt lat="52.07229" lon="5.32058">
    <name>TP902</name>
  </trkpt>
  <trkpt lat="52.0722866" lon="5.3205751">
    <name>TP903</name>
  </trkpt>
  <trkpt lat="52.07185" lon="5.32045">
    <name>TP904</name>
  </trkpt>
  <trkpt lat="52.07168" lon="5.3204">
    <name>TP905</name>
  </trkpt>
  <trkpt lat="52.0715" lon="5.32035">
    <name>TP906</name>
  </trkpt>
  <trkpt lat="52.07144" lon="5.32033">
    <name>TP907</name>
  </trkpt>
  <trkpt lat="52.07115" lon="5.32023">
    <name>TP908</name>
  </trkpt>
  <trkpt lat="52.07097" lon="5.32017">
    <name>TP909</name>
  </trkpt>
  <trkpt lat="52.0709" lon="5.32015">
    <name>TP910</name>
  </trkpt>
  <trkpt lat="52.07062" lon="5.32002">
    <name>TP911</name>
  </trkpt>
  <trkpt lat="52.07057" lon="5.32">
    <name>TP912</name>
  </trkpt>
  <trkpt lat="52.07044" lon="5.3199">
    <name>TP913</name>
  </trkpt>
  <trkpt lat="52.07033" lon="5.31977">
    <name>TP914</name>
  </trkpt>
  <trkpt lat="52.07025" lon="5.31964">
    <name>TP915</name>
  </trkpt>
  <trkpt lat="52.07022" lon="5.31959">
    <name>TP916</name>
  </trkpt>
  <trkpt lat="52.07012" lon="5.31943">
    <name>TP917</name>
  </trkpt>
  <trkpt lat="52.07009" lon="5.31938">
    <name>TP918</name>
  </trkpt>
  <trkpt lat="52.06998" lon="5.31925">
    <name>TP919</name>
  </trkpt>
  <trkpt lat="52.06987" lon="5.31911">
    <name>TP920</name>
  </trkpt>
  <trkpt lat="52.06984" lon="5.31908">
    <name>TP921</name>
  </trkpt>
  <trkpt lat="52.06969" lon="5.31892">
    <name>TP922</name>
  </trkpt>
  <trkpt lat="52.06954" lon="5.31876">
    <name>TP923</name>
  </trkpt>
  <trkpt lat="52.06938" lon="5.3186">
    <name>TP924</name>
  </trkpt>
  <trkpt lat="52.06923" lon="5.31844">
    <name>TP925</name>
  </trkpt>
  <trkpt lat="52.06895" lon="5.31814">
    <name>TP926</name>
  </trkpt>
  <trkpt lat="52.06849" lon="5.31763">
    <name>TP927</name>
  </trkpt>
  <trkpt lat="52.06844" lon="5.31758">
    <name>TP928</name>
  </trkpt>
  <trkpt lat="52.06834" lon="5.31747">
    <name>TP929</name>
  </trkpt>
  <trkpt lat="52.06819" lon="5.3173">
    <name>TP930</name>
  </trkpt>
  <trkpt lat="52.06812" lon="5.31723">
    <name>TP931</name>
  </trkpt>
  <trkpt lat="52.06804" lon="5.31713">
    <name>TP932</name>
  </trkpt>
  <trkpt lat="52.06776" lon="5.31676">
    <name>TP933</name>
  </trkpt>
  <trkpt lat="52.06772" lon="5.31671">
    <name>TP934</name>
  </trkpt>
  <trkpt lat="52.06734" lon="5.31621">
    <name>TP935</name>
  </trkpt>
  <trkpt lat="52.06724" lon="5.31612">
    <name>TP936</name>
  </trkpt>
  <trkpt lat="52.0672" lon="5.31608">
    <name>TP937</name>
  </trkpt>
  <trkpt lat="52.06712" lon="5.316">
    <name>TP938</name>
  </trkpt>
  <trkpt lat="52.06704" lon="5.31592">
    <name>TP939</name>
  </trkpt>
  <trkpt lat="52.06702" lon="5.3159">
    <name>TP940</name>
  </trkpt>
  <trkpt lat="52.06688" lon="5.31576">
    <name>TP941</name>
  </trkpt>
  <trkpt lat="52.06676" lon="5.31564">
    <name>TP942</name>
  </trkpt>
  <trkpt lat="52.06669" lon="5.31557">
    <name>TP943</name>
  </trkpt>
  <trkpt lat="52.06658" lon="5.31545">
    <name>TP944</name>
  </trkpt>
  <trkpt lat="52.06648" lon="5.31537">
    <name>TP945</name>
  </trkpt>
  <trkpt lat="52.06639" lon="5.3153">
    <name>TP946</name>
  </trkpt>
  <trkpt lat="52.06625" lon="5.31524">
    <name>TP947</name>
  </trkpt>
  <trkpt lat="52.06623" lon="5.31524">
    <name>TP948</name>
  </trkpt>
  <trkpt lat="52.0661" lon="5.31521">
    <name>TP949</name>
  </trkpt>
  <trkpt lat="52.06605" lon="5.31521">
    <name>TP950</name>
  </trkpt>
  <trkpt lat="52.06588" lon="5.31521">
    <name>TP951</name>
  </trkpt>
  <trkpt lat="52.06587" lon="5.31521">
    <name>TP952</name>
  </trkpt>
  <trkpt lat="52.06572" lon="5.31522">
    <name>TP953</name>
  </trkpt>
  <trkpt lat="52.06569" lon="5.31522">
    <name>TP954</name>
  </trkpt>
  <trkpt lat="52.06561" lon="5.31522">
    <name>TP955</name>
  </trkpt>
  <trkpt lat="52.06551" lon="5.31522">
    <name>TP956</name>
  </trkpt>
  <trkpt lat="52.06541" lon="5.31523">
    <name>TP957</name>
  </trkpt>
  <trkpt lat="52.06535" lon="5.31523">
    <name>TP958</name>
  </trkpt>
  <trkpt lat="52.06531" lon="5.31524">
    <name>TP959</name>
  </trkpt>
  <trkpt lat="52.06517" lon="5.31525">
    <name>TP960</name>
  </trkpt>
  <trkpt lat="52.06512" lon="5.31524">
    <name>TP961</name>
  </trkpt>
  <trkpt lat="52.06511" lon="5.31523">
    <name>TP962</name>
  </trkpt>
  <trkpt lat="52.06504" lon="5.31518">
    <name>TP963</name>
  </trkpt>
  <trkpt lat="52.065" lon="5.31512">
    <name>TP964</name>
  </trkpt>
  <trkpt lat="52.06497" lon="5.31507">
    <name>TP965</name>
  </trkpt>
  <trkpt lat="52.06494" lon="5.31502">
    <name>TP966</name>
  </trkpt>
  <trkpt lat="52.06492" lon="5.31497">
    <name>TP967</name>
  </trkpt>
  <trkpt lat="52.06489" lon="5.3149">
    <name>TP968</name>
  </trkpt>
  <trkpt lat="52.06488" lon="5.31484">
    <name>TP969</name>
  </trkpt>
  <trkpt lat="52.06486" lon="5.31471">
    <name>TP970</name>
  </trkpt>
  <trkpt lat="52.06486" lon="5.31459">
    <name>TP971</name>
  </trkpt>
  <trkpt lat="52.06486" lon="5.31446">
    <name>TP972</name>
  </trkpt>
  <trkpt lat="52.06486" lon="5.31429">
    <name>TP973</name>
  </trkpt>
  <trkpt lat="52.06486" lon="5.3141">
    <name>TP974</name>
  </trkpt>
  <trkpt lat="52.06486" lon="5.3138">
    <name>TP975</name>
  </trkpt>
  <trkpt lat="52.06486" lon="5.31362">
    <name>TP976</name>
  </trkpt>
  <trkpt lat="52.06486" lon="5.31331">
    <name>TP977</name>
  </trkpt>
  <trkpt lat="52.06485" lon="5.31311">
    <name>TP978</name>
  </trkpt>
  <trkpt lat="52.06482" lon="5.31286">
    <name>TP979</name>
  </trkpt>
  <trkpt lat="52.06479" lon="5.3127">
    <name>TP980</name>
  </trkpt>
  <trkpt lat="52.06474" lon="5.31251">
    <name>TP981</name>
  </trkpt>
  <trkpt lat="52.06472" lon="5.31246">
    <name>TP982</name>
  </trkpt>
  <trkpt lat="52.0647" lon="5.3124">
    <name>TP983</name>
  </trkpt>
  <trkpt lat="52.06461" lon="5.31215">
    <name>TP984</name>
  </trkpt>
  <trkpt lat="52.06459" lon="5.31212">
    <name>TP985</name>
  </trkpt>
  <trkpt lat="52.06441" lon="5.31192">
    <name>TP986</name>
  </trkpt>
  <trkpt lat="52.06394" lon="5.3115">
    <name>TP987</name>
  </trkpt>
  <trkpt lat="52.06347" lon="5.31108">
    <name>TP988</name>
  </trkpt>
  <trkpt lat="52.06334" lon="5.31095">
    <name>TP989</name>
  </trkpt>
  <trkpt lat="52.06322" lon="5.31082">
    <name>TP990</name>
  </trkpt>
  <trkpt lat="52.06313" lon="5.31073">
    <name>TP991</name>
  </trkpt>
  <trkpt lat="52.06306" lon="5.31067">
    <name>TP992</name>
  </trkpt>
  <trkpt lat="52.06291" lon="5.31052">
    <name>TP993</name>
  </trkpt>
  <trkpt lat="52.06287" lon="5.31049">
    <name>TP994</name>
  </trkpt>
  <trkpt lat="52.06283" lon="5.31046">
    <name>TP995</name>
  </trkpt>
  <trkpt lat="52.06249" lon="5.31011">
    <name>TP996</name>
  </trkpt>
  <trkpt lat="52.06214" lon="5.30976">
    <name>TP997</name>
  </trkpt>
  <trkpt lat="52.06209" lon="5.30972">
    <name>TP998</name>
  </trkpt>
  <trkpt lat="52.0618" lon="5.30941">
    <name>TP999</name>
  </trkpt>
  <trkpt lat="52.0618" lon="5.3094">
    <name>TP1000</name>
  </trkpt>
  <trkpt lat="52.06156" lon="5.30902">
    <name>TP1001</name>
  </trkpt>
  <trkpt lat="52.06145" lon="5.3088">
    <name>TP1002</name>
  </trkpt>
  <trkpt lat="52.06143" lon="5.30875">
    <name>TP1003</name>
  </trkpt>
  <trkpt lat="52.0614" lon="5.3087">
    <name>TP1004</name>
  </trkpt>
  <trkpt lat="52.06131" lon="5.30849">
    <name>TP1005</name>
  </trkpt>
  <trkpt lat="52.06121" lon="5.30828">
    <name>TP1006</name>
  </trkpt>
  <trkpt lat="52.06115" lon="5.30815">
    <name>TP1007</name>
  </trkpt>
  <trkpt lat="52.06114" lon="5.30812">
    <name>TP1008</name>
  </trkpt>
  <trkpt lat="52.0611" lon="5.30802">
    <name>TP1009</name>
  </trkpt>
  <trkpt lat="52.06103" lon="5.30765">
    <name>TP1010</name>
  </trkpt>
  <trkpt lat="52.06098" lon="5.30741">
    <name>TP1011</name>
  </trkpt>
  <trkpt lat="52.06094" lon="5.30721">
    <name>TP1012</name>
  </trkpt>
  <trkpt lat="52.0609" lon="5.30701">
    <name>TP1013</name>
  </trkpt>
  <trkpt lat="52.06087" lon="5.30684">
    <name>TP1014</name>
  </trkpt>
  <trkpt lat="52.06084" lon="5.30667">
    <name>TP1015</name>
  </trkpt>
  <trkpt lat="52.06078" lon="5.30632">
    <name>TP1016</name>
  </trkpt>
  <trkpt lat="52.06072" lon="5.30597">
    <name>TP1017</name>
  </trkpt>
  <trkpt lat="52.06069" lon="5.30578">
    <name>TP1018</name>
  </trkpt>
  <trkpt lat="52.06066" lon="5.30559">
    <name>TP1019</name>
  </trkpt>
  <trkpt lat="52.06062" lon="5.30538">
    <name>TP1020</name>
  </trkpt>
  <trkpt lat="52.06059" lon="5.30518">
    <name>TP1021</name>
  </trkpt>
  <trkpt lat="52.06057" lon="5.30505">
    <name>TP1022</name>
  </trkpt>
  <trkpt lat="52.06055" lon="5.30492">
    <name>TP1023</name>
  </trkpt>
  <trkpt lat="52.06049" lon="5.30462">
    <name>TP1024</name>
  </trkpt>
  <trkpt lat="52.06044" lon="5.30431">
    <name>TP1025</name>
  </trkpt>
  <trkpt lat="52.06044" lon="5.30429">
    <name>TP1026</name>
  </trkpt>
  <trkpt lat="52.06039" lon="5.30402">
    <name>TP1027</name>
  </trkpt>
  <trkpt lat="52.06034" lon="5.30373">
    <name>TP1028</name>
  </trkpt>
  <trkpt lat="52.06031" lon="5.30351">
    <name>TP1029</name>
  </trkpt>
  <trkpt lat="52.06025" lon="5.30313">
    <name>TP1030</name>
  </trkpt>
  <trkpt lat="52.06015" lon="5.3027">
    <name>TP1031</name>
  </trkpt>
  <trkpt lat="52.06007" lon="5.30249">
    <name>TP1032</name>
  </trkpt>
  <trkpt lat="52.05998" lon="5.30228">
    <name>TP1033</name>
  </trkpt>
  <trkpt lat="52.05965" lon="5.3015">
    <name>TP1034</name>
  </trkpt>
  <trkpt lat="52.05931" lon="5.30072">
    <name>TP1035</name>
  </trkpt>
  <trkpt lat="52.05919" lon="5.30042">
    <name>TP1036</name>
  </trkpt>
  <trkpt lat="52.05908" lon="5.30012">
    <name>TP1037</name>
  </trkpt>
  <trkpt lat="52.05879" lon="5.29942">
    <name>TP1038</name>
  </trkpt>
  <trkpt lat="52.05849" lon="5.29872">
    <name>TP1039</name>
  </trkpt>
  <trkpt lat="52.05834" lon="5.29834">
    <name>TP1040</name>
  </trkpt>
  <trkpt lat="52.05818" lon="5.29797">
    <name>TP1041</name>
  </trkpt>
  <trkpt lat="52.05803" lon="5.2976">
    <name>TP1042</name>
  </trkpt>
  <trkpt lat="52.05788" lon="5.29723">
    <name>TP1043</name>
  </trkpt>
  <trkpt lat="52.05768" lon="5.29672">
    <name>TP1044</name>
  </trkpt>
  <trkpt lat="52.05748" lon="5.2962">
    <name>TP1045</name>
  </trkpt>
  <trkpt lat="52.05741" lon="5.29605">
    <name>TP1046</name>
  </trkpt>
  <trkpt lat="52.05734" lon="5.29589">
    <name>TP1047</name>
  </trkpt>
  <trkpt lat="52.05731" lon="5.29581">
    <name>TP1048</name>
  </trkpt>
  <trkpt lat="52.05721" lon="5.29557">
    <name>TP1049</name>
  </trkpt>
  <trkpt lat="52.0572058" lon="5.2955713">
    <name>TP1050</name>
  </trkpt>
  <trkpt lat="52.05718" lon="5.29551">
    <name>TP1051</name>
  </trkpt>
  <trkpt lat="52.05716" lon="5.29546">
    <name>TP1052</name>
  </trkpt>
  <trkpt lat="52.05708" lon="5.29572">
    <name>TP1053</name>
  </trkpt>
  <trkpt lat="52.057" lon="5.29598">
    <name>TP1054</name>
  </trkpt>
  <trkpt lat="52.05696" lon="5.29609">
    <name>TP1055</name>
  </trkpt>
  <trkpt lat="52.05688" lon="5.29636">
    <name>TP1056</name>
  </trkpt>
  <trkpt lat="52.05683" lon="5.2965">
    <name>TP1057</name>
  </trkpt>
  <trkpt lat="52.05666" lon="5.29702">
    <name>TP1058</name>
  </trkpt>
  <trkpt lat="52.05658" lon="5.29728">
    <name>TP1059</name>
  </trkpt>
  <trkpt lat="52.05647" lon="5.29761">
    <name>TP1060</name>
  </trkpt>
  <trkpt lat="52.0563" lon="5.29811">
    <name>TP1061</name>
  </trkpt>
  <trkpt lat="52.05612" lon="5.29861">
    <name>TP1062</name>
  </trkpt>
  <trkpt lat="52.05597" lon="5.29899">
    <name>TP1063</name>
  </trkpt>
  <trkpt lat="52.05596" lon="5.29902">
    <name>TP1064</name>
  </trkpt>
  <trkpt lat="52.05596" lon="5.29912">
    <name>TP1065</name>
  </trkpt>
  <trkpt lat="52.05595" lon="5.29918">
    <name>TP1066</name>
  </trkpt>
  <trkpt lat="52.05593" lon="5.29925">
    <name>TP1067</name>
  </trkpt>
  <trkpt lat="52.05592" lon="5.2993">
    <name>TP1068</name>
  </trkpt>
  <trkpt lat="52.0559" lon="5.29935">
    <name>TP1069</name>
  </trkpt>
  <trkpt lat="52.05569" lon="5.29994">
    <name>TP1070</name>
  </trkpt>
  <trkpt lat="52.05548" lon="5.30054">
    <name>TP1071</name>
  </trkpt>
  <trkpt lat="52.05515" lon="5.3016">
    <name>TP1072</name>
  </trkpt>
  <trkpt lat="52.05481" lon="5.30266">
    <name>TP1073</name>
  </trkpt>
  <trkpt lat="52.05481" lon="5.3026605">
    <name>TP1074</name>
  </trkpt>
  <trkpt lat="52.05472" lon="5.30257">
    <name>TP1075</name>
  </trkpt>
  <trkpt lat="52.05466" lon="5.30248">
    <name>TP1076</name>
  </trkpt>
  <trkpt lat="52.05442" lon="5.30214">
    <name>TP1077</name>
  </trkpt>
  <trkpt lat="52.05405" lon="5.3016">
    <name>TP1078</name>
  </trkpt>
  <trkpt lat="52.05385" lon="5.30132">
    <name>TP1079</name>
  </trkpt>
  <trkpt lat="52.05369" lon="5.30108">
    <name>TP1080</name>
  </trkpt>
  <trkpt lat="52.05366" lon="5.30103">
    <name>TP1081</name>
  </trkpt>
  <trkpt lat="52.05304" lon="5.30007">
    <name>TP1082</name>
  </trkpt>
  <trkpt lat="52.05262" lon="5.29931">
    <name>TP1083</name>
  </trkpt>
  <trkpt lat="52.05219" lon="5.29849">
    <name>TP1084</name>
  </trkpt>
  <trkpt lat="52.05179" lon="5.29807">
    <name>TP1085</name>
  </trkpt>
  <trkpt lat="52.05141" lon="5.2979">
    <name>TP1086</name>
  </trkpt>
  <trkpt lat="52.05113" lon="5.29782">
    <name>TP1087</name>
  </trkpt>
  <trkpt lat="52.05091" lon="5.29779">
    <name>TP1088</name>
  </trkpt>
  <trkpt lat="52.05079" lon="5.29778">
    <name>TP1089</name>
  </trkpt>
  <trkpt lat="52.05025" lon="5.2977">
    <name>TP1090</name>
  </trkpt>
  <trkpt lat="52.0501" lon="5.2977">
    <name>TP1091</name>
  </trkpt>
  <trkpt lat="52.05006" lon="5.2977">
    <name>TP1092</name>
  </trkpt>
  <trkpt lat="52.05003" lon="5.29768">
    <name>TP1093</name>
  </trkpt>
  <trkpt lat="52.04989" lon="5.29755">
    <name>TP1094</name>
  </trkpt>
  <trkpt lat="52.04978" lon="5.29738">
    <name>TP1095</name>
  </trkpt>
  <trkpt lat="52.04966" lon="5.29721">
    <name>TP1096</name>
  </trkpt>
  <trkpt lat="52.0493" lon="5.29662">
    <name>TP1097</name>
  </trkpt>
  <trkpt lat="52.04895" lon="5.29603">
    <name>TP1098</name>
  </trkpt>
  <trkpt lat="52.04861" lon="5.29547">
    <name>TP1099</name>
  </trkpt>
  <trkpt lat="52.04828" lon="5.29491">
    <name>TP1100</name>
  </trkpt>
  <trkpt lat="52.04828" lon="5.29482">
    <name>TP1101</name>
  </trkpt>
  <trkpt lat="52.04806" lon="5.29448">
    <name>TP1102</name>
  </trkpt>
  <trkpt lat="52.0480591" lon="5.2944835">
    <name>TP1103</name>
  </trkpt>
  <trkpt lat="52.04806" lon="5.29447">
    <name>TP1104</name>
  </trkpt>
  <trkpt lat="52.04806" lon="5.29446">
    <name>TP1105</name>
  </trkpt>
  <trkpt lat="52.04806" lon="5.29445">
    <name>TP1106</name>
  </trkpt>
  <trkpt lat="52.04806" lon="5.29444">
    <name>TP1107</name>
  </trkpt>
  <trkpt lat="52.04806" lon="5.29443">
    <name>TP1108</name>
  </trkpt>
  <trkpt lat="52.04806" lon="5.29442">
    <name>TP1109</name>
  </trkpt>
  <trkpt lat="52.04806" lon="5.29441">
    <name>TP1110</name>
  </trkpt>
  <trkpt lat="52.04806" lon="5.2944">
    <name>TP1111</name>
  </trkpt>
  <trkpt lat="52.04806" lon="5.29439">
    <name>TP1112</name>
  </trkpt>
  <trkpt lat="52.04806" lon="5.29438">
    <name>TP1113</name>
  </trkpt>
  <trkpt lat="52.04806" lon="5.29437">
    <name>TP1114</name>
  </trkpt>
  <trkpt lat="52.04805" lon="5.29436">
    <name>TP1115</name>
  </trkpt>
  <trkpt lat="52.04805" lon="5.29435">
    <name>TP1116</name>
  </trkpt>
  <trkpt lat="52.04805" lon="5.29434">
    <name>TP1117</name>
  </trkpt>
  <trkpt lat="52.04804" lon="5.29434">
    <name>TP1118</name>
  </trkpt>
  <trkpt lat="52.04804" lon="5.29433">
    <name>TP1119</name>
  </trkpt>
  <trkpt lat="52.04803" lon="5.29432">
    <name>TP1120</name>
  </trkpt>
  <trkpt lat="52.04803" lon="5.29431">
    <name>TP1121</name>
  </trkpt>
  <trkpt lat="52.04802" lon="5.29431">
    <name>TP1122</name>
  </trkpt>
  <trkpt lat="52.04802" lon="5.2943">
    <name>TP1123</name>
  </trkpt>
  <trkpt lat="52.04801" lon="5.2943">
    <name>TP1124</name>
  </trkpt>
  <trkpt lat="52.04801" lon="5.29429">
    <name>TP1125</name>
  </trkpt>
  <trkpt lat="52.048" lon="5.29429">
    <name>TP1126</name>
  </trkpt>
  <trkpt lat="52.04799" lon="5.29429">
    <name>TP1127</name>
  </trkpt>
  <trkpt lat="52.04798" lon="5.29428">
    <name>TP1128</name>
  </trkpt>
  <trkpt lat="52.04797" lon="5.29428">
    <name>TP1129</name>
  </trkpt>
  <trkpt lat="52.04796" lon="5.29428">
    <name>TP1130</name>
  </trkpt>
  <trkpt lat="52.04796" lon="5.29429">
    <name>TP1131</name>
  </trkpt>
  <trkpt lat="52.04795" lon="5.29429">
    <name>TP1132</name>
  </trkpt>
  <trkpt lat="52.04794" lon="5.29429">
    <name>TP1133</name>
  </trkpt>
  <trkpt lat="52.04793" lon="5.2943">
    <name>TP1134</name>
  </trkpt>
  <trkpt lat="52.04792" lon="5.29431">
    <name>TP1135</name>
  </trkpt>
  <trkpt lat="52.04792" lon="5.29432">
    <name>TP1136</name>
  </trkpt>
  <trkpt lat="52.04791" lon="5.29432">
    <name>TP1137</name>
  </trkpt>
  <trkpt lat="52.04791" lon="5.29433">
    <name>TP1138</name>
  </trkpt>
  <trkpt lat="52.0479" lon="5.29433">
    <name>TP1139</name>
  </trkpt>
  <trkpt lat="52.0479" lon="5.29434">
    <name>TP1140</name>
  </trkpt>
  <trkpt lat="52.0479" lon="5.29435">
    <name>TP1141</name>
  </trkpt>
  <trkpt lat="52.04789" lon="5.29436">
    <name>TP1142</name>
  </trkpt>
  <trkpt lat="52.04789" lon="5.29437">
    <name>TP1143</name>
  </trkpt>
  <trkpt lat="52.04789" lon="5.29438">
    <name>TP1144</name>
  </trkpt>
  <trkpt lat="52.04789" lon="5.29439">
    <name>TP1145</name>
  </trkpt>
  <trkpt lat="52.04788" lon="5.29439">
    <name>TP1146</name>
  </trkpt>
  <trkpt lat="52.04788" lon="5.2944">
    <name>TP1147</name>
  </trkpt>
  <trkpt lat="52.04788" lon="5.29441">
    <name>TP1148</name>
  </trkpt>
  <trkpt lat="52.04788" lon="5.29442">
    <name>TP1149</name>
  </trkpt>
  <trkpt lat="52.04788" lon="5.29443">
    <name>TP1150</name>
  </trkpt>
  <trkpt lat="52.04788" lon="5.29444">
    <name>TP1151</name>
  </trkpt>
  <trkpt lat="52.04788" lon="5.29445">
    <name>TP1152</name>
  </trkpt>
  <trkpt lat="52.04788" lon="5.29446">
    <name>TP1153</name>
  </trkpt>
  <trkpt lat="52.04788" lon="5.29447">
    <name>TP1154</name>
  </trkpt>
  <trkpt lat="52.04788" lon="5.29448">
    <name>TP1155</name>
  </trkpt>
  <trkpt lat="52.04789" lon="5.29448">
    <name>TP1156</name>
  </trkpt>
  <trkpt lat="52.04789" lon="5.29449">
    <name>TP1157</name>
  </trkpt>
  <trkpt lat="52.04789" lon="5.2945">
    <name>TP1158</name>
  </trkpt>
  <trkpt lat="52.0478" lon="5.29473">
    <name>TP1159</name>
  </trkpt>
  <trkpt lat="52.04771" lon="5.29492">
    <name>TP1160</name>
  </trkpt>
  <trkpt lat="52.04768" lon="5.29505">
    <name>TP1161</name>
  </trkpt>
  <trkpt lat="52.04751" lon="5.29545">
    <name>TP1162</name>
  </trkpt>
  <trkpt lat="52.04723" lon="5.29608">
    <name>TP1163</name>
  </trkpt>
  <trkpt lat="52.04716" lon="5.29623">
    <name>TP1164</name>
  </trkpt>
  <trkpt lat="52.04678" lon="5.29705">
    <name>TP1165</name>
  </trkpt>
  <trkpt lat="52.04654" lon="5.29756">
    <name>TP1166</name>
  </trkpt>
  <trkpt lat="52.04591" lon="5.29886">
    <name>TP1167</name>
  </trkpt>
  <trkpt lat="52.04567" lon="5.29937">
    <name>TP1168</name>
  </trkpt>
  <trkpt lat="52.04536" lon="5.29997">
    <name>TP1169</name>
  </trkpt>
  <trkpt lat="52.04525" lon="5.30016">
    <name>TP1170</name>
  </trkpt>
  <trkpt lat="52.04517" lon="5.30029">
    <name>TP1171</name>
  </trkpt>
  <trkpt lat="52.0451" lon="5.30039">
    <name>TP1172</name>
  </trkpt>
  <trkpt lat="52.04492" lon="5.30062">
    <name>TP1173</name>
  </trkpt>
  <trkpt lat="52.04464" lon="5.30094">
    <name>TP1174</name>
  </trkpt>
  <trkpt lat="52.04448" lon="5.30111">
    <name>TP1175</name>
  </trkpt>
  <trkpt lat="52.04418" lon="5.30145">
    <name>TP1176</name>
  </trkpt>
  <trkpt lat="52.04401" lon="5.30165">
    <name>TP1177</name>
  </trkpt>
  <trkpt lat="52.04372" lon="5.30201">
    <name>TP1178</name>
  </trkpt>
  <trkpt lat="52.04357" lon="5.30224">
    <name>TP1179</name>
  </trkpt>
  <trkpt lat="52.04343" lon="5.30249">
    <name>TP1180</name>
  </trkpt>
  <trkpt lat="52.0433" lon="5.30274">
    <name>TP1181</name>
  </trkpt>
  <trkpt lat="52.04327" lon="5.3028">
    <name>TP1182</name>
  </trkpt>
  <trkpt lat="52.04323" lon="5.30286">
    <name>TP1183</name>
  </trkpt>
  <trkpt lat="52.04315" lon="5.30297">
    <name>TP1184</name>
  </trkpt>
  <trkpt lat="52.04278" lon="5.3037">
    <name>TP1185</name>
  </trkpt>
  <trkpt lat="52.04254" lon="5.30421">
    <name>TP1186</name>
  </trkpt>
  <trkpt lat="52.04242" lon="5.30446">
    <name>TP1187</name>
  </trkpt>
  <trkpt lat="52.04231" lon="5.30474">
    <name>TP1188</name>
  </trkpt>
  <trkpt lat="52.04229" lon="5.30477">
    <name>TP1189</name>
  </trkpt>
  <trkpt lat="52.04227" lon="5.30481">
    <name>TP1190</name>
  </trkpt>
  <trkpt lat="52.04226" lon="5.30483">
    <name>TP1191</name>
  </trkpt>
  <trkpt lat="52.04225" lon="5.30486">
    <name>TP1192</name>
  </trkpt>
  <trkpt lat="52.04221" lon="5.30497">
    <name>TP1193</name>
  </trkpt>
  <trkpt lat="52.04219" lon="5.30506">
    <name>TP1194</name>
  </trkpt>
  <trkpt lat="52.04162" lon="5.30632">
    <name>TP1195</name>
  </trkpt>
  <trkpt lat="52.04157" lon="5.30642">
    <name>TP1196</name>
  </trkpt>
  <trkpt lat="52.0415" lon="5.30654">
    <name>TP1197</name>
  </trkpt>
  <trkpt lat="52.04141" lon="5.30672">
    <name>TP1198</name>
  </trkpt>
  <trkpt lat="52.04123" lon="5.30709">
    <name>TP1199</name>
  </trkpt>
  <trkpt lat="52.04113" lon="5.30731">
    <name>TP1200</name>
  </trkpt>
  <trkpt lat="52.04104" lon="5.30755">
    <name>TP1201</name>
  </trkpt>
  <trkpt lat="52.04097" lon="5.3077">
    <name>TP1202</name>
  </trkpt>
  <trkpt lat="52.04092" lon="5.30782">
    <name>TP1203</name>
  </trkpt>
  <trkpt lat="52.04089" lon="5.30794">
    <name>TP1204</name>
  </trkpt>
  <trkpt lat="52.04042" lon="5.30901">
    <name>TP1205</name>
  </trkpt>
  <trkpt lat="52.04031" lon="5.30924">
    <name>TP1206</name>
  </trkpt>
  <trkpt lat="52.0402" lon="5.30946">
    <name>TP1207</name>
  </trkpt>
  <trkpt lat="52.04001" lon="5.30978">
    <name>TP1208</name>
  </trkpt>
  <trkpt lat="52.03922" lon="5.3111">
    <name>TP1209</name>
  </trkpt>
  <trkpt lat="52.03904" lon="5.31141">
    <name>TP1210</name>
  </trkpt>
  <trkpt lat="52.03888" lon="5.31167">
    <name>TP1211</name>
  </trkpt>
  <trkpt lat="52.03871" lon="5.31199">
    <name>TP1212</name>
  </trkpt>
  <trkpt lat="52.03865" lon="5.31212">
    <name>TP1213</name>
  </trkpt>
  <trkpt lat="52.03853" lon="5.3124">
    <name>TP1214</name>
  </trkpt>
  <trkpt lat="52.03844" lon="5.31266">
    <name>TP1215</name>
  </trkpt>
  <trkpt lat="52.03839" lon="5.3128">
    <name>TP1216</name>
  </trkpt>
  <trkpt lat="52.03833" lon="5.31307">
    <name>TP1217</name>
  </trkpt>
  <trkpt lat="52.03829" lon="5.31322">
    <name>TP1218</name>
  </trkpt>
  <trkpt lat="52.03825" lon="5.31336">
    <name>TP1219</name>
  </trkpt>
  <trkpt lat="52.03813" lon="5.31387">
    <name>TP1220</name>
  </trkpt>
  <trkpt lat="52.03766" lon="5.3158">
    <name>TP1221</name>
  </trkpt>
  <trkpt lat="52.03758" lon="5.31594">
    <name>TP1222</name>
  </trkpt>
  <trkpt lat="52.03756" lon="5.31599">
    <name>TP1223</name>
  </trkpt>
  <trkpt lat="52.03729" lon="5.31705">
    <name>TP1224</name>
  </trkpt>
  <trkpt lat="52.03717" lon="5.31752">
    <name>TP1225</name>
  </trkpt>
  <trkpt lat="52.03697" lon="5.31827">
    <name>TP1226</name>
  </trkpt>
  <trkpt lat="52.03686" lon="5.31863">
    <name>TP1227</name>
  </trkpt>
  <trkpt lat="52.03663" lon="5.31963">
    <name>TP1228</name>
  </trkpt>
  <trkpt lat="52.0363" lon="5.32134">
    <name>TP1229</name>
  </trkpt>
  <trkpt lat="52.03629" lon="5.32143">
    <name>TP1230</name>
  </trkpt>
  <trkpt lat="52.03628" lon="5.3215">
    <name>TP1231</name>
  </trkpt>
  <trkpt lat="52.03628" lon="5.32155">
    <name>TP1232</name>
  </trkpt>
  <trkpt lat="52.03622" lon="5.32187">
    <name>TP1233</name>
  </trkpt>
  <trkpt lat="52.03611" lon="5.32264">
    <name>TP1234</name>
  </trkpt>
  <trkpt lat="52.03605" lon="5.32316">
    <name>TP1235</name>
  </trkpt>
  <trkpt lat="52.0359" lon="5.32416">
    <name>TP1236</name>
  </trkpt>
  <trkpt lat="52.03589" lon="5.32428">
    <name>TP1237</name>
  </trkpt>
  <trkpt lat="52.03588" lon="5.3243">
    <name>TP1238</name>
  </trkpt>
  <trkpt lat="52.03588" lon="5.32431">
    <name>TP1239</name>
  </trkpt>
  <trkpt lat="52.03586" lon="5.32443">
    <name>TP1240</name>
  </trkpt>
  <trkpt lat="52.03583" lon="5.32457">
    <name>TP1241</name>
  </trkpt>
  <trkpt lat="52.03581" lon="5.32472">
    <name>TP1242</name>
  </trkpt>
  <trkpt lat="52.0358" lon="5.32483">
    <name>TP1243</name>
  </trkpt>
  <trkpt lat="52.03579" lon="5.32492">
    <name>TP1244</name>
  </trkpt>
  <trkpt lat="52.03578" lon="5.32499">
    <name>TP1245</name>
  </trkpt>
  <trkpt lat="52.03577" lon="5.32506">
    <name>TP1246</name>
  </trkpt>
  <trkpt lat="52.03575" lon="5.32566">
    <name>TP1247</name>
  </trkpt>
  <trkpt lat="52.03573" lon="5.32609">
    <name>TP1248</name>
  </trkpt>
  <trkpt lat="52.03572" lon="5.32674">
    <name>TP1249</name>
  </trkpt>
  <trkpt lat="52.03572" lon="5.32683">
    <name>TP1250</name>
  </trkpt>
  <trkpt lat="52.03572" lon="5.32692">
    <name>TP1251</name>
  </trkpt>
  <trkpt lat="52.03572" lon="5.3274">
    <name>TP1252</name>
  </trkpt>
  <trkpt lat="52.03572" lon="5.32784">
    <name>TP1253</name>
  </trkpt>
  <trkpt lat="52.03572" lon="5.32818">
    <name>TP1254</name>
  </trkpt>
  <trkpt lat="52.03571" lon="5.32847">
    <name>TP1255</name>
  </trkpt>
  <trkpt lat="52.03571" lon="5.32901">
    <name>TP1256</name>
  </trkpt>
  <trkpt lat="52.03571" lon="5.32987">
    <name>TP1257</name>
  </trkpt>
  <trkpt lat="52.0357" lon="5.3305">
    <name>TP1258</name>
  </trkpt>
  <trkpt lat="52.03568" lon="5.3311">
    <name>TP1259</name>
  </trkpt>
  <trkpt lat="52.03567" lon="5.33182">
    <name>TP1260</name>
  </trkpt>
  <trkpt lat="52.03565" lon="5.33199">
    <name>TP1261</name>
  </trkpt>
  <trkpt lat="52.03564" lon="5.33209">
    <name>TP1262</name>
  </trkpt>
  <trkpt lat="52.03541" lon="5.33371">
    <name>TP1263</name>
  </trkpt>
  <trkpt lat="52.03537" lon="5.33399">
    <name>TP1264</name>
  </trkpt>
  <trkpt lat="52.03536" lon="5.33405">
    <name>TP1265</name>
  </trkpt>
  <trkpt lat="52.03535" lon="5.33411">
    <name>TP1266</name>
  </trkpt>
  <trkpt lat="52.03526" lon="5.33488">
    <name>TP1267</name>
  </trkpt>
  <trkpt lat="52.0352" lon="5.33573">
    <name>TP1268</name>
  </trkpt>
  <trkpt lat="52.03511" lon="5.33689">
    <name>TP1269</name>
  </trkpt>
  <trkpt lat="52.03508" lon="5.33716">
    <name>TP1270</name>
  </trkpt>
  <trkpt lat="52.03506" lon="5.33731">
    <name>TP1271</name>
  </trkpt>
  <trkpt lat="52.03502" lon="5.33756">
    <name>TP1272</name>
  </trkpt>
  <trkpt lat="52.03494" lon="5.33809">
    <name>TP1273</name>
  </trkpt>
  <trkpt lat="52.03486" lon="5.33862">
    <name>TP1274</name>
  </trkpt>
  <trkpt lat="52.03477" lon="5.33904">
    <name>TP1275</name>
  </trkpt>
  <trkpt lat="52.03468" lon="5.33947">
    <name>TP1276</name>
  </trkpt>
  <trkpt lat="52.03462" lon="5.33975">
    <name>TP1277</name>
  </trkpt>
  <trkpt lat="52.03456" lon="5.34003">
    <name>TP1278</name>
  </trkpt>
  <trkpt lat="52.03447" lon="5.34056">
    <name>TP1279</name>
  </trkpt>
  <trkpt lat="52.03437" lon="5.3411">
    <name>TP1280</name>
  </trkpt>
  <trkpt lat="52.0342" lon="5.34191">
    <name>TP1281</name>
  </trkpt>
  <trkpt lat="52.03416" lon="5.34212">
    <name>TP1282</name>
  </trkpt>
  <trkpt lat="52.03415" lon="5.34217">
    <name>TP1283</name>
  </trkpt>
  <trkpt lat="52.03397" lon="5.34303">
    <name>TP1284</name>
  </trkpt>
  <trkpt lat="52.03385" lon="5.34361">
    <name>TP1285</name>
  </trkpt>
  <trkpt lat="52.03383" lon="5.34373">
    <name>TP1286</name>
  </trkpt>
  <trkpt lat="52.03378" lon="5.34392">
    <name>TP1287</name>
  </trkpt>
  <trkpt lat="52.03363" lon="5.34461">
    <name>TP1288</name>
  </trkpt>
  <trkpt lat="52.03357" lon="5.34493">
    <name>TP1289</name>
  </trkpt>
  <trkpt lat="52.03355" lon="5.34501">
    <name>TP1290</name>
  </trkpt>
  <trkpt lat="52.03336" lon="5.34582">
    <name>TP1291</name>
  </trkpt>
  <trkpt lat="52.0333559" lon="5.3458247">
    <name>TP1292</name>
  </trkpt>
  <trkpt lat="52.03329" lon="5.34583">
    <name>TP1293</name>
  </trkpt>
  <trkpt lat="52.03325" lon="5.34584">
    <name>TP1294</name>
  </trkpt>
  <trkpt lat="52.03297" lon="5.34582">
    <name>TP1295</name>
  </trkpt>
  <trkpt lat="52.03245" lon="5.34569">
    <name>TP1296</name>
  </trkpt>
  <trkpt lat="52.03193" lon="5.34554">
    <name>TP1297</name>
  </trkpt>
  <trkpt lat="52.0318" lon="5.34549">
    <name>TP1298</name>
  </trkpt>
  <trkpt lat="52.03153" lon="5.34542">
    <name>TP1299</name>
  </trkpt>
  <trkpt lat="52.03119" lon="5.34532">
    <name>TP1300</name>
  </trkpt>
  <trkpt lat="52.03117" lon="5.34531">
    <name>TP1301</name>
  </trkpt>
  <trkpt lat="52.03093" lon="5.34523">
    <name>TP1302</name>
  </trkpt>
  <trkpt lat="52.03086" lon="5.34518">
    <name>TP1303</name>
  </trkpt>
  <trkpt lat="52.03079" lon="5.34512">
    <name>TP1304</name>
  </trkpt>
  <trkpt lat="52.03073" lon="5.34508">
    <name>TP1305</name>
  </trkpt>
  <trkpt lat="52.03066" lon="5.34503">
    <name>TP1306</name>
  </trkpt>
  <trkpt lat="52.03052" lon="5.34488">
    <name>TP1307</name>
  </trkpt>
  <trkpt lat="52.03047" lon="5.34481">
    <name>TP1308</name>
  </trkpt>
  <trkpt lat="52.02995" lon="5.34404">
    <name>TP1309</name>
  </trkpt>
  <trkpt lat="52.02981" lon="5.34383">
    <name>TP1310</name>
  </trkpt>
  <trkpt lat="52.02963" lon="5.34354">
    <name>TP1311</name>
  </trkpt>
  <trkpt lat="52.02938" lon="5.34318">
    <name>TP1312</name>
  </trkpt>
  <trkpt lat="52.02926" lon="5.34302">
    <name>TP1313</name>
  </trkpt>
  <trkpt lat="52.02917" lon="5.34291">
    <name>TP1314</name>
  </trkpt>
  <trkpt lat="52.02895" lon="5.34266">
    <name>TP1315</name>
  </trkpt>
  <trkpt lat="52.02885" lon="5.34257">
    <name>TP1316</name>
  </trkpt>
  <trkpt lat="52.02876" lon="5.34248">
    <name>TP1317</name>
  </trkpt>
  <trkpt lat="52.02753" lon="5.34147">
    <name>TP1318</name>
  </trkpt>
  <trkpt lat="52.02742" lon="5.34138">
    <name>TP1319</name>
  </trkpt>
  <trkpt lat="52.02725" lon="5.34125">
    <name>TP1320</name>
  </trkpt>
  <trkpt lat="52.02708" lon="5.34112">
    <name>TP1321</name>
  </trkpt>
  <trkpt lat="52.02684" lon="5.34097">
    <name>TP1322</name>
  </trkpt>
  <trkpt lat="52.02666" lon="5.34084">
    <name>TP1323</name>
  </trkpt>
  <trkpt lat="52.02663" lon="5.34082">
    <name>TP1324</name>
  </trkpt>
  <trkpt lat="52.02662" lon="5.34081">
    <name>TP1325</name>
  </trkpt>
  <trkpt lat="52.02642" lon="5.34071">
    <name>TP1326</name>
  </trkpt>
  <trkpt lat="52.02624" lon="5.34062">
    <name>TP1327</name>
  </trkpt>
  <trkpt lat="52.02521" lon="5.34018">
    <name>TP1328</name>
  </trkpt>
  <trkpt lat="52.02398" lon="5.33959">
    <name>TP1329</name>
  </trkpt>
  <trkpt lat="52.02338" lon="5.33932">
    <name>TP1330</name>
  </trkpt>
  <trkpt lat="52.02278" lon="5.33904">
    <name>TP1331</name>
  </trkpt>
  <trkpt lat="52.02269" lon="5.339">
    <name>TP1332</name>
  </trkpt>
  <trkpt lat="52.02259" lon="5.33895">
    <name>TP1333</name>
  </trkpt>
  <trkpt lat="52.02231" lon="5.33882">
    <name>TP1334</name>
  </trkpt>
  <trkpt lat="52.02204" lon="5.33869">
    <name>TP1335</name>
  </trkpt>
  <trkpt lat="52.02184" lon="5.3386">
    <name>TP1336</name>
  </trkpt>
  <trkpt lat="52.02164" lon="5.33851">
    <name>TP1337</name>
  </trkpt>
  <trkpt lat="52.02143" lon="5.33841">
    <name>TP1338</name>
  </trkpt>
  <trkpt lat="52.02123" lon="5.33832">
    <name>TP1339</name>
  </trkpt>
  <trkpt lat="52.0211" lon="5.33825">
    <name>TP1340</name>
  </trkpt>
  <trkpt lat="52.02098" lon="5.33816">
    <name>TP1341</name>
  </trkpt>
  <trkpt lat="52.02096" lon="5.33814">
    <name>TP1342</name>
  </trkpt>
  <trkpt lat="52.02086" lon="5.33807">
    <name>TP1343</name>
  </trkpt>
  <trkpt lat="52.02079" lon="5.338">
    <name>TP1344</name>
  </trkpt>
  <trkpt lat="52.02072" lon="5.33794">
    <name>TP1345</name>
  </trkpt>
  <trkpt lat="52.02062" lon="5.33783">
    <name>TP1346</name>
  </trkpt>
  <trkpt lat="52.02033" lon="5.3375">
    <name>TP1347</name>
  </trkpt>
  <trkpt lat="52.0179" lon="5.33444">
    <name>TP1348</name>
  </trkpt>
  <trkpt lat="52.01762" lon="5.3341">
    <name>TP1349</name>
  </trkpt>
  <trkpt lat="52.01727" lon="5.33366">
    <name>TP1350</name>
  </trkpt>
  <trkpt lat="52.0169" lon="5.33321">
    <name>TP1351</name>
  </trkpt>
  <trkpt lat="52.0166" lon="5.33282">
    <name>TP1352</name>
  </trkpt>
  <trkpt lat="52.01624" lon="5.33237">
    <name>TP1353</name>
  </trkpt>
  <trkpt lat="52.01619" lon="5.33231">
    <name>TP1354</name>
  </trkpt>
  <trkpt lat="52.01607" lon="5.33215">
    <name>TP1355</name>
  </trkpt>
  <trkpt lat="52.01591" lon="5.33195">
    <name>TP1356</name>
  </trkpt>
  <trkpt lat="52.01586" lon="5.33189">
    <name>TP1357</name>
  </trkpt>
  <trkpt lat="52.01578" lon="5.33178">
    <name>TP1358</name>
  </trkpt>
  <trkpt lat="52.01561" lon="5.33157">
    <name>TP1359</name>
  </trkpt>
  <trkpt lat="52.01513" lon="5.33098">
    <name>TP1360</name>
  </trkpt>
  <trkpt lat="52.01512" lon="5.33097">
    <name>TP1361</name>
  </trkpt>
  <trkpt lat="52.01499" lon="5.33081">
    <name>TP1362</name>
  </trkpt>
  <trkpt lat="52.01459" lon="5.33029">
    <name>TP1363</name>
  </trkpt>
  <trkpt lat="52.01434" lon="5.32999">
    <name>TP1364</name>
  </trkpt>
  <trkpt lat="52.0141" lon="5.32969">
    <name>TP1365</name>
  </trkpt>
  <trkpt lat="52.014" lon="5.32955">
    <name>TP1366</name>
  </trkpt>
  <trkpt lat="52.0139" lon="5.32941">
    <name>TP1367</name>
  </trkpt>
  <trkpt lat="52.01384" lon="5.32934">
    <name>TP1368</name>
  </trkpt>
  <trkpt lat="52.01379" lon="5.32927">
    <name>TP1369</name>
  </trkpt>
  <trkpt lat="52.01341" lon="5.32883">
    <name>TP1370</name>
  </trkpt>
  <trkpt lat="52.01321" lon="5.32859">
    <name>TP1371</name>
  </trkpt>
  <trkpt lat="52.01301" lon="5.32838">
    <name>TP1372</name>
  </trkpt>
  <trkpt lat="52.01269" lon="5.32803">
    <name>TP1373</name>
  </trkpt>
  <trkpt lat="52.01259" lon="5.32792">
    <name>TP1374</name>
  </trkpt>
  <trkpt lat="52.01253" lon="5.32785">
    <name>TP1375</name>
  </trkpt>
  <trkpt lat="52.01232" lon="5.32759">
    <name>TP1376</name>
  </trkpt>
  <trkpt lat="52.01209" lon="5.32729">
    <name>TP1377</name>
  </trkpt>
  <trkpt lat="52.01182" lon="5.32692">
    <name>TP1378</name>
  </trkpt>
  <trkpt lat="52.01169" lon="5.32675">
    <name>TP1379</name>
  </trkpt>
  <trkpt lat="52.01155" lon="5.32657">
    <name>TP1380</name>
  </trkpt>
  <trkpt lat="52.01136" lon="5.32633">
    <name>TP1381</name>
  </trkpt>
  <trkpt lat="52.01119" lon="5.3261">
    <name>TP1382</name>
  </trkpt>
  <trkpt lat="52.01112" lon="5.32602">
    <name>TP1383</name>
  </trkpt>
  <trkpt lat="52.01063" lon="5.32542">
    <name>TP1384</name>
  </trkpt>
  <trkpt lat="52.01054" lon="5.32533">
    <name>TP1385</name>
  </trkpt>
  <trkpt lat="52.01025" lon="5.32498">
    <name>TP1386</name>
  </trkpt>
  <trkpt lat="52.00996" lon="5.32464">
    <name>TP1387</name>
  </trkpt>
  <trkpt lat="52.00979" lon="5.32443">
    <name>TP1388</name>
  </trkpt>
  <trkpt lat="52.00962" lon="5.32423">
    <name>TP1389</name>
  </trkpt>
  <trkpt lat="52.00939" lon="5.32395">
    <name>TP1390</name>
  </trkpt>
  <trkpt lat="52.00912" lon="5.32362">
    <name>TP1391</name>
  </trkpt>
  <trkpt lat="52.00874" lon="5.32314">
    <name>TP1392</name>
  </trkpt>
  <trkpt lat="52.00849" lon="5.32283">
    <name>TP1393</name>
  </trkpt>
  <trkpt lat="52.00758" lon="5.32167">
    <name>TP1394</name>
  </trkpt>
  <trkpt lat="52.00661" lon="5.3204">
    <name>TP1395</name>
  </trkpt>
  <trkpt lat="52.00655" lon="5.32027">
    <name>TP1396</name>
  </trkpt>
  <trkpt lat="52.00641" lon="5.32006">
    <name>TP1397</name>
  </trkpt>
  <trkpt lat="52.00607" lon="5.31962">
    <name>TP1398</name>
  </trkpt>
  <trkpt lat="52.00564" lon="5.31909">
    <name>TP1399</name>
  </trkpt>
  <trkpt lat="52.00539" lon="5.31882">
    <name>TP1400</name>
  </trkpt>
  <trkpt lat="52.00488" lon="5.31828">
    <name>TP1401</name>
  </trkpt>
  <trkpt lat="52.00477" lon="5.31821">
    <name>TP1402</name>
  </trkpt>
  <trkpt lat="52.00469" lon="5.31812">
    <name>TP1403</name>
  </trkpt>
  <trkpt lat="52.00451" lon="5.31793">
    <name>TP1404</name>
  </trkpt>
  <trkpt lat="52.00442" lon="5.31783">
    <name>TP1405</name>
  </trkpt>
  <trkpt lat="52.00366" lon="5.31709">
    <name>TP1406</name>
  </trkpt>
  <trkpt lat="52.00356" lon="5.31699">
    <name>TP1407</name>
  </trkpt>
  <trkpt lat="52.00328" lon="5.31673">
    <name>TP1408</name>
  </trkpt>
  <trkpt lat="52.0028" lon="5.31627">
    <name>TP1409</name>
  </trkpt>
  <trkpt lat="52.00231" lon="5.31579">
    <name>TP1410</name>
  </trkpt>
  <trkpt lat="52.00227" lon="5.31575">
    <name>TP1411</name>
  </trkpt>
  <trkpt lat="52.00174" lon="5.31525">
    <name>TP1412</name>
  </trkpt>
  <trkpt lat="52.00154" lon="5.31506">
    <name>TP1413</name>
  </trkpt>
  <trkpt lat="52.00138" lon="5.31492">
    <name>TP1414</name>
  </trkpt>
  <trkpt lat="52.00121" lon="5.3148">
    <name>TP1415</name>
  </trkpt>
  <trkpt lat="52.00103" lon="5.31467">
    <name>TP1416</name>
  </trkpt>
  <trkpt lat="52.00093" lon="5.3146">
    <name>TP1417</name>
  </trkpt>
  <trkpt lat="52.00084" lon="5.31452">
    <name>TP1418</name>
  </trkpt>
  <trkpt lat="52.00081" lon="5.31448">
    <name>TP1419</name>
  </trkpt>
  <trkpt lat="52.00079" lon="5.31445">
    <name>TP1420</name>
  </trkpt>
  <trkpt lat="52.00075" lon="5.31442">
    <name>TP1421</name>
  </trkpt>
  <trkpt lat="52.00068" lon="5.31435">
    <name>TP1422</name>
  </trkpt>
  <trkpt lat="52.00043" lon="5.31414">
    <name>TP1423</name>
  </trkpt>
  <trkpt lat="52.00034" lon="5.31407">
    <name>TP1424</name>
  </trkpt>
  <trkpt lat="52.00028" lon="5.31402">
    <name>TP1425</name>
  </trkpt>
  <trkpt lat="52.00021" lon="5.31398">
    <name>TP1426</name>
  </trkpt>
  <trkpt lat="52.0002093" lon="5.3139818">
    <name>TP1427</name>
  </trkpt>
  <trkpt lat="52.00021" lon="5.31397">
    <name>TP1428</name>
  </trkpt>
  <trkpt lat="52.00021" lon="5.31396">
    <name>TP1429</name>
  </trkpt>
  <trkpt lat="52.00021" lon="5.31394">
    <name>TP1430</name>
  </trkpt>
  <trkpt lat="52.00021" lon="5.31393">
    <name>TP1431</name>
  </trkpt>
  <trkpt lat="52.00021" lon="5.31392">
    <name>TP1432</name>
  </trkpt>
  <trkpt lat="52.00021" lon="5.31391">
    <name>TP1433</name>
  </trkpt>
  <trkpt lat="52.00021" lon="5.3139">
    <name>TP1434</name>
  </trkpt>
  <trkpt lat="52.00021" lon="5.31388">
    <name>TP1435</name>
  </trkpt>
  <trkpt lat="52.0002" lon="5.31387">
    <name>TP1436</name>
  </trkpt>
  <trkpt lat="52.0002" lon="5.31386">
    <name>TP1437</name>
  </trkpt>
  <trkpt lat="52.0002" lon="5.31385">
    <name>TP1438</name>
  </trkpt>
  <trkpt lat="52.00019" lon="5.31384">
    <name>TP1439</name>
  </trkpt>
  <trkpt lat="52.00019" lon="5.31383">
    <name>TP1440</name>
  </trkpt>
  <trkpt lat="52.00019" lon="5.31382">
    <name>TP1441</name>
  </trkpt>
  <trkpt lat="52.00018" lon="5.31381">
    <name>TP1442</name>
  </trkpt>
  <trkpt lat="52.00018" lon="5.3138">
    <name>TP1443</name>
  </trkpt>
  <trkpt lat="52.00017" lon="5.31379">
    <name>TP1444</name>
  </trkpt>
  <trkpt lat="52.00017" lon="5.31378">
    <name>TP1445</name>
  </trkpt>
  <trkpt lat="52.00016" lon="5.31377">
    <name>TP1446</name>
  </trkpt>
  <trkpt lat="52.00015" lon="5.31377">
    <name>TP1447</name>
  </trkpt>
  <trkpt lat="52.00015" lon="5.31376">
    <name>TP1448</name>
  </trkpt>
  <trkpt lat="52.00014" lon="5.31375">
    <name>TP1449</name>
  </trkpt>
  <trkpt lat="52.00013" lon="5.31375">
    <name>TP1450</name>
  </trkpt>
  <trkpt lat="52.00013" lon="5.31374">
    <name>TP1451</name>
  </trkpt>
  <trkpt lat="52.00012" lon="5.31374">
    <name>TP1452</name>
  </trkpt>
  <trkpt lat="52.00011" lon="5.31374">
    <name>TP1453</name>
  </trkpt>
  <trkpt lat="52.0001" lon="5.31373">
    <name>TP1454</name>
  </trkpt>
  <trkpt lat="52.00009" lon="5.31373">
    <name>TP1455</name>
  </trkpt>
  <trkpt lat="52.00008" lon="5.31373">
    <name>TP1456</name>
  </trkpt>
  <trkpt lat="52.00007" lon="5.31373">
    <name>TP1457</name>
  </trkpt>
  <trkpt lat="52.00006" lon="5.31373">
    <name>TP1458</name>
  </trkpt>
  <trkpt lat="52.00005" lon="5.31373">
    <name>TP1459</name>
  </trkpt>
  <trkpt lat="52.00004" lon="5.31374">
    <name>TP1460</name>
  </trkpt>
  <trkpt lat="52.00003" lon="5.31374">
    <name>TP1461</name>
  </trkpt>
  <trkpt lat="52.00002" lon="5.31375">
    <name>TP1462</name>
  </trkpt>
  <trkpt lat="52.00002" lon="5.31376">
    <name>TP1463</name>
  </trkpt>
  <trkpt lat="52.00001" lon="5.31376">
    <name>TP1464</name>
  </trkpt>
  <trkpt lat="52" lon="5.31377">
    <name>TP1465</name>
  </trkpt>
  <trkpt lat="51.99999" lon="5.31378">
    <name>TP1466</name>
  </trkpt>
  <trkpt lat="51.99998" lon="5.3138">
    <name>TP1467</name>
  </trkpt>
  <trkpt lat="51.99998" lon="5.31381">
    <name>TP1468</name>
  </trkpt>
  <trkpt lat="51.99997" lon="5.31382">
    <name>TP1469</name>
  </trkpt>
  <trkpt lat="51.99997" lon="5.31383">
    <name>TP1470</name>
  </trkpt>
  <trkpt lat="51.99996" lon="5.31384">
    <name>TP1471</name>
  </trkpt>
  <trkpt lat="51.99996" lon="5.31385">
    <name>TP1472</name>
  </trkpt>
  <trkpt lat="51.99996" lon="5.31386">
    <name>TP1473</name>
  </trkpt>
  <trkpt lat="51.99996" lon="5.31387">
    <name>TP1474</name>
  </trkpt>
  <trkpt lat="51.99995" lon="5.31388">
    <name>TP1475</name>
  </trkpt>
  <trkpt lat="51.99995" lon="5.3139">
    <name>TP1476</name>
  </trkpt>
  <trkpt lat="51.99995" lon="5.31391">
    <name>TP1477</name>
  </trkpt>
  <trkpt lat="51.99995" lon="5.31392">
    <name>TP1478</name>
  </trkpt>
  <trkpt lat="51.99995" lon="5.31393">
    <name>TP1479</name>
  </trkpt>
  <trkpt lat="51.99995" lon="5.31395">
    <name>TP1480</name>
  </trkpt>
  <trkpt lat="51.99995" lon="5.31396">
    <name>TP1481</name>
  </trkpt>
  <trkpt lat="51.99995" lon="5.31398">
    <name>TP1482</name>
  </trkpt>
  <trkpt lat="51.99995" lon="5.31399">
    <name>TP1483</name>
  </trkpt>
  <trkpt lat="51.99995" lon="5.314">
    <name>TP1484</name>
  </trkpt>
  <trkpt lat="51.99996" lon="5.31402">
    <name>TP1485</name>
  </trkpt>
  <trkpt lat="51.99996" lon="5.31403">
    <name>TP1486</name>
  </trkpt>
  <trkpt lat="51.99996" lon="5.31404">
    <name>TP1487</name>
  </trkpt>
  <trkpt lat="51.99997" lon="5.31406">
    <name>TP1488</name>
  </trkpt>
  <trkpt lat="51.99997" lon="5.31407">
    <name>TP1489</name>
  </trkpt>
  <trkpt lat="51.99998" lon="5.31408">
    <name>TP1490</name>
  </trkpt>
  <trkpt lat="51.99998" lon="5.31409">
    <name>TP1491</name>
  </trkpt>
  <trkpt lat="51.99999" lon="5.3141">
    <name>TP1492</name>
  </trkpt>
  <trkpt lat="51.99999" lon="5.31411">
    <name>TP1493</name>
  </trkpt>
  <trkpt lat="52" lon="5.31412">
    <name>TP1494</name>
  </trkpt>
  <trkpt lat="52.00001" lon="5.31414">
    <name>TP1495</name>
  </trkpt>
  <trkpt lat="51.99997" lon="5.31428">
    <name>TP1496</name>
  </trkpt>
  <trkpt lat="51.99979" lon="5.31507">
    <name>TP1497</name>
  </trkpt>
  <trkpt lat="51.99968" lon="5.31556">
    <name>TP1498</name>
  </trkpt>
  <trkpt lat="51.9996" lon="5.31584">
    <name>TP1499</name>
  </trkpt>
  <trkpt lat="51.99956" lon="5.31598">
    <name>TP1500</name>
  </trkpt>
  <trkpt lat="51.99949" lon="5.3162">
    <name>TP1501</name>
  </trkpt>
  <trkpt lat="51.99932" lon="5.31673">
    <name>TP1502</name>
  </trkpt>
  <trkpt lat="51.99918" lon="5.31712">
    <name>TP1503</name>
  </trkpt>
  <trkpt lat="51.99891" lon="5.31785">
    <name>TP1504</name>
  </trkpt>
  <trkpt lat="51.99874" lon="5.31826">
    <name>TP1505</name>
  </trkpt>
  <trkpt lat="51.99874" lon="5.3184">
    <name>TP1506</name>
  </trkpt>
  <trkpt lat="51.99859" lon="5.31874">
    <name>TP1507</name>
  </trkpt>
  <trkpt lat="51.99846" lon="5.31904">
    <name>TP1508</name>
  </trkpt>
  <trkpt lat="51.99821" lon="5.31953">
    <name>TP1509</name>
  </trkpt>
  <trkpt lat="51.99806" lon="5.3198">
    <name>TP1510</name>
  </trkpt>
  <trkpt lat="51.99792" lon="5.32006">
    <name>TP1511</name>
  </trkpt>
  <trkpt lat="51.99783" lon="5.32022">
    <name>TP1512</name>
  </trkpt>
  <trkpt lat="51.99772" lon="5.32039">
    <name>TP1513</name>
  </trkpt>
  <trkpt lat="51.99765" lon="5.32053">
    <name>TP1514</name>
  </trkpt>
  <trkpt lat="51.99734" lon="5.32104">
    <name>TP1515</name>
  </trkpt>
  <trkpt lat="51.99733" lon="5.32105">
    <name>TP1516</name>
  </trkpt>
  <trkpt lat="51.99711" lon="5.32139">
    <name>TP1517</name>
  </trkpt>
  <trkpt lat="51.99688" lon="5.32173">
    <name>TP1518</name>
  </trkpt>
  <trkpt lat="51.99663" lon="5.32208">
    <name>TP1519</name>
  </trkpt>
  <trkpt lat="51.99636" lon="5.32242">
    <name>TP1520</name>
  </trkpt>
  <trkpt lat="51.99616" lon="5.32267">
    <name>TP1521</name>
  </trkpt>
  <trkpt lat="51.9959" lon="5.32297">
    <name>TP1522</name>
  </trkpt>
  <trkpt lat="51.99565" lon="5.32324">
    <name>TP1523</name>
  </trkpt>
  <trkpt lat="51.99533" lon="5.32357">
    <name>TP1524</name>
  </trkpt>
  <trkpt lat="51.99503" lon="5.32386">
    <name>TP1525</name>
  </trkpt>
  <trkpt lat="51.99467" lon="5.32418">
    <name>TP1526</name>
  </trkpt>
  <trkpt lat="51.99438" lon="5.32442">
    <name>TP1527</name>
  </trkpt>
  <trkpt lat="51.99406" lon="5.32465">
    <name>TP1528</name>
  </trkpt>
  <trkpt lat="51.99378" lon="5.32485">
    <name>TP1529</name>
  </trkpt>
  <trkpt lat="51.99377" lon="5.32485">
    <name>TP1530</name>
  </trkpt>
  <trkpt lat="51.99353" lon="5.32502">
    <name>TP1531</name>
  </trkpt>
  <trkpt lat="51.99334" lon="5.32514">
    <name>TP1532</name>
  </trkpt>
  <trkpt lat="51.99323" lon="5.32521">
    <name>TP1533</name>
  </trkpt>
  <trkpt lat="51.99273" lon="5.32552">
    <name>TP1534</name>
  </trkpt>
  <trkpt lat="51.99225" lon="5.32582">
    <name>TP1535</name>
  </trkpt>
  <trkpt lat="51.99215" lon="5.32589">
    <name>TP1536</name>
  </trkpt>
  <trkpt lat="51.99211" lon="5.32592">
    <name>TP1537</name>
  </trkpt>
  <trkpt lat="51.99199" lon="5.32601">
    <name>TP1538</name>
  </trkpt>
  <trkpt lat="51.99192" lon="5.32602">
    <name>TP1539</name>
  </trkpt>
  <trkpt lat="51.99166" lon="5.32622">
    <name>TP1540</name>
  </trkpt>
  <trkpt lat="51.99145" lon="5.32639">
    <name>TP1541</name>
  </trkpt>
  <trkpt lat="51.99125" lon="5.32656">
    <name>TP1542</name>
  </trkpt>
  <trkpt lat="51.99108" lon="5.32672">
    <name>TP1543</name>
  </trkpt>
  <trkpt lat="51.99094" lon="5.32685">
    <name>TP1544</name>
  </trkpt>
  <trkpt lat="51.99081" lon="5.32699">
    <name>TP1545</name>
  </trkpt>
  <trkpt lat="51.99045" lon="5.32739">
    <name>TP1546</name>
  </trkpt>
  <trkpt lat="51.9904548" lon="5.3273923">
    <name>TP1547</name>
  </trkpt>
  <trkpt lat="51.99051" lon="5.32751">
    <name>TP1548</name>
  </trkpt>
  <trkpt lat="51.99053" lon="5.32756">
    <name>TP1549</name>
  </trkpt>
  <trkpt lat="51.9906" lon="5.3277">
    <name>TP1550</name>
  </trkpt>
  <trkpt lat="51.99065" lon="5.3278">
    <name>TP1551</name>
  </trkpt>
  <trkpt lat="51.9907" lon="5.32805">
    <name>TP1552</name>
  </trkpt>
  <trkpt lat="51.99076" lon="5.32834">
    <name>TP1553</name>
  </trkpt>
  <trkpt lat="51.99078" lon="5.32852">
    <name>TP1554</name>
  </trkpt>
  <trkpt lat="51.99081" lon="5.32869">
    <name>TP1555</name>
  </trkpt>
  <trkpt lat="51.99086" lon="5.32904">
    <name>TP1556</name>
  </trkpt>
  <trkpt lat="51.99107" lon="5.33036">
    <name>TP1557</name>
  </trkpt>
  <trkpt lat="51.99133" lon="5.33191">
    <name>TP1558</name>
  </trkpt>
  <trkpt lat="51.99135" lon="5.33205">
    <name>TP1559</name>
  </trkpt>
  <trkpt lat="51.99139" lon="5.33227">
    <name>TP1560</name>
  </trkpt>
  <trkpt lat="51.99143" lon="5.33244">
    <name>TP1561</name>
  </trkpt>
  <trkpt lat="51.99149" lon="5.33265">
    <name>TP1562</name>
  </trkpt>
  <trkpt lat="51.99155" lon="5.33278">
    <name>TP1563</name>
  </trkpt>
  <trkpt lat="51.9916" lon="5.33288">
    <name>TP1564</name>
  </trkpt>
  <trkpt lat="51.99167" lon="5.33299">
    <name>TP1565</name>
  </trkpt>
  <trkpt lat="51.99178" lon="5.33313">
    <name>TP1566</name>
  </trkpt>
  <trkpt lat="51.99212" lon="5.33358">
    <name>TP1567</name>
  </trkpt>
  <trkpt lat="51.99213" lon="5.33359">
    <name>TP1568</name>
  </trkpt>
  <trkpt lat="51.99283" lon="5.33451">
    <name>TP1569</name>
  </trkpt>
  <trkpt lat="51.9931" lon="5.33482">
    <name>TP1570</name>
  </trkpt>
  <trkpt lat="51.99319" lon="5.33491">
    <name>TP1571</name>
  </trkpt>
  <trkpt lat="51.9933" lon="5.33497">
    <name>TP1572</name>
  </trkpt>
  <trkpt lat="51.99346" lon="5.33505">
    <name>TP1573</name>
  </trkpt>
  <trkpt lat="51.9934568" lon="5.3350496">
    <name>TP1574</name>
  </trkpt>
  <trkpt lat="51.99342" lon="5.33528">
    <name>TP1575</name>
  </trkpt>
  <trkpt lat="51.99337" lon="5.33559">
    <name>TP1576</name>
  </trkpt>
  <trkpt lat="51.99332" lon="5.33583">
    <name>TP1577</name>
  </trkpt>
  <trkpt lat="51.99328" lon="5.33605">
    <name>TP1578</name>
  </trkpt>
  <trkpt lat="51.99321" lon="5.33627">
    <name>TP1579</name>
  </trkpt>
  <trkpt lat="51.99311" lon="5.33651">
    <name>TP1580</name>
  </trkpt>
  <trkpt lat="51.9929" lon="5.33693">
    <name>TP1581</name>
  </trkpt>
  <trkpt lat="51.99278" lon="5.33717">
    <name>TP1582</name>
  </trkpt>
  <trkpt lat="51.99266" lon="5.3374">
    <name>TP1583</name>
  </trkpt>
  <trkpt lat="51.99261" lon="5.3375">
    <name>TP1584</name>
  </trkpt>
  <trkpt lat="51.99241" lon="5.33794">
    <name>TP1585</name>
  </trkpt>
  <trkpt lat="51.99229" lon="5.33822">
    <name>TP1586</name>
  </trkpt>
  <trkpt lat="51.99195" lon="5.33905">
    <name>TP1587</name>
  </trkpt>
  <trkpt lat="51.99163" lon="5.33987">
    <name>TP1588</name>
  </trkpt>
  <trkpt lat="51.99151" lon="5.34015">
    <name>TP1589</name>
  </trkpt>
  <trkpt lat="51.9915" lon="5.34017">
    <name>TP1590</name>
  </trkpt>
  <trkpt lat="51.99139" lon="5.34046">
    <name>TP1591</name>
  </trkpt>
  <trkpt lat="51.99128" lon="5.34076">
    <name>TP1592</name>
  </trkpt>
  <trkpt lat="51.99116" lon="5.34105">
    <name>TP1593</name>
  </trkpt>
  <trkpt lat="51.99096" lon="5.34159">
    <name>TP1594</name>
  </trkpt>
  <trkpt lat="51.99088" lon="5.34178">
    <name>TP1595</name>
  </trkpt>
  <trkpt lat="51.99069" lon="5.3423">
    <name>TP1596</name>
  </trkpt>
  <trkpt lat="51.99016" lon="5.34353">
    <name>TP1597</name>
  </trkpt>
  <trkpt lat="51.9899" lon="5.34412">
    <name>TP1598</name>
  </trkpt>
  <trkpt lat="51.9896" lon="5.34486">
    <name>TP1599</name>
  </trkpt>
  <trkpt lat="51.98954" lon="5.34498">
    <name>TP1600</name>
  </trkpt>
  <trkpt lat="51.98922" lon="5.34567">
    <name>TP1601</name>
  </trkpt>
  <trkpt lat="51.98907" lon="5.34599">
    <name>TP1602</name>
  </trkpt>
  <trkpt lat="51.9890686" lon="5.3459922">
    <name>TP1603</name>
  </trkpt>
  <trkpt lat="51.98977" lon="5.34686">
    <name>TP1604</name>
  </trkpt>
  <trkpt lat="51.99191" lon="5.34953">
    <name>TP1605</name>
  </trkpt>
  <trkpt lat="51.99192" lon="5.34954">
    <name>TP1606</name>
  </trkpt>
  <trkpt lat="51.99199" lon="5.34963">
    <name>TP1607</name>
  </trkpt>
  <trkpt lat="51.9949" lon="5.35327">
    <name>TP1608</name>
  </trkpt>
  <trkpt lat="51.99515" lon="5.35358">
    <name>TP1609</name>
  </trkpt>
  <trkpt lat="51.99541" lon="5.3539">
    <name>TP1610</name>
  </trkpt>
  <trkpt lat="51.99554" lon="5.35406">
    <name>TP1611</name>
  </trkpt>
  <trkpt lat="51.99567" lon="5.35423">
    <name>TP1612</name>
  </trkpt>
  <trkpt lat="51.99596" lon="5.35458">
    <name>TP1613</name>
  </trkpt>
  <trkpt lat="51.99601" lon="5.35464">
    <name>TP1614</name>
  </trkpt>
  <trkpt lat="51.99612" lon="5.35479">
    <name>TP1615</name>
  </trkpt>
  <trkpt lat="51.99658" lon="5.35535">
    <name>TP1616</name>
  </trkpt>
  <trkpt lat="51.99677" lon="5.35559">
    <name>TP1617</name>
  </trkpt>
  <trkpt lat="51.99696" lon="5.35583">
    <name>TP1618</name>
  </trkpt>
  <trkpt lat="51.99768" lon="5.3567">
    <name>TP1619</name>
  </trkpt>
  <trkpt lat="51.99797" lon="5.35705">
    <name>TP1620</name>
  </trkpt>
  <trkpt lat="51.9984" lon="5.35756">
    <name>TP1621</name>
  </trkpt>
  <trkpt lat="51.9983978" lon="5.3575624">
    <name>TP1622</name>
  </trkpt>
  <trkpt lat="51.99854" lon="5.35775">
    <name>TP1623</name>
  </trkpt>
  <trkpt lat="51.99869" lon="5.35794">
    <name>TP1624</name>
  </trkpt>
  <trkpt lat="51.99878" lon="5.35805">
    <name>TP1625</name>
  </trkpt>
  <trkpt lat="51.99886" lon="5.35816">
    <name>TP1626</name>
  </trkpt>
  <trkpt lat="51.99896" lon="5.35829">
    <name>TP1627</name>
  </trkpt>
  <trkpt lat="51.99906" lon="5.35842">
    <name>TP1628</name>
  </trkpt>
  <trkpt lat="51.9995" lon="5.35899">
    <name>TP1629</name>
  </trkpt>
  <trkpt lat="51.99994" lon="5.35955">
    <name>TP1630</name>
  </trkpt>
  <trkpt lat="52" lon="5.35963">
    <name>TP1631</name>
  </trkpt>
  <trkpt lat="52.00006" lon="5.35971">
    <name>TP1632</name>
  </trkpt>
  <trkpt lat="52.00017" lon="5.35986">
    <name>TP1633</name>
  </trkpt>
  <trkpt lat="52.00026" lon="5.35996">
    <name>TP1634</name>
  </trkpt>
  <trkpt lat="52.00039" lon="5.36013">
    <name>TP1635</name>
  </trkpt>
  <trkpt lat="52.00051" lon="5.3603">
    <name>TP1636</name>
  </trkpt>
  <trkpt lat="52.00078" lon="5.36064">
    <name>TP1637</name>
  </trkpt>
  <trkpt lat="52.00105" lon="5.36098">
    <name>TP1638</name>
  </trkpt>
  <trkpt lat="52.00121" lon="5.36119">
    <name>TP1639</name>
  </trkpt>
  <trkpt lat="52.00192" lon="5.36207">
    <name>TP1640</name>
  </trkpt>
  <trkpt lat="52.00307" lon="5.36349">
    <name>TP1641</name>
  </trkpt>
  <trkpt lat="52.00423" lon="5.36494">
    <name>TP1642</name>
  </trkpt>
  <trkpt lat="52.0065" lon="5.36777">
    <name>TP1643</name>
  </trkpt>
  <trkpt lat="52.00665" lon="5.36795">
    <name>TP1644</name>
  </trkpt>
  <trkpt lat="52.00758" lon="5.36911">
    <name>TP1645</name>
  </trkpt>
  <trkpt lat="52.0075784" lon="5.369108">
    <name>TP1646</name>
  </trkpt>
  <trkpt lat="52.00738" lon="5.36958">
    <name>TP1647</name>
  </trkpt>
  <trkpt lat="52.0071" lon="5.37024">
    <name>TP1648</name>
  </trkpt>
  <trkpt lat="52.00697" lon="5.37055">
    <name>TP1649</name>
  </trkpt>
  <trkpt lat="52.00669" lon="5.37117">
    <name>TP1650</name>
  </trkpt>
  <trkpt lat="52.00611" lon="5.37248">
    <name>TP1651</name>
  </trkpt>
  <trkpt lat="52.00509" lon="5.3748">
    <name>TP1652</name>
  </trkpt>
  <trkpt lat="52.00408" lon="5.37711">
    <name>TP1653</name>
  </trkpt>
  <trkpt lat="52.00401" lon="5.37728">
    <name>TP1654</name>
  </trkpt>
  <trkpt lat="52.00329" lon="5.37893">
    <name>TP1655</name>
  </trkpt>
  <trkpt lat="52.00249" lon="5.38076">
    <name>TP1656</name>
  </trkpt>
  <trkpt lat="52.0024927" lon="5.3807558">
    <name>TP1657</name>
  </trkpt>
  <trkpt lat="52.00362" lon="5.38264">
    <name>TP1658</name>
  </trkpt>
  <trkpt lat="52.00425" lon="5.38369">
    <name>TP1659</name>
  </trkpt>
  <trkpt lat="52.00437" lon="5.3839">
    <name>TP1660</name>
  </trkpt>
  <trkpt lat="52.00487" lon="5.38474">
    <name>TP1661</name>
  </trkpt>
  <trkpt lat="52.0055" lon="5.38579">
    <name>TP1662</name>
  </trkpt>
  <trkpt lat="52.00562" lon="5.386">
    <name>TP1663</name>
  </trkpt>
  <trkpt lat="52.00575" lon="5.38621">
    <name>TP1664</name>
  </trkpt>
  <trkpt lat="52.00612" lon="5.38684">
    <name>TP1665</name>
  </trkpt>
  <trkpt lat="52.00662" lon="5.38768">
    <name>TP1666</name>
  </trkpt>
  <trkpt lat="52.00687" lon="5.3881">
    <name>TP1667</name>
  </trkpt>
  <trkpt lat="52.007" lon="5.38831">
    <name>TP1668</name>
  </trkpt>
  <trkpt lat="52.00712" lon="5.38852">
    <name>TP1669</name>
  </trkpt>
  <trkpt lat="52.00723" lon="5.38869">
    <name>TP1670</name>
  </trkpt>
  <trkpt lat="52.00723" lon="5.38874">
    <name>TP1671</name>
  </trkpt>
  <trkpt lat="52.00733" lon="5.3896">
    <name>TP1672</name>
  </trkpt>
  <trkpt lat="52.00737" lon="5.38989">
    <name>TP1673</name>
  </trkpt>
  <trkpt lat="52.0074" lon="5.39018">
    <name>TP1674</name>
  </trkpt>
  <trkpt lat="52.0075" lon="5.39104">
    <name>TP1675</name>
  </trkpt>
  <trkpt lat="52.00753" lon="5.39133">
    <name>TP1676</name>
  </trkpt>
  <trkpt lat="52.00756" lon="5.39161">
    <name>TP1677</name>
  </trkpt>
  <trkpt lat="52.0076" lon="5.3919">
    <name>TP1678</name>
  </trkpt>
  <trkpt lat="52.00763" lon="5.39219">
    <name>TP1679</name>
  </trkpt>
  <trkpt lat="52.00766" lon="5.39248">
    <name>TP1680</name>
  </trkpt>
  <trkpt lat="52.0077" lon="5.39276">
    <name>TP1681</name>
  </trkpt>
  <trkpt lat="52.00773" lon="5.39305">
    <name>TP1682</name>
  </trkpt>
  <trkpt lat="52.00776" lon="5.39334">
    <name>TP1683</name>
  </trkpt>
  <trkpt lat="52.0078" lon="5.39363">
    <name>TP1684</name>
  </trkpt>
  <trkpt lat="52.00786" lon="5.39404">
    <name>TP1685</name>
  </trkpt>
  <trkpt lat="52.00791" lon="5.39432">
    <name>TP1686</name>
  </trkpt>
  <trkpt lat="52.00795" lon="5.39461">
    <name>TP1687</name>
  </trkpt>
  <trkpt lat="52.008" lon="5.39489">
    <name>TP1688</name>
  </trkpt>
  <trkpt lat="52.00804" lon="5.39517">
    <name>TP1689</name>
  </trkpt>
  <trkpt lat="52.00808" lon="5.39539">
    <name>TP1690</name>
  </trkpt>
  <trkpt lat="52.00809" lon="5.39545">
    <name>TP1691</name>
  </trkpt>
  <trkpt lat="52.00818" lon="5.39602">
    <name>TP1692</name>
  </trkpt>
  <trkpt lat="52.00823" lon="5.3963">
    <name>TP1693</name>
  </trkpt>
  <trkpt lat="52.00827" lon="5.39659">
    <name>TP1694</name>
  </trkpt>
  <trkpt lat="52.00832" lon="5.39687">
    <name>TP1695</name>
  </trkpt>
  <trkpt lat="52.00836" lon="5.39715">
    <name>TP1696</name>
  </trkpt>
  <trkpt lat="52.00846" lon="5.39763">
    <name>TP1697</name>
  </trkpt>
  <trkpt lat="52.00849" lon="5.39773">
    <name>TP1698</name>
  </trkpt>
  <trkpt lat="52.00854" lon="5.39789">
    <name>TP1699</name>
  </trkpt>
  <trkpt lat="52.00867" lon="5.39827">
    <name>TP1700</name>
  </trkpt>
  <trkpt lat="52.00873" lon="5.39839">
    <name>TP1701</name>
  </trkpt>
  <trkpt lat="52.0087297" lon="5.3983888">
    <name>TP1702</name>
  </trkpt>
  <trkpt lat="52.00911" lon="5.39901">
    <name>TP1703</name>
  </trkpt>
  <trkpt lat="52.00923" lon="5.39922">
    <name>TP1704</name>
  </trkpt>
  <trkpt lat="52.00924" lon="5.39923">
    <name>TP1705</name>
  </trkpt>
  <trkpt lat="52.00931" lon="5.39949">
    <name>TP1706</name>
  </trkpt>
  <trkpt lat="52.00931" lon="5.39951">
    <name>TP1707</name>
  </trkpt>
  <trkpt lat="52.00934" lon="5.39959">
    <name>TP1708</name>
  </trkpt>
  <trkpt lat="52.0094" lon="5.39982">
    <name>TP1709</name>
  </trkpt>
  <trkpt lat="52.00948" lon="5.40012">
    <name>TP1710</name>
  </trkpt>
  <trkpt lat="52.01001" lon="5.40073">
    <name>TP1711</name>
  </trkpt>
  <trkpt lat="52.01044" lon="5.40144">
    <name>TP1712</name>
  </trkpt>
  <trkpt lat="52.01047" lon="5.40149">
    <name>TP1713</name>
  </trkpt>
  <trkpt lat="52.01055" lon="5.40163">
    <name>TP1714</name>
  </trkpt>
  <trkpt lat="52.01057" lon="5.40165">
    <name>TP1715</name>
  </trkpt>
  <trkpt lat="52.01063" lon="5.40177">
    <name>TP1716</name>
  </trkpt>
  <trkpt lat="52.01107" lon="5.40249">
    <name>TP1717</name>
  </trkpt>
  <trkpt lat="52.01132" lon="5.40291">
    <name>TP1718</name>
  </trkpt>
  <trkpt lat="52.01144" lon="5.40312">
    <name>TP1719</name>
  </trkpt>
  <trkpt lat="52.01157" lon="5.40333">
    <name>TP1720</name>
  </trkpt>
  <trkpt lat="52.01182" lon="5.40375">
    <name>TP1721</name>
  </trkpt>
  <trkpt lat="52.01187" lon="5.40384">
    <name>TP1722</name>
  </trkpt>
  <trkpt lat="52.01193" lon="5.40398">
    <name>TP1723</name>
  </trkpt>
  <trkpt lat="52.01222" lon="5.40459">
    <name>TP1724</name>
  </trkpt>
  <trkpt lat="52.01226" lon="5.40468">
    <name>TP1725</name>
  </trkpt>
  <trkpt lat="52.01237" lon="5.40491">
    <name>TP1726</name>
  </trkpt>
  <trkpt lat="52.0124" lon="5.40497">
    <name>TP1727</name>
  </trkpt>
  <trkpt lat="52.01245" lon="5.40517">
    <name>TP1728</name>
  </trkpt>
  <trkpt lat="52.01252" lon="5.40543">
    <name>TP1729</name>
  </trkpt>
  <trkpt lat="52.01257" lon="5.40566">
    <name>TP1730</name>
  </trkpt>
  <trkpt lat="52.01258" lon="5.40571">
    <name>TP1731</name>
  </trkpt>
  <trkpt lat="52.01262" lon="5.40599">
    <name>TP1732</name>
  </trkpt>
  <trkpt lat="52.01266" lon="5.40628">
    <name>TP1733</name>
  </trkpt>
  <trkpt lat="52.01267" lon="5.40636">
    <name>TP1734</name>
  </trkpt>
  <trkpt lat="52.01263" lon="5.40686">
    <name>TP1735</name>
  </trkpt>
  <trkpt lat="52.01262" lon="5.40703">
    <name>TP1736</name>
  </trkpt>
  <trkpt lat="52.01251" lon="5.40738">
    <name>TP1737</name>
  </trkpt>
  <trkpt lat="52.01247" lon="5.40743">
    <name>TP1738</name>
  </trkpt>
  <trkpt lat="52.01242" lon="5.40749">
    <name>TP1739</name>
  </trkpt>
  <trkpt lat="52.0124206" lon="5.4074879">
    <name>TP1740</name>
  </trkpt>
  <trkpt lat="52.01267" lon="5.4079">
    <name>TP1741</name>
  </trkpt>
  <trkpt lat="52.0128" lon="5.40811">
    <name>TP1742</name>
  </trkpt>
  <trkpt lat="52.01293" lon="5.40832">
    <name>TP1743</name>
  </trkpt>
  <trkpt lat="52.01318" lon="5.40873">
    <name>TP1744</name>
  </trkpt>
  <trkpt lat="52.01369" lon="5.40957">
    <name>TP1745</name>
  </trkpt>
  <trkpt lat="52.01387" lon="5.40987">
    <name>TP1746</name>
  </trkpt>
  <trkpt lat="52.01394" lon="5.40998">
    <name>TP1747</name>
  </trkpt>
  <trkpt lat="52.01406" lon="5.41019">
    <name>TP1748</name>
  </trkpt>
  <trkpt lat="52.01419" lon="5.4104">
    <name>TP1749</name>
  </trkpt>
  <trkpt lat="52.01432" lon="5.4106">
    <name>TP1750</name>
  </trkpt>
  <trkpt lat="52.01444" lon="5.41081">
    <name>TP1751</name>
  </trkpt>
  <trkpt lat="52.01495" lon="5.41164">
    <name>TP1752</name>
  </trkpt>
  <trkpt lat="52.01532" lon="5.41224">
    <name>TP1753</name>
  </trkpt>
  <trkpt lat="52.01588" lon="5.41326">
    <name>TP1754</name>
  </trkpt>
  <trkpt lat="52.01593" lon="5.41334">
    <name>TP1755</name>
  </trkpt>
  <trkpt lat="52.01612" lon="5.41369">
    <name>TP1756</name>
  </trkpt>
  <trkpt lat="52.01616" lon="5.41374">
    <name>TP1757</name>
  </trkpt>
  <trkpt lat="52.01634" lon="5.414">
    <name>TP1758</name>
  </trkpt>
  <trkpt lat="52.01647" lon="5.41413">
    <name>TP1759</name>
  </trkpt>
  <trkpt lat="52.016474" lon="5.4141259">
    <name>TP1760</name>
  </trkpt>
  <trkpt lat="52.01646" lon="5.41415">
    <name>TP1761</name>
  </trkpt>
  <trkpt lat="52.01645" lon="5.41418">
    <name>TP1762</name>
  </trkpt>
  <trkpt lat="52.01644" lon="5.41422">
    <name>TP1763</name>
  </trkpt>
  <trkpt lat="52.01643" lon="5.41425">
    <name>TP1764</name>
  </trkpt>
  <trkpt lat="52.01643" lon="5.41429">
    <name>TP1765</name>
  </trkpt>
  <trkpt lat="52.01643" lon="5.41432">
    <name>TP1766</name>
  </trkpt>
  <trkpt lat="52.01644" lon="5.41435">
    <name>TP1767</name>
  </trkpt>
  <trkpt lat="52.01644" lon="5.41437">
    <name>TP1768</name>
  </trkpt>
  <trkpt lat="52.01645" lon="5.4144">
    <name>TP1769</name>
  </trkpt>
  <trkpt lat="52.01647" lon="5.41443">
    <name>TP1770</name>
  </trkpt>
  <trkpt lat="52.01648" lon="5.41445">
    <name>TP1771</name>
  </trkpt>
  <trkpt lat="52.01639" lon="5.4146">
    <name>TP1772</name>
  </trkpt>
  <trkpt lat="52.01636" lon="5.41467">
    <name>TP1773</name>
  </trkpt>
  <trkpt lat="52.01629" lon="5.41487">
    <name>TP1774</name>
  </trkpt>
  <trkpt lat="52.01627" lon="5.41492">
    <name>TP1775</name>
  </trkpt>
  <trkpt lat="52.01615" lon="5.4153">
    <name>TP1776</name>
  </trkpt>
  <trkpt lat="52.01608" lon="5.41545">
    <name>TP1777</name>
  </trkpt>
  <trkpt lat="52.01599" lon="5.41578">
    <name>TP1778</name>
  </trkpt>
  <trkpt lat="52.01566" lon="5.41679">
    <name>TP1779</name>
  </trkpt>
  <trkpt lat="52.01559" lon="5.417">
    <name>TP1780</name>
  </trkpt>
  <trkpt lat="52.0155898" lon="5.4170015">
    <name>TP1781</name>
  </trkpt>
  </trkseg>
</trk>
</gpx>